tree_id,record_type,source,label,project,SampleID,TreeCluster_branch,Frequency,clade,country,date,cluster_size,AU_barcode_class,US_barcode_class
NG2026_Grep00006,global_consensus_representative,Nextstrain_2026_global,PP_0016JJ0,global,PP_0016JJ0,,,A.D,Philippines,2012-12-XX,5,AU_other_complete,US_C18_like
NG2026_Grep00010,global_consensus_representative,Nextstrain_2026_global,PP_0016JPQ,global,PP_0016JPQ,,,A.D,Philippines,2013-01-XX,1,AU_other_complete,US_C18_like
NG2026_Grep00012,global_consensus_representative,Nextstrain_2026_global,PP_001778W,global,PP_001778W,,,A.3,China,XXXX-XX-XX,2,AU_ambiguous,US_other_complete
NG2026_Grep00013,global_consensus_representative,Nextstrain_2026_global,PP_00177AS,global,PP_00177AS,,,A.3,China,XXXX-XX-XX,1,AU_ambiguous,US_other_complete
NG2026_Grep00015,global_consensus_representative,Nextstrain_2026_global,PP_00194PY,global,PP_00194PY,,,A.3,USA,1998-01-06,1,AU_ambiguous,US_ambiguous
NG2026_Grep00017,global_consensus_representative,Nextstrain_2026_global,PP_00194UN,global,PP_00194UN,,,A.3,USA,1998-05-17,1,AU_ambiguous,US_ambiguous
NG2026_Grep00018,global_consensus_representative,Nextstrain_2026_global,PP_00197VH,global,PP_00197VH,,,A.D,Canada,2010-12-29,4,AU_other_complete,US_C18_like
NG2026_Grep00023,global_consensus_representative,Nextstrain_2026_global,PP_0019D4U,global,PP_0019D4U,,,A.2.1,Netherlands,2001-01-24,1,AU_ambiguous,US_other_complete
NG2026_Grep00025,global_consensus_representative,Nextstrain_2026_global,PP_0019DVB,global,PP_0019DVB,,,A.2.1.1,Netherlands,2006-01-02,1,AU_ambiguous,US_other_complete
NG2026_Grep00028,global_consensus_representative,Nextstrain_2026_global,PP_0019EE7,global,PP_0019EE7,,,A.2.1,USA,2000-03-04,1,AU_ambiguous,US_other_complete
NG2026_Grep00029,global_consensus_representative,Nextstrain_2026_global,PP_0019ED9,global,PP_0019ED9,,,A.2.1,USA,1998-12-12,1,AU_ambiguous,US_other_complete
NG2026_Grep00031,global_consensus_representative,Nextstrain_2026_global,PP_0019HZZ,global,PP_0019HZZ,,,A.2,USA,1991-01-XX,1,AU_ambiguous,US_other_complete
NG2026_Grep00037,global_consensus_representative,Nextstrain_2026_global,PP_0019JAB,global,PP_0019JAB,,,A.2.1,USA,2004-12-XX,3,AU_ambiguous,US_other_complete
NG2026_Grep00038,global_consensus_representative,Nextstrain_2026_global,PP_0019JF1,global,PP_0019JF1,,,A.2.1.1,USA,2004-12-XX,1,AU_ambiguous,US_other_complete
NG2026_Grep00039,global_consensus_representative,Nextstrain_2026_global,PP_0019JJU,global,PP_0019JJU,,,A.2.1,USA,2005-01-XX,1,AU_ambiguous,US_ambiguous
NG2026_Grep00040,global_consensus_representative,Nextstrain_2026_global,PP_0019JPJ,global,PP_0019JPJ,,,A,Australia,1961-XX-XX,1,AU_ambiguous,US_other_complete
NG2026_Grep00041,global_consensus_representative,Nextstrain_2026_global,PP_0019UT0,global,PP_0019UT0,,,A.D,South Korea,2011-12-27,6,AU_other_complete,US_C18_like
NG2026_Grep00084,global_consensus_representative,Nextstrain_2026_global,PP_001BBE6,global,PP_001BBE6,,,A.D,Spain,2012-12-13,3,AU_other_complete,US_other_complete
NG2026_Grep00090,global_consensus_representative,Nextstrain_2026_global,PP_001BC9F,global,PP_001BC9F,,,A.2.1.1,USA,2002-XX-XX,19,AU_ambiguous,US_other_complete
NG2026_Grep00093,global_consensus_representative,Nextstrain_2026_global,PP_001BKV1,global,PP_001BKV1,,,A.2.1,USA,2002-XX-XX,1,AU_ambiguous,US_other_complete
NG2026_Grep00094,global_consensus_representative,Nextstrain_2026_global,PP_001BKYV,global,PP_001BKYV,,,A.2.1.1,USA,2002-XX-XX,1,AU_C4_like,US_other_complete
NG2026_Grep00097,global_consensus_representative,Nextstrain_2026_global,PP_001BLFV,global,PP_001BLFV,,,A.2.1,USA,2001-XX-XX,7,AU_ambiguous,US_other_complete
NG2026_Grep00098,global_consensus_representative,Nextstrain_2026_global,PP_001BLKL,global,PP_001BLKL,,,A.2.1,USA,2001-XX-XX,2,AU_ambiguous,US_other_complete
NG2026_Grep00099,global_consensus_representative,Nextstrain_2026_global,PP_001BLMG,global,PP_001BLMG,,,A.2.1,USA,2001-XX-XX,3,AU_ambiguous,US_other_complete
NG2026_Grep00100,global_consensus_representative,Nextstrain_2026_global,PP_001BLR8,global,PP_001BLR8,,,A.2.1,USA,2001-XX-XX,3,AU_ambiguous,US_other_complete
NG2026_Grep00101,global_consensus_representative,Nextstrain_2026_global,PP_001BLU2,global,PP_001BLU2,,,A.2.1,USA,2001-XX-XX,3,AU_ambiguous,US_other_complete
NG2026_Grep00103,global_consensus_representative,Nextstrain_2026_global,PP_001BM0Q,global,PP_001BM0Q,,,A.2.1,USA,2001-XX-XX,2,AU_ambiguous,US_other_complete
NG2026_Grep00106,global_consensus_representative,Nextstrain_2026_global,PP_001BMB2,global,PP_001BMB2,,,A.2.1,USA,2001-XX-XX,6,AU_ambiguous,US_other_complete
NG2026_Grep00107,global_consensus_representative,Nextstrain_2026_global,PP_001BMHP,global,PP_001BMHP,,,A.2.1,USA,2001-XX-XX,2,AU_ambiguous,US_other_complete
NG2026_Grep00108,global_consensus_representative,Nextstrain_2026_global,PP_001BMKK,global,PP_001BMKK,,,A.2.1,USA,2001-XX-XX,2,AU_ambiguous,US_other_complete
NG2026_Grep00109,global_consensus_representative,Nextstrain_2026_global,PP_001BMND,global,PP_001BMND,,,A.2.1,USA,2001-XX-XX,1,AU_ambiguous,US_other_complete
NG2026_Grep00111,global_consensus_representative,Nextstrain_2026_global,PP_001BN2K,global,PP_001BN2K,,,A.2.1,USA,2003-XX-XX,4,AU_ambiguous,US_other_complete
NG2026_Grep00112,global_consensus_representative,Nextstrain_2026_global,PP_001BN87,global,PP_001BN87,,,A.2.1,USA,2003-XX-XX,1,AU_ambiguous,US_other_complete
NG2026_Grep00115,global_consensus_representative,Nextstrain_2026_global,PP_001BNGR,global,PP_001BNGR,,,A.2.1,USA,2012-XX-XX,122,AU_ambiguous,US_other_complete
NG2026_Grep00116,global_consensus_representative,Nextstrain_2026_global,PP_001BPHM,global,PP_001BPHM,,,A.2.1,USA,2013-XX-XX,1,AU_ambiguous,US_other_complete
NG2026_Grep00117,global_consensus_representative,Nextstrain_2026_global,PP_001BQET,global,PP_001BQET,,,A.2.1,USA,2013-XX-XX,1,AU_ambiguous,US_other_complete
NG2026_Grep00136,global_consensus_representative,Nextstrain_2026_global,PP_001BW39,global,PP_001BW39,,,A.1,USA,1989-XX-XX,1,AU_ambiguous,US_ambiguous
NG2026_Grep00138,global_consensus_representative,Nextstrain_2026_global,PP_001BWAV,global,PP_001BWAV,,,A.1,USA,1990-XX-XX,1,AU_ambiguous,US_ambiguous
NG2026_Grep00146,global_consensus_representative,Nextstrain_2026_global,PP_001C405,global,PP_001C405,,,A.D,Spain,2014-01-01,4,AU_other_complete,US_C18_like
NG2026_Grep00180,global_consensus_representative,Nextstrain_2026_global,PP_001C5RM,global,PP_001C5RM,,,A.D,China,2013-11-XX,19,AU_other_complete,US_C18_like
NG2026_Grep00183,global_consensus_representative,Nextstrain_2026_global,PP_001C5WB,global,PP_001C5WB,,,A.D,China,2013-12-XX,8,AU_other_complete,US_C18_like
NG2026_Grep00190,global_consensus_representative,Nextstrain_2026_global,PP_001C6DB,global,PP_001C6DB,,,A.D,China,2014-01-XX,5,AU_other_complete,US_C18_like
NG2026_Grep00197,global_consensus_representative,Nextstrain_2026_global,PP_001C6VC,global,PP_001C6VC,,,A.D,China,2014-02-XX,5,AU_other_complete,US_C18_like
NG2026_Grep00216,global_consensus_representative,Nextstrain_2026_global,PP_001CBV7,global,PP_001CBV7,,,A,USA,1994-XX-XX,1,AU_ambiguous,US_ambiguous
NG2026_Grep00217,global_consensus_representative,Nextstrain_2026_global,PP_001CBW5,global,PP_001CBW5,,,A.2,USA,1995-XX-XX,2,AU_ambiguous,US_other_complete
NG2026_Grep00218,global_consensus_representative,Nextstrain_2026_global,PP_001CBY1,global,PP_001CBY1,,,A.2,USA,1991-XX-XX,1,AU_ambiguous,US_other_complete
NG2026_Grep00220,global_consensus_representative,Nextstrain_2026_global,PP_001CC8F,global,PP_001CC8F,,,A.2.1,USA,1997-XX-XX,1,AU_ambiguous,US_other_complete
NG2026_Grep00221,global_consensus_representative,Nextstrain_2026_global,PP_001CC9D,global,PP_001CC9D,,,A.2,USA,1992-XX-XX,1,AU_ambiguous,US_other_complete
NG2026_Grep00232,global_consensus_representative,Nextstrain_2026_global,PP_001CR66,global,PP_001CR66,,,A.D,Spain,2014-11-29,16,AU_other_complete,US_other_complete
NG2026_Grep00264,global_consensus_representative,Nextstrain_2026_global,PP_001DHU1,global,PP_001DHU1,,,A.1,USA,1992-XX-XX,1,AU_ambiguous,US_ambiguous
NG2026_Grep00265,global_consensus_representative,Nextstrain_2026_global,PP_001DHYT,global,PP_001DHYT,,,A.1,USA,1989-XX-XX,1,AU_ambiguous,US_ambiguous
NG2026_Grep00266,global_consensus_representative,Nextstrain_2026_global,PP_001DJ2K,global,PP_001DJ2K,,,A.1,USA,1992-XX-XX,1,AU_ambiguous,US_ambiguous
NG2026_Grep00267,global_consensus_representative,Nextstrain_2026_global,PP_001DK5C,global,PP_001DK5C,,,A.2.1,USA,1998-XX-XX,1,AU_ambiguous,US_other_complete
NG2026_Grep00268,global_consensus_representative,Nextstrain_2026_global,PP_001DQUU,global,PP_001DQUU,,,A.D,USA,2013-11-11,16,AU_other_complete,US_C18_like
NG2026_Grep00269,global_consensus_representative,Nextstrain_2026_global,PP_001DQXN,global,PP_001DQXN,,,A.D,USA,2013-11-26,2,AU_other_complete,US_C18_like
NG2026_Grep00271,global_consensus_representative,Nextstrain_2026_global,PP_001DRSX,global,PP_001DRSX,,,A.D,USA,2013-08-07,5,AU_other_complete,US_C18_like
NG2026_Grep00272,global_consensus_representative,Nextstrain_2026_global,PP_001DRTV,global,PP_001DRTV,,,A.D.2.2,USA,2013-12-19,4,AU_other_complete,US_C18_like
NG2026_Grep00278,global_consensus_representative,Nextstrain_2026_global,PP_001DS71,global,PP_001DS71,,,A.D.2,USA,2012-11-20,2,AU_other_complete,US_C18_like
NG2026_Grep00280,global_consensus_representative,Nextstrain_2026_global,PP_001DSBT,global,PP_001DSBT,,,A.D,USA,2012-09-12,6,AU_other_complete,US_other_complete
NG2026_Grep00346,global_consensus_representative,Nextstrain_2026_global,PP_001F6MN,global,PP_001F6MN,,,A.3.1,Jordan,2011-04-18,1,AU_other_complete,US_C18_like
NG2026_Grep00347,global_consensus_representative,Nextstrain_2026_global,PP_001F6V6,global,PP_001F6V6,,,A.D.5,New Zealand,2015-06-18,2,AU_other_complete,US_other_complete
NG2026_Grep00348,global_consensus_representative,Nextstrain_2026_global,PP_001F6W4,global,PP_001F6W4,,,A.D,New Zealand,2015-06-28,10,AU_other_complete,US_C18_like
NG2026_Grep00349,global_consensus_representative,Nextstrain_2026_global,PP_001F6Y0,global,PP_001F6Y0,,,A.3.1.1,New Zealand,2011-09-18,3,AU_other_complete,US_C18_like
NG2026_Grep00354,global_consensus_representative,Nextstrain_2026_global,PP_001F7NK,global,PP_001F7NK,,,A.3.1.1,New Zealand,2012-08-07,1,AU_other_complete,US_C18_like
NG2026_Grep00355,global_consensus_representative,Nextstrain_2026_global,PP_001F7QF,global,PP_001F7QF,,,A.3.1.1,New Zealand,2011-07-06,1,AU_other_complete,US_C18_like
NG2026_Grep00356,global_consensus_representative,Nextstrain_2026_global,PP_001F7SB,global,PP_001F7SB,,,A.D,New Zealand,2013-08-26,3,AU_other_complete,US_C18_like
NG2026_Grep00357,global_consensus_representative,Nextstrain_2026_global,PP_001F7T9,global,PP_001F7T9,,,A.D,New Zealand,2015-06-24,1,AU_C4_like,US_C18_like
NG2026_Grep00360,global_consensus_representative,Nextstrain_2026_global,PP_001F86H,global,PP_001F86H,,,A.3.1.1,New Zealand,2012-08-22,1,AU_other_complete,US_C18_like
NG2026_Grep00385,global_consensus_representative,Nextstrain_2026_global,PP_001FXWD,global,PP_001FXWD,,,A.D,Argentina,2015-04-30,2,AU_C4_like,US_C18_like
NG2026_Grep00387,global_consensus_representative,Nextstrain_2026_global,PP_001FZDC,global,PP_001FZDC,,,A.2.1,USA,2015-XX-XX,2,AU_ambiguous,US_other_complete
NG2026_Grep00389,global_consensus_representative,Nextstrain_2026_global,PP_001GKN5,global,PP_001GKN5,,,A.D,USA,2014-04-03,1,AU_other_complete,US_other_complete
NG2026_Grep00429,global_consensus_representative,Nextstrain_2026_global,PP_001GXEA,global,PP_001GXEA,,,A.D,Japan,2021-10-04,4,AU_other_complete,US_C18_like
NG2026_Grep00464,global_consensus_representative,Nextstrain_2026_global,PP_001GYY6,global,PP_001GYY6,,,A.D.2.2,Japan,2019-08-02,1,AU_other_complete,US_C18_like
NG2026_Grep00475,global_consensus_representative,Nextstrain_2026_global,PP_001GZUD,global,PP_001GZUD,,,A.D.2.2.1,United Kingdom,2017-12-19,3,AU_other_complete,US_C18_like
NG2026_Grep00488,global_consensus_representative,Nextstrain_2026_global,PP_001H4T7,global,PP_001H4T7,,,A.D,China,2013-02-07,5,AU_other_complete,US_C18_like
NG2026_Grep00492,global_consensus_representative,Nextstrain_2026_global,PP_001H50T,global,PP_001H50T,,,A.D,China,2012-10-07,8,AU_other_complete,US_C18_like
NG2026_Grep00495,global_consensus_representative,Nextstrain_2026_global,PP_001H56F,global,PP_001H56F,,,A.D,China,2013-11-28,4,AU_other_complete,US_C18_like
NG2026_Grep00518,global_consensus_representative,Nextstrain_2026_global,PP_001HRRQ,global,PP_001HRRQ,,,A.D.2,Mexico,2011-03-XX,1,AU_C4_like,US_C18_like
NG2026_Grep00520,global_consensus_representative,Nextstrain_2026_global,PP_001HSCG,global,PP_001HSCG,,,A.2,USA,1994-XX-XX,2,AU_ambiguous,US_other_complete
NG2026_Grep00521,global_consensus_representative,Nextstrain_2026_global,PP_001HSXB,global,PP_001HSXB,,,A.D,Argentina,2016-06-13,12,AU_other_complete,US_C18_like
NG2026_Grep00523,global_consensus_representative,Nextstrain_2026_global,PP_001HT3Z,global,PP_001HT3Z,,,A.D,USA,2012-02-13,4,AU_other_complete,US_C18_like
NG2026_Grep00524,global_consensus_representative,Nextstrain_2026_global,PP_001HT5V,global,PP_001HT5V,,,A.D,USA,2012-10-26,6,AU_other_complete,US_C18_like
NG2026_Grep00528,global_consensus_representative,Nextstrain_2026_global,PP_001HTDD,global,PP_001HTDD,,,A.D,USA,2012-11-13,5,AU_other_complete,US_C18_like
NG2026_Grep00570,global_consensus_representative,Nextstrain_2026_global,PP_001JFWN,global,PP_001JFWN,,,A.D,Kenya,2012-11-15,2,AU_other_complete,US_other_complete
NG2026_Grep00586,global_consensus_representative,Nextstrain_2026_global,PP_001JHAT,global,PP_001JHAT,,,A.D.4,Kenya,2013-10-12,5,AU_other_complete,US_other_complete
NG2026_Grep00589,global_consensus_representative,Nextstrain_2026_global,PP_001JHGF,global,PP_001JHGF,,,A.D.4,Kenya,2013-11-19,1,AU_other_complete,US_other_complete
NG2026_Grep00604,global_consensus_representative,Nextstrain_2026_global,PP_001JJ44,global,PP_001JJ44,,,A.D.4,Kenya,2014-12-18,4,AU_other_complete,US_other_complete
NG2026_Grep00606,global_consensus_representative,Nextstrain_2026_global,PP_001JJ60,global,PP_001JJ60,,,A.D.4,Kenya,2014-12-21,3,AU_other_complete,US_C21_like
NG2026_Grep00609,global_consensus_representative,Nextstrain_2026_global,PP_001JJCN,global,PP_001JJCN,,,A.D.4,Kenya,2014-12-31,2,AU_other_complete,US_other_complete
NG2026_Grep00618,global_consensus_representative,Nextstrain_2026_global,PP_001JJWK,global,PP_001JJWK,,,A.D.4,Kenya,2015-03-08,2,AU_other_complete,US_other_complete
NG2026_Grep00621,global_consensus_representative,Nextstrain_2026_global,PP_001JK19,global,PP_001JK19,,,A.D.4,Kenya,2015-04-08,1,AU_other_complete,US_C21_like
NG2026_Grep00622,global_consensus_representative,Nextstrain_2026_global,PP_001JK35,global,PP_001JK35,,,A.D.4,Kenya,2015-04-17,1,AU_other_complete,US_other_complete
NG2026_Grep00623,global_consensus_representative,Nextstrain_2026_global,PP_001JK51,global,PP_001JK51,,,A.D.4,Kenya,2016-02-17,1,AU_other_complete,US_other_complete
NG2026_Grep00636,global_consensus_representative,Nextstrain_2026_global,PP_001JP07,global,PP_001JP07,,,A.D,Thailand,2016-09-01,1,AU_other_complete,US_C18_like
NG2026_Grep00649,global_consensus_representative,Nextstrain_2026_global,PP_001JW5Q,global,PP_001JW5Q,,,A.D,Australia,2016-11-10,1,AU_C4_like,US_C18_like
NG2026_Grep00653,global_consensus_representative,Nextstrain_2026_global,PP_001JWAE,global,PP_001JWAE,,,A.D.2.2.1,Australia,2016-10-13,1,AU_other_complete,US_C18_like
NG2026_Grep00659,global_consensus_representative,Nextstrain_2026_global,PP_001JWHZ,global,PP_001JWHZ,,,A.D.2.2,Australia,2016-08-15,1,AU_other_complete,US_C18_like
NG2026_Grep00668,global_consensus_representative,Nextstrain_2026_global,PP_001JWV9,global,PP_001JWV9,,,A.D,Australia,2016-09-16,1,AU_C4_like,US_C18_like
NG2026_Grep00672,global_consensus_representative,Nextstrain_2026_global,PP_001JX1X,global,PP_001JX1X,,,A.D,Australia,2014-08-06,1,AU_C4_like,US_C18_like
NG2026_Grep00719,global_consensus_representative,Nextstrain_2026_global,PP_001K7A1,global,PP_001K7A1,,,A.D.2.2,Nicaragua,2016-11-03,3,AU_other_complete,US_other_complete
NG2026_Grep00722,global_consensus_representative,Nextstrain_2026_global,PP_001K7GP,global,PP_001K7GP,,,A.D.2,Nicaragua,2016-09-30,1,AU_C4_like,US_C21_like
NG2026_Grep00724,global_consensus_representative,Nextstrain_2026_global,PP_001K7MC,global,PP_001K7MC,,,A.D.3,China,2018-XX-XX,5,AU_other_complete,US_C18_like
NG2026_Grep00735,global_consensus_representative,Nextstrain_2026_global,PP_001K7XS,global,PP_001K7XS,,,A.D.5,China,2018-XX-XX,1,AU_other_complete,US_other_complete
NG2026_Grep00794,global_consensus_representative,Nextstrain_2026_global,PP_001KFUQ,global,PP_001KFUQ,,,A.D,Saudi Arabia,2017-01-01,1,AU_other_complete,US_C18_like
NG2026_Grep00803,global_consensus_representative,Nextstrain_2026_global,PP_001KG52,global,PP_001KG52,,,A.D.5,Saudi Arabia,2017-01-01,2,AU_other_complete,US_other_complete
NG2026_Grep00814,global_consensus_representative,Nextstrain_2026_global,PP_001KGHB,global,PP_001KGHB,,,A.D.5,Saudi Arabia,2017-01-01,1,AU_other_complete,US_other_complete
NG2026_Grep00826,global_consensus_representative,Nextstrain_2026_global,PP_001KHL4,global,PP_001KHL4,,,A.D,USA,2015-XX-XX,1,AU_C4_like,US_C18_like
NG2026_Grep00827,global_consensus_representative,Nextstrain_2026_global,PP_001KHM2,global,PP_001KHM2,,,A.D,USA,2015-XX-XX,1,AU_C4_like,US_C18_like
NG2026_Grep00828,global_consensus_representative,Nextstrain_2026_global,PP_001KHRU,global,PP_001KHRU,,,A.D,USA,2015-XX-XX,1,AU_C4_like,US_C18_like
NG2026_Grep00839,global_consensus_representative,Nextstrain_2026_global,PP_001KJCL,global,PP_001KJCL,,,A.D.4,USA,2016-03-15,1,AU_other_complete,US_other_complete
NG2026_Grep00854,global_consensus_representative,Nextstrain_2026_global,PP_001L3KJ,global,PP_001L3KJ,,,A.D.5,India,2016-08-11,1,AU_other_complete,US_other_complete
NG2026_Grep00868,global_consensus_representative,Nextstrain_2026_global,PP_001LA64,global,PP_001LA64,,,A.D.5,Australia,2017-09-01,1,AU_other_complete,US_other_complete
NG2026_Grep00870,global_consensus_representative,Nextstrain_2026_global,PP_001LA72,global,PP_001LA72,,,A.D,Australia,2017-03-03,2,AU_C4_like,US_C18_like
NG2026_Grep00873,global_consensus_representative,Nextstrain_2026_global,PP_001LAAW,global,PP_001LAAW,,,A.D,Australia,2017-11-04,4,AU_other_complete,US_C18_like
NG2026_Grep00879,global_consensus_representative,Nextstrain_2026_global,PP_001LAKB,global,PP_001LAKB,,,A.D,Australia,2017-11-04,1,AU_C4_like,US_C18_like
NG2026_Grep00880,global_consensus_representative,Nextstrain_2026_global,PP_001LAN5,global,PP_001LAN5,,,A.D.2.2,Australia,2017-05-25,1,AU_other_complete,US_other_complete
NG2026_Grep00884,global_consensus_representative,Nextstrain_2026_global,PP_001LATV,global,PP_001LATV,,,A.D.2.2,Australia,2016-11-10,1,AU_other_complete,US_C18_like
NG2026_Grep00885,global_consensus_representative,Nextstrain_2026_global,PP_001LASX,global,PP_001LASX,,,A.D.2.2,Australia,2016-12-15,1,AU_other_complete,US_C18_like
NG2026_Grep00905,global_consensus_representative,Nextstrain_2026_global,PP_001LC70,global,PP_001LC70,,,A.D,China,2017-12-08,5,AU_other_complete,US_C18_like
NG2026_Grep00925,global_consensus_representative,Nextstrain_2026_global,PP_001M1EV,global,PP_001M1EV,,,A.D,Germany,2015-03-15,2,AU_C4_like,US_C18_like
NG2026_Grep00935,global_consensus_representative,Nextstrain_2026_global,PP_001MFL2,global,PP_001MFL2,,,A.D,China,2014-XX-XX,5,AU_other_complete,US_C18_like
NG2026_Grep00938,global_consensus_representative,Nextstrain_2026_global,PP_001MJXB,global,PP_001MJXB,,,A.D,Taiwan,2018-XX-XX,5,AU_other_complete,US_C18_like
NG2026_Grep00962,global_consensus_representative,Nextstrain_2026_global,PP_001MKQQ,global,PP_001MKQQ,,,A.D.1,Taiwan,2018-XX-XX,1,AU_other_complete,US_other_complete
NG2026_Grep00992,global_consensus_representative,Nextstrain_2026_global,PP_001MLVD,global,PP_001MLVD,,,A.D.3,Taiwan,2019-XX-XX,1,AU_other_complete,US_C18_like
NG2026_Grep00996,global_consensus_representative,Nextstrain_2026_global,PP_001MLX9,global,PP_001MLX9,,,A.D.2.1,Taiwan,2019-XX-XX,4,AU_other_complete,US_C21_like
NG2026_Grep01011,global_consensus_representative,Nextstrain_2026_global,PP_001MMF7,global,PP_001MMF7,,,A.D.2.1,Taiwan,2019-XX-XX,1,AU_other_complete,US_C21_like
NG2026_Grep01026,global_consensus_representative,Nextstrain_2026_global,PP_001MN5S,global,PP_001MN5S,,,A.D.3,Taiwan,2020-XX-XX,6,AU_other_complete,US_other_complete
NG2026_Grep01046,global_consensus_representative,Nextstrain_2026_global,PP_001MPMS,global,PP_001MPMS,,,A.D.3,Taiwan,2020-XX-XX,1,AU_other_complete,US_other_complete
NG2026_Grep01060,global_consensus_representative,Nextstrain_2026_global,PP_001MRD7,global,PP_001MRD7,,,A.D.5,United Kingdom,2018-12-06,1,AU_other_complete,US_other_complete
NG2026_Grep01063,global_consensus_representative,Nextstrain_2026_global,PP_001MRJW,global,PP_001MRJW,,,A.D,Netherlands,2018-11-21,6,AU_other_complete,US_C18_like
NG2026_Grep01067,global_consensus_representative,Nextstrain_2026_global,PP_001MRLS,global,PP_001MRLS,,,A.D.5.1,United Kingdom,2019-12-15,1,AU_other_complete,US_other_complete
NG2026_Grep01070,global_consensus_representative,Nextstrain_2026_global,PP_001MRRG,global,PP_001MRRG,,,A.D.2.2,Netherlands,2018-12-24,4,AU_other_complete,US_C18_like
NG2026_Grep01076,global_consensus_representative,Nextstrain_2026_global,PP_001MRX4,global,PP_001MRX4,,,A.D.2.1,Netherlands,2019-12-27,4,AU_other_complete,US_C21_like
NG2026_Grep01078,global_consensus_representative,Nextstrain_2026_global,PP_001MS1W,global,PP_001MS1W,,,A.D.2.2.1,Spain,2019-01-04,8,AU_other_complete,US_C18_like
NG2026_Grep01085,global_consensus_representative,Nextstrain_2026_global,PP_001MSAC,global,PP_001MSAC,,,A.D.1,United Kingdom,2020-01-09,2,AU_other_complete,US_other_complete
NG2026_Grep01087,global_consensus_representative,Nextstrain_2026_global,PP_001MSC8,global,PP_001MSC8,,,A.D.3,United Kingdom,2018-11-13,6,AU_other_complete,US_C18_like
NG2026_Grep01094,global_consensus_representative,Nextstrain_2026_global,PP_001MSNM,global,PP_001MSNM,,,A.D.3,Netherlands,2018-12-03,7,AU_other_complete,US_C18_like
NG2026_Grep01095,global_consensus_representative,Nextstrain_2026_global,PP_001MSPK,global,PP_001MSPK,,,A.D.2.2.1,Spain,2019-12-29,8,AU_other_complete,US_C18_like
NG2026_Grep01098,global_consensus_representative,Nextstrain_2026_global,PP_001MSSD,global,PP_001MSSD,,,A.D,Netherlands,2018-01-18,4,AU_other_complete,US_C18_like
NG2026_Grep01103,global_consensus_representative,Nextstrain_2026_global,PP_001MSZZ,global,PP_001MSZZ,,,A.D,Netherlands,2019-12-11,4,AU_other_complete,US_C18_like
NG2026_Grep01104,global_consensus_representative,Nextstrain_2026_global,PP_001MT0X,global,PP_001MT0X,,,A.D.2.1,Netherlands,2019-11-22,9,AU_other_complete,US_C21_like
NG2026_Grep01113,global_consensus_representative,Nextstrain_2026_global,PP_001MTHW,global,PP_001MTHW,,,A.D.1,Spain,2019-11-25,9,AU_other_complete,US_other_complete
NG2026_Grep01114,global_consensus_representative,Nextstrain_2026_global,PP_001MTMN,global,PP_001MTMN,,,A.D.3,Spain,2020-01-05,6,AU_other_complete,US_C18_like
NG2026_Grep01115,global_consensus_representative,Nextstrain_2026_global,PP_001MTRE,global,PP_001MTRE,,,A.D.2.1,Netherlands,2019-12-13,1,AU_other_complete,US_C21_like
NG2026_Grep01119,global_consensus_representative,Nextstrain_2026_global,PP_001MTW4,global,PP_001MTW4,,,A.D.2.1,Netherlands,2020-01-08,9,AU_other_complete,US_C21_like
NG2026_Grep01124,global_consensus_representative,Nextstrain_2026_global,PP_001MU7G,global,PP_001MU7G,,,A.D.2.2,Netherlands,2019-01-10,2,AU_other_complete,US_C18_like
NG2026_Grep01127,global_consensus_representative,Nextstrain_2026_global,PP_001MUC6,global,PP_001MUC6,,,A.D.3,United Kingdom,2018-12-05,4,AU_other_complete,US_C18_like
NG2026_Grep01128,global_consensus_representative,Nextstrain_2026_global,PP_001MUKR,global,PP_001MUKR,,,A.D.1,Spain,2020-01-02,1,AU_other_complete,US_other_complete
NG2026_Grep01141,global_consensus_representative,Nextstrain_2026_global,PP_001MVML,global,PP_001MVML,,,A.D.2.2.1,United Kingdom,2018-11-30,2,AU_other_complete,US_C18_like
NG2026_Grep01144,global_consensus_representative,Nextstrain_2026_global,PP_001MW5J,global,PP_001MW5J,,,A.D.2.1,Netherlands,2019-12-12,4,AU_other_complete,US_C21_like
NG2026_Grep01146,global_consensus_representative,Nextstrain_2026_global,PP_001MWD2,global,PP_001MWD2,,,A.D.2.2.1,Spain,2019-01-02,1,AU_other_complete,US_C18_like
NG2026_Grep01147,global_consensus_representative,Nextstrain_2026_global,PP_001MWKP,global,PP_001MWKP,,,A.D.2.1,Netherlands,2019-12-24,1,AU_other_complete,US_other_complete
NG2026_Grep01159,global_consensus_representative,Nextstrain_2026_global,PP_001MXZU,global,PP_001MXZU,,,A.D.1,Spain,2019-01-16,9,AU_other_complete,US_other_complete
NG2026_Grep01165,global_consensus_representative,Nextstrain_2026_global,PP_001MYS7,global,PP_001MYS7,,,A.D.2.2.1,Netherlands,2019-12-23,4,AU_other_complete,US_C18_like
NG2026_Grep01176,global_consensus_representative,Nextstrain_2026_global,PP_001N086,global,PP_001N086,,,A.D.2.2,Netherlands,2017-12-15,3,AU_other_complete,US_C18_like
NG2026_Grep01225,global_consensus_representative,Nextstrain_2026_global,PP_001N846,global,PP_001N846,,,A.D.3,China,2018-02-XX,1,AU_other_complete,US_C18_like
NG2026_Grep01240,global_consensus_representative,Nextstrain_2026_global,PP_001N8CQ,global,PP_001N8CQ,,,A.D.3,China,2018-11-XX,4,AU_other_complete,US_C18_like
NG2026_Grep01241,global_consensus_representative,Nextstrain_2026_global,PP_001N8M5,global,PP_001N8M5,,,A.D.3,China,2018-12-XX,4,AU_other_complete,US_C18_like
NG2026_Grep01250,global_consensus_representative,Nextstrain_2026_global,PP_001N90D,global,PP_001N90D,,,A.D.3,China,2018-12-XX,4,AU_other_complete,US_C18_like
NG2026_Grep01268,global_consensus_representative,Nextstrain_2026_global,PP_001N9P0,global,PP_001N9P0,,,A.D,China,2019-01-XX,5,AU_other_complete,US_C18_like
NG2026_Grep01278,global_consensus_representative,Nextstrain_2026_global,PP_001NA36,global,PP_001NA36,,,A.D,China,2019-11-XX,3,AU_other_complete,US_C18_like
NG2026_Grep01282,global_consensus_representative,Nextstrain_2026_global,PP_001NA8W,global,PP_001NA8W,,,A.D.2.1,China,2019-12-XX,1,AU_other_complete,US_C21_like
NG2026_Grep01290,global_consensus_representative,Nextstrain_2026_global,PP_001NAK7,global,PP_001NAK7,,,A.D,China,2015-02-XX,5,AU_other_complete,US_C18_like
NG2026_Grep01302,global_consensus_representative,Nextstrain_2026_global,PP_001NM8K,global,PP_001NM8K,,,A.D.5.2,France,2021-04-XX,51,AU_other_complete,US_other_complete
NG2026_Grep01304,global_consensus_representative,Nextstrain_2026_global,PP_001NNLT,global,PP_001NNLT,,,A.2.1.1,Brazil,2008-XX-XX,2,AU_ambiguous,US_other_complete
NG2026_Grep01310,global_consensus_representative,Nextstrain_2026_global,PP_001NQF2,global,PP_001NQF2,,,A.3,Canada,1995-XX-XX,1,AU_ambiguous,US_ambiguous
NG2026_Grep01323,global_consensus_representative,Nextstrain_2026_global,PP_001P2WR,global,PP_001P2WR,,,A.D.5,,2018-XX-XX,5,AU_other_complete,US_other_complete
NG2026_Grep01327,global_consensus_representative,Nextstrain_2026_global,PP_001P39Z,global,PP_001P39Z,,,A.D.1.2,Australia,2020-11-26,11,AU_other_complete,US_C21_like
NG2026_Grep01328,global_consensus_representative,Nextstrain_2026_global,PP_001P3AX,global,PP_001P3AX,,,A.D.1.2,Australia,2020-11-27,5,AU_other_complete,US_C21_like
NG2026_Grep01329,global_consensus_representative,Nextstrain_2026_global,PP_001P3GK,global,PP_001P3GK,,,A.D.1.2,Australia,2020-12-04,2,AU_other_complete,US_C21_like
NG2026_Grep01330,global_consensus_representative,Nextstrain_2026_global,PP_001P3KC,global,PP_001P3KC,,,A.D.1.2,Australia,2020-12-10,45,AU_other_complete,US_other_complete
NG2026_Grep01334,global_consensus_representative,Nextstrain_2026_global,PP_001P3VS,global,PP_001P3VS,,,A.D.1.2,Australia,2020-11-10,4,AU_other_complete,US_other_complete
NG2026_Grep01336,global_consensus_representative,Nextstrain_2026_global,PP_001P41E,global,PP_001P41E,,,A.D.1.2,Australia,2020-11-28,1,AU_other_complete,US_C21_like
NG2026_Grep01345,global_consensus_representative,Nextstrain_2026_global,PP_001P4UT,global,PP_001P4UT,,,A.D.1.2,Australia,2021-01-19,5,AU_other_complete,US_other_complete
NG2026_Grep01348,global_consensus_representative,Nextstrain_2026_global,PP_001P58Z,global,PP_001P58Z,,,A.D.1.2,Australia,2021-01-28,8,AU_other_complete,US_other_complete
NG2026_Grep01349,global_consensus_representative,Nextstrain_2026_global,PP_001P5AV,global,PP_001P5AV,,,A.D.1.3,Australia,2020-11-23,116,AU_other_complete,US_other_complete
NG2026_Grep01352,global_consensus_representative,Nextstrain_2026_global,PP_001P5M6,global,PP_001P5M6,,,A.D.1.3,Australia,2020-11-02,1,AU_other_complete,US_other_complete
NG2026_Grep01355,global_consensus_representative,Nextstrain_2026_global,PP_001P5TU,global,PP_001P5TU,,,A.D.1.3,Australia,2020-11-06,4,AU_other_complete,US_other_complete
NG2026_Grep01359,global_consensus_representative,Nextstrain_2026_global,PP_001P670,global,PP_001P670,,,A.D.1.3,Australia,2020-11-02,6,AU_other_complete,US_other_complete
NG2026_Grep01360,global_consensus_representative,Nextstrain_2026_global,PP_001P6BS,global,PP_001P6BS,,,A.D.1.3,Australia,2020-11-23,1,AU_other_complete,US_other_complete
NG2026_Grep01361,global_consensus_representative,Nextstrain_2026_global,PP_001P6EL,global,PP_001P6EL,,,A.D.1.3,Australia,2020-11-27,1,AU_other_complete,US_other_complete
NG2026_Grep01362,global_consensus_representative,Nextstrain_2026_global,PP_001P6K9,global,PP_001P6K9,,,A.D.1.3,Australia,2020-12-23,5,AU_other_complete,US_other_complete
NG2026_Grep01370,global_consensus_representative,Nextstrain_2026_global,PP_001P7P0,global,PP_001P7P0,,,A.D.1.3,Australia,2020-12-04,7,AU_other_complete,US_other_complete
NG2026_Grep01371,global_consensus_representative,Nextstrain_2026_global,PP_001P7QY,global,PP_001P7QY,,,A.D.1.3,Australia,2020-11-10,1,AU_other_complete,US_other_complete
NG2026_Grep01376,global_consensus_representative,Nextstrain_2026_global,PP_001P836,global,PP_001P836,,,A.D.1.3,Australia,2020-11-10,1,AU_other_complete,US_other_complete
NG2026_Grep01377,global_consensus_representative,Nextstrain_2026_global,PP_001P8FG,global,PP_001P8FG,,,A.D.1.3,Australia,2020-11-27,1,AU_other_complete,US_other_complete
NG2026_Grep01383,global_consensus_representative,Nextstrain_2026_global,PP_001P8RV,global,PP_001P8RV,,,A.D.1.3,Australia,2020-12-20,23,AU_other_complete,US_other_complete
NG2026_Grep01387,global_consensus_representative,Nextstrain_2026_global,PP_001P96Z,global,PP_001P96Z,,,A.D.1.3,Australia,2021-02-15,4,AU_other_complete,US_other_complete
NG2026_Grep01393,global_consensus_representative,Nextstrain_2026_global,PP_001P9M2,global,PP_001P9M2,,,A.D.1.3,Australia,2021-01-18,2,AU_other_complete,US_other_complete
NG2026_Grep01394,global_consensus_representative,Nextstrain_2026_global,PP_001P9PY,global,PP_001P9PY,,,A.D.1.3,Australia,2020-11-08,1,AU_other_complete,US_other_complete
NG2026_Grep01395,global_consensus_representative,Nextstrain_2026_global,PP_001P9TQ,global,PP_001P9TQ,,,A.D.1.2,Australia,2021-02-01,1,AU_other_complete,US_C21_like
NG2026_Grep01415,global_consensus_representative,Nextstrain_2026_global,PP_001PMBB,global,PP_001PMBB,,,A.D,Argentina,2014-06-23,1,AU_other_complete,US_other_complete
NG2026_Grep01427,global_consensus_representative,Nextstrain_2026_global,PP_001PMPL,global,PP_001PMPL,,,A.D,Argentina,2015-05-11,1,AU_other_complete,US_C18_like
NG2026_Grep01428,global_consensus_representative,Nextstrain_2026_global,PP_001PMQJ,global,PP_001PMQJ,,,A.D,Argentina,2015-05-26,1,AU_other_complete,US_C18_like
NG2026_Grep01434,global_consensus_representative,Nextstrain_2026_global,PP_001PN1W,global,PP_001PN1W,,,A.D,Argentina,2015-06-30,1,AU_C4_like,US_C18_like
NG2026_Grep01443,global_consensus_representative,Nextstrain_2026_global,PP_001PND6,global,PP_001PND6,,,A.D.2,Argentina,2015-08-03,1,AU_C4_like,US_C18_like
NG2026_Grep01454,global_consensus_representative,Nextstrain_2026_global,PP_001PP3R,global,PP_001PP3R,,,A.D.2.2,Argentina,2017-04-17,3,AU_other_complete,US_C18_like
NG2026_Grep01463,global_consensus_representative,Nextstrain_2026_global,PP_001PPF1,global,PP_001PPF1,,,A.D.2.2,Argentina,2017-05-22,3,AU_other_complete,US_C18_like
NG2026_Grep01466,global_consensus_representative,Nextstrain_2026_global,PP_001PPJU,global,PP_001PPJU,,,A.D.2.2,Argentina,2017-05-29,7,AU_other_complete,US_C18_like
NG2026_Grep01469,global_consensus_representative,Nextstrain_2026_global,PP_001PPNL,global,PP_001PPNL,,,A.D.2.2,Argentina,2017-05-30,4,AU_other_complete,US_C18_like
NG2026_Grep01502,global_consensus_representative,Nextstrain_2026_global,PP_001PW3J,global,PP_001PW3J,,,A.D.5,Philippines,2019-09-23,2,AU_other_complete,US_other_complete
NG2026_Grep01513,global_consensus_representative,Nextstrain_2026_global,PP_001PWHP,global,PP_001PWHP,,,A.D.5.3,Philippines,2020-03-09,2,AU_other_complete,US_other_complete
NG2026_Grep01515,global_consensus_representative,Nextstrain_2026_global,PP_001Q5XJ,global,PP_001Q5XJ,,,A.D.5,Kenya,2021-03-21,2,AU_other_complete,US_other_complete
NG2026_Grep01518,global_consensus_representative,Nextstrain_2026_global,PP_001Q61A,global,PP_001Q61A,,,A.D.1,Kenya,2021-03-10,1,AU_other_complete,US_other_complete
NG2026_Grep01519,global_consensus_representative,Nextstrain_2026_global,PP_001Q628,global,PP_001Q628,,,A.D.5,Kenya,2021-03-13,17,AU_other_complete,US_other_complete
NG2026_Grep01520,global_consensus_representative,Nextstrain_2026_global,PP_001Q5ZE,global,PP_001Q5ZE,,,A.D.4,Kenya,2021-03-06,1,AU_other_complete,US_C21_like
NG2026_Grep01523,global_consensus_representative,Nextstrain_2026_global,PP_001Q69U,global,PP_001Q69U,,,A.D.4,Kenya,2021-03-20,5,AU_other_complete,US_C21_like
NG2026_Grep01530,global_consensus_representative,Nextstrain_2026_global,PP_001Q6RV,global,PP_001Q6RV,,,A.D.4,Kenya,2022-01-31,2,AU_other_complete,US_other_complete
NG2026_Grep01535,global_consensus_representative,Nextstrain_2026_global,PP_001Q6YF,global,PP_001Q6YF,,,A.D.2.1,USA,2022-10-XX,5,AU_C4_like,US_C21_like
NG2026_Grep01536,global_consensus_representative,Nextstrain_2026_global,PP_001Q6ZD,global,PP_001Q6ZD,,,A.D.5.2,USA,2022-XX-XX,14,AU_other_complete,US_other_complete
NG2026_Grep01538,global_consensus_representative,Nextstrain_2026_global,PP_001Q719,global,PP_001Q719,,,A.D.3,USA,2022-11-XX,2,AU_C4_like,US_C18_like
NG2026_Grep01541,global_consensus_representative,Nextstrain_2026_global,PP_001Q743,global,PP_001Q743,,,A.D.3.10,USA,2022-10-XX,12,AU_other_complete,US_C18_like
NG2026_Grep01550,global_consensus_representative,Nextstrain_2026_global,PP_001Q7K6,global,PP_001Q7K6,,,A.D.2.1,USA,2022-11-XX,1,AU_C4_like,US_C21_like
NG2026_Grep01557,global_consensus_representative,Nextstrain_2026_global,PP_001Q7WJ,global,PP_001Q7WJ,,,A.D.5.2,Germany,2021-10-15,6,AU_other_complete,US_other_complete
NG2026_Grep01566,global_consensus_representative,Nextstrain_2026_global,PP_001Q88U,global,PP_001Q88U,,,A.D.3,Germany,2021-10-28,11,AU_other_complete,US_C18_like
NG2026_Grep01567,global_consensus_representative,Nextstrain_2026_global,PP_001Q89S,global,PP_001Q89S,,,A.D.2.1,Germany,2021-10-28,1,AU_C4_like,US_C21_like
NG2026_Grep01570,global_consensus_representative,Nextstrain_2026_global,PP_001Q8DJ,global,PP_001Q8DJ,,,A.D.3,Germany,2021-11-01,7,AU_other_complete,US_C18_like
NG2026_Grep01574,global_consensus_representative,Nextstrain_2026_global,PP_001Q8K5,global,PP_001Q8K5,,,A.D.3,Germany,2021-11-08,20,AU_other_complete,US_C18_like
NG2026_Grep01578,global_consensus_representative,Nextstrain_2026_global,PP_001Q8PX,global,PP_001Q8PX,,,A.D.3,Germany,2021-11-11,4,AU_other_complete,US_C18_like
NG2026_Grep01587,global_consensus_representative,Nextstrain_2026_global,PP_001Q933,global,PP_001Q933,,,A.D.3.1,Germany,2022-01-19,1,AU_other_complete,US_C18_like
NG2026_Grep01591,global_consensus_representative,Nextstrain_2026_global,PP_001Q9GB,global,PP_001Q9GB,,,A.D.3.1,Germany,2021-09-23,3,AU_other_complete,US_C18_like
NG2026_Grep01613,global_consensus_representative,Nextstrain_2026_global,PP_001QAQT,global,PP_001QAQT,,,A.D,Germany,2020-01-27,5,AU_other_complete,US_C18_like
NG2026_Grep01620,global_consensus_representative,Nextstrain_2026_global,PP_001QB23,global,PP_001QB23,,,A.D,Germany,2020-03-11,8,AU_other_complete,US_C18_like
NG2026_Grep01627,global_consensus_representative,Nextstrain_2026_global,PP_001QBUJ,global,PP_001QBUJ,,,A.D.3,Germany,2021-09-08,1,AU_C4_like,US_C18_like
NG2026_Grep01628,global_consensus_representative,Nextstrain_2026_global,PP_001QC30,global,PP_001QC30,,,A.D,Germany,2017-12-14,7,AU_other_complete,US_C18_like
NG2026_Grep01636,global_consensus_representative,Nextstrain_2026_global,PP_001QCJ3,global,PP_001QCJ3,,,A.D.2.2,Germany,2018-11-19,10,AU_other_complete,US_other_complete
NG2026_Grep01652,global_consensus_representative,Nextstrain_2026_global,PP_001QDCF,global,PP_001QDCF,,,A.D.3.4,USA,2022-11-02,13,AU_other_complete,US_C18_like
NG2026_Grep01659,global_consensus_representative,Nextstrain_2026_global,PP_001QDMW,global,PP_001QDMW,,,A.D.1.7,USA,2022-11-14,4,AU_other_complete,US_other_complete
NG2026_Grep01671,global_consensus_representative,Nextstrain_2026_global,PP_001QE04,global,PP_001QE04,,,A.D.1,USA,2022-11-06,1,AU_other_complete,US_other_complete
NG2026_Grep01673,global_consensus_representative,Nextstrain_2026_global,PP_001QE4W,global,PP_001QE4W,,,A.D.3,USA,2022-11-14,4,AU_other_complete,US_C18_like
NG2026_Grep01681,global_consensus_representative,Nextstrain_2026_global,PP_001QEPR,global,PP_001QEPR,,,A.D.1,USA,2022-07-20,3,AU_other_complete,US_other_complete
NG2026_Grep01711,global_consensus_representative,Nextstrain_2026_global,PP_001QNPH,global,PP_001QNPH,,,A.D.5,Kuwait,2020-01-02,1,AU_ambiguous,US_other_complete
NG2026_Grep01715,global_consensus_representative,Nextstrain_2026_global,PP_001QT2M,global,PP_001QT2M,,,A.D.1.7,China,2021-12-18,1,AU_other_complete,US_other_complete
NG2026_Grep01734,global_consensus_representative,Nextstrain_2026_global,PP_001SXZJ,global,PP_001SXZJ,,,A.D.1,USA,2020-01-XX,42,AU_other_complete,US_other_complete
NG2026_Grep01735,global_consensus_representative,Nextstrain_2026_global,PP_001SY0G,global,PP_001SY0G,,,A.D.1.1,USA,2020-03-XX,20,AU_other_complete,US_other_complete
NG2026_Grep01738,global_consensus_representative,Nextstrain_2026_global,PP_001T416,global,PP_001T416,,,A.D.4,Kenya,2018-03-13,7,AU_other_complete,US_other_complete
NG2026_Grep01740,global_consensus_representative,Nextstrain_2026_global,PP_001T3ZA,global,PP_001T3ZA,,,A.D,Kenya,2018-03-12,4,AU_other_complete,US_C18_like
NG2026_Grep01743,global_consensus_representative,Nextstrain_2026_global,PP_001T45Y,global,PP_001T45Y,,,A.D.4,Kenya,2018-03-18,4,AU_other_complete,US_other_complete
NG2026_Grep01746,global_consensus_representative,Nextstrain_2026_global,PP_001T4AN,global,PP_001T4AN,,,A.D.4,Kenya,2018-03-22,2,AU_other_complete,US_other_complete
NG2026_Grep01747,global_consensus_representative,Nextstrain_2026_global,PP_001T4BL,global,PP_001T4BL,,,A.D.4,Kenya,2018-03-23,1,AU_other_complete,US_other_complete
NG2026_Grep01751,global_consensus_representative,Nextstrain_2026_global,PP_001T4GA,global,PP_001T4GA,,,A.D.4,Kenya,2018-03-29,9,AU_other_complete,US_other_complete
NG2026_Grep01752,global_consensus_representative,Nextstrain_2026_global,PP_001T4H7,global,PP_001T4H7,,,A.D,Kenya,2018-03-31,6,AU_other_complete,US_C18_like
NG2026_Grep01756,global_consensus_representative,Nextstrain_2026_global,PP_001T4RR,global,PP_001T4RR,,,A.D.4,Kenya,2018-04-06,2,AU_other_complete,US_other_complete
NG2026_Grep01759,global_consensus_representative,Nextstrain_2026_global,PP_001T4WF,global,PP_001T4WF,,,A.D.4,Kenya,2018-04-11,6,AU_other_complete,US_other_complete
NG2026_Grep01767,global_consensus_representative,Nextstrain_2026_global,PP_001T5DF,global,PP_001T5DF,,,A.D.4,Kenya,2018-05-02,2,AU_other_complete,US_other_complete
NG2026_Grep01768,global_consensus_representative,Nextstrain_2026_global,PP_001T5FB,global,PP_001T5FB,,,A.D.4,Kenya,2018-05-09,1,AU_other_complete,US_other_complete
NG2026_Grep01769,global_consensus_representative,Nextstrain_2026_global,PP_001T5J4,global,PP_001T5J4,,,A.D.4,Kenya,2018-08-01,1,AU_other_complete,US_other_complete
NG2026_Grep01770,global_consensus_representative,Nextstrain_2026_global,PP_001T5K2,global,PP_001T5K2,,,A.D.4,Kenya,2018-08-20,1,AU_other_complete,US_other_complete
NG2026_Grep01771,global_consensus_representative,Nextstrain_2026_global,PP_001T5L0,global,PP_001T5L0,,,A.D.4,Kenya,2018-08-30,1,AU_other_complete,US_other_complete
NG2026_Grep01772,global_consensus_representative,Nextstrain_2026_global,PP_001T5MY,global,PP_001T5MY,,,A.D.2.2,Kenya,2017-11-08,4,AU_other_complete,US_C18_like
NG2026_Grep01775,global_consensus_representative,Nextstrain_2026_global,PP_001T5QS,global,PP_001T5QS,,,A.D.2.2,Kenya,2018-01-31,2,AU_other_complete,US_C18_like
NG2026_Grep01786,global_consensus_representative,Nextstrain_2026_global,PP_001T6DE,global,PP_001T6DE,,,A.D.4,Kenya,2018-03-01,1,AU_other_complete,US_other_complete
NG2026_Grep01834,global_consensus_representative,Nextstrain_2026_global,PP_001T9QN,global,PP_001T9QN,,,A.D.2.2,Australia,2018-XX-XX,1,AU_other_complete,US_other_complete
NG2026_Grep01838,global_consensus_representative,Nextstrain_2026_global,PP_001TDNN,global,PP_001TDNN,,,A.D.5.2,USA,2023-01-31,1,AU_other_complete,US_other_complete
NG2026_Grep01846,global_consensus_representative,Nextstrain_2026_global,PP_001TDY2,global,PP_001TDY2,,,A.D.3.1,USA,2022-12-08,1,AU_C4_like,US_C18_like
NG2026_Grep01851,global_consensus_representative,Nextstrain_2026_global,PP_001TE3S,global,PP_001TE3S,,,A.D.5.1,USA,2022-12-10,2,AU_other_complete,US_other_complete
NG2026_Grep01856,global_consensus_representative,Nextstrain_2026_global,PP_001TE8G,global,PP_001TE8G,,,A.D.1.8,USA,2022-12-09,1,AU_other_complete,US_C21_like
NG2026_Grep01864,global_consensus_representative,Nextstrain_2026_global,PP_001TELR,global,PP_001TELR,,,A.D.1.5,USA,2023-02-01,4,AU_other_complete,US_other_complete
NG2026_Grep01865,global_consensus_representative,Nextstrain_2026_global,PP_001TENM,global,PP_001TENM,,,A.D.1.8,USA,2022-12-02,1,AU_other_complete,US_C21_like
NG2026_Grep01875,global_consensus_representative,Nextstrain_2026_global,PP_001TF8F,global,PP_001TF8F,,,A.D.1.4,USA,2022-12-25,1,AU_other_complete,US_other_complete
NG2026_Grep01882,global_consensus_representative,Nextstrain_2026_global,PP_001TFHW,global,PP_001TFHW,,,A.D.1,USA,2022-11-30,1,AU_other_complete,US_other_complete
NG2026_Grep01884,global_consensus_representative,Nextstrain_2026_global,PP_001TFMN,global,PP_001TFMN,,,A.D.5.2,USA,2022-12-05,1,AU_other_complete,US_other_complete
NG2026_Grep01885,global_consensus_representative,Nextstrain_2026_global,PP_001TFNL,global,PP_001TFNL,,,A.D.3,USA,2023-01-06,5,AU_other_complete,US_C18_like
NG2026_Grep01886,global_consensus_representative,Nextstrain_2026_global,PP_001TFQG,global,PP_001TFQG,,,A.D.3.4,USA,2022-12-04,4,AU_other_complete,US_C18_like
NG2026_Grep01899,global_consensus_representative,Nextstrain_2026_global,PP_001TGQF,global,PP_001TGQF,,,A.D.1.9,Kenya,2022-01-27,10,AU_other_complete,US_other_complete
NG2026_Grep01906,global_consensus_representative,Nextstrain_2026_global,PP_001TH6H,global,PP_001TH6H,,,A.D.1.11,Kenya,2022-02-22,6,AU_other_complete,US_other_complete
NG2026_Grep01915,global_consensus_representative,Nextstrain_2026_global,PP_001THNJ,global,PP_001THNJ,,,A.D.5,Kenya,2022-03-09,1,AU_other_complete,US_other_complete
NG2026_Grep01941,global_consensus_representative,Nextstrain_2026_global,PP_001TKFX,global,PP_001TKFX,,,A.D.1,USA,2019-11-20,7,AU_other_complete,US_other_complete
NG2026_Grep01944,global_consensus_representative,Nextstrain_2026_global,PP_001TKGV,global,PP_001TKGV,,,A.D.5,USA,2019-11-20,1,AU_other_complete,US_other_complete
NG2026_Grep01951,global_consensus_representative,Nextstrain_2026_global,PP_001TL0S,global,PP_001TL0S,,,A.D.1,USA,2019-12-02,14,AU_other_complete,US_other_complete
NG2026_Grep01962,global_consensus_representative,Nextstrain_2026_global,PP_001TLQB,global,PP_001TLQB,,,A.D.2.1,USA,2019-12-25,3,AU_other_complete,US_C21_like
NG2026_Grep01971,global_consensus_representative,Nextstrain_2026_global,PP_001TM89,global,PP_001TM89,,,A.D,USA,2019-12-29,4,AU_other_complete,US_C18_like
NG2026_Grep01976,global_consensus_representative,Nextstrain_2026_global,PP_001TMJN,global,PP_001TMJN,,,A.D.1.1,USA,2020-01-04,1,AU_other_complete,US_other_complete
NG2026_Grep01979,global_consensus_representative,Nextstrain_2026_global,PP_001TMQA,global,PP_001TMQA,,,A.D,USA,2020-01-05,4,AU_other_complete,US_C18_like
NG2026_Grep01985,global_consensus_representative,Nextstrain_2026_global,PP_001TN5E,global,PP_001TN5E,,,A.D.2.1,USA,2020-01-13,2,AU_C4_like,US_C21_like
NG2026_Grep02014,global_consensus_representative,Nextstrain_2026_global,PP_001TPEV,global,PP_001TPEV,,,A.D.5.2,USA,2021-11-11,1,AU_other_complete,US_other_complete
NG2026_Grep02021,global_consensus_representative,Nextstrain_2026_global,PP_001TPQ8,global,PP_001TPQ8,,,A.D,Zambia,2018-04-26,6,AU_other_complete,US_C18_like
NG2026_Grep02033,global_consensus_representative,Nextstrain_2026_global,PP_001TX71,global,PP_001TX71,,,A.D.2.2,USA,2013-03-07,1,AU_other_complete,US_other_complete
NG2026_Grep02059,global_consensus_representative,Nextstrain_2026_global,PP_001UC4Q,global,PP_001UC4Q,,,A.D.1.8,USA,2022-10-30,3,AU_other_complete,US_other_complete
NG2026_Grep02060,global_consensus_representative,Nextstrain_2026_global,PP_001UC6L,global,PP_001UC6L,,,A.D.2.1,USA,2022-11-01,1,AU_C4_like,US_C21_like
NG2026_Grep02075,global_consensus_representative,Nextstrain_2026_global,PP_001UCV7,global,PP_001UCV7,,,A.D.2.1,USA,2022-11-28,1,AU_other_complete,US_C21_like
NG2026_Grep02081,global_consensus_representative,Nextstrain_2026_global,PP_001UD5M,global,PP_001UD5M,,,A.D.1.8,USA,2022-10-18,1,AU_other_complete,US_C21_like
NG2026_Grep02084,global_consensus_representative,Nextstrain_2026_global,PP_001UDAB,global,PP_001UDAB,,,A.D.2.1,USA,2022-12-15,4,AU_C4_like,US_C21_like
NG2026_Grep02093,global_consensus_representative,Nextstrain_2026_global,PP_001UDRE,global,PP_001UDRE,,,A.D.1.8,USA,2022-12-05,1,AU_other_complete,US_C21_like
NG2026_Grep02113,global_consensus_representative,Nextstrain_2026_global,PP_001UMKJ,global,PP_001UMKJ,,,A.D,China,2017-12-26,1,AU_other_complete,US_C21_like
NG2026_Grep02132,global_consensus_representative,Nextstrain_2026_global,PP_001UNDW,global,PP_001UNDW,,,A.D.3,China,2019-06-17,1,AU_other_complete,US_C18_like
NG2026_Grep02170,global_consensus_representative,Nextstrain_2026_global,PP_001UQHK,global,PP_001UQHK,,,A.2.1,Germany,2008-04-02,1,AU_ambiguous,US_other_complete
NG2026_Grep02186,global_consensus_representative,Nextstrain_2026_global,PP_001URHJ,global,PP_001URHJ,,,A.D.5,Germany,2018-04-03,1,AU_other_complete,US_other_complete
NG2026_Grep02190,global_consensus_representative,Nextstrain_2026_global,PP_001URMA,global,PP_001URMA,,,A.D.2,Germany,2018-02-19,1,AU_C4_like,US_C21_like
NG2026_Grep02193,global_consensus_representative,Nextstrain_2026_global,PP_001URQ4,global,PP_001URQ4,,,A.D.2.2,Germany,2018-04-18,1,AU_other_complete,US_C18_like
NG2026_Grep02221,global_consensus_representative,Nextstrain_2026_global,PP_001USUV,global,PP_001USUV,,,A.D.1,Germany,2020-03-02,1,AU_other_complete,US_other_complete
NG2026_Grep02238,global_consensus_representative,Nextstrain_2026_global,PP_001UTM8,global,PP_001UTM8,,,A.D.3,Germany,2021-10-19,1,AU_other_complete,US_C18_like
NG2026_Grep02251,global_consensus_representative,Nextstrain_2026_global,PP_001UU80,global,PP_001UU80,,,A.D.3,Germany,2021-11-11,1,AU_C4_like,US_C18_like
NG2026_Grep02266,global_consensus_representative,Nextstrain_2026_global,PP_001UUWP,global,PP_001UUWP,,,A.D.3.5,Germany,2022-11-07,2,AU_other_complete,US_C18_like
NG2026_Grep02268,global_consensus_representative,Nextstrain_2026_global,PP_001UUZH,global,PP_001UUZH,,,A.D.3,Germany,2022-11-22,1,AU_other_complete,US_other_complete
NG2026_Grep02274,global_consensus_representative,Nextstrain_2026_global,PP_001UVVQ,global,PP_001UVVQ,,,A.D.1.5,USA,2022-10-01,1,AU_other_complete,US_C21_like
NG2026_Grep02277,global_consensus_representative,Nextstrain_2026_global,PP_001UW0E,global,PP_001UW0E,,,A.D.1.5,USA,2022-10-23,2,AU_other_complete,US_C21_like
NG2026_Grep02282,global_consensus_representative,Nextstrain_2026_global,PP_001UW8Y,global,PP_001UW8Y,,,A.D.2.1,USA,2022-10-14,1,AU_other_complete,US_C21_like
NG2026_Grep02290,global_consensus_representative,Nextstrain_2026_global,PP_001UWK9,global,PP_001UWK9,,,A.D.1.5,USA,2022-09-25,1,AU_other_complete,US_C21_like
NG2026_Grep02292,global_consensus_representative,Nextstrain_2026_global,PP_001UWN3,global,PP_001UWN3,,,A.D.1.10,USA,2022-10-07,2,AU_other_complete,US_other_complete
NG2026_Grep02297,global_consensus_representative,Nextstrain_2026_global,PP_001UWWM,global,PP_001UWWM,,,A.D.1.5,USA,2022-09-13,1,AU_other_complete,US_C21_like
NG2026_Grep02304,global_consensus_representative,Nextstrain_2026_global,PP_001UX53,global,PP_001UX53,,,A.D.3,USA,2022-10-28,1,AU_other_complete,US_C18_like
NG2026_Grep02316,global_consensus_representative,Nextstrain_2026_global,PP_001UXM4,global,PP_001UXM4,,,A.D.5.2,USA,2022-09-18,1,AU_other_complete,US_other_complete
NG2026_Grep02317,global_consensus_representative,Nextstrain_2026_global,PP_001UXN2,global,PP_001UXN2,,,A.D.1.8,USA,2022-10-24,1,AU_other_complete,US_C21_like
NG2026_Grep02332,global_consensus_representative,Nextstrain_2026_global,PP_001UY7Y,global,PP_001UY7Y,,,A.D.1.5,USA,2023-05-16,1,AU_other_complete,US_other_complete
NG2026_Grep02336,global_consensus_representative,Nextstrain_2026_global,PP_001UYCN,global,PP_001UYCN,,,A.D.1.5,USA,2022-11-01,2,AU_other_complete,US_C21_like
NG2026_Grep02356,global_consensus_representative,Nextstrain_2026_global,PP_001UZ51,global,PP_001UZ51,,,A.D.1.5,USA,2022-11-07,1,AU_other_complete,US_C21_like
NG2026_Grep02374,global_consensus_representative,Nextstrain_2026_global,PP_001V0L1,global,PP_001V0L1,,,A.D.3.3,USA,2023-08-13,1,AU_other_complete,US_C18_like
NG2026_Grep02383,global_consensus_representative,Nextstrain_2026_global,PP_001V0Z9,global,PP_001V0Z9,,,A.D.1.5,USA,2023-09-29,1,AU_other_complete,US_C21_like
NG2026_Grep02384,global_consensus_representative,Nextstrain_2026_global,PP_001V107,global,PP_001V107,,,A.D.1.5,USA,2023-10-22,39,AU_other_complete,US_C21_like
NG2026_Grep02385,global_consensus_representative,Nextstrain_2026_global,PP_001V115,global,PP_001V115,,,A.D.1.5,USA,2023-10-24,1,AU_other_complete,US_C21_like
NG2026_Grep02392,global_consensus_representative,Nextstrain_2026_global,PP_001V2PT,global,PP_001V2PT,,,A.D.1.5,USA,2023-11-02,1,AU_other_complete,US_C21_like
NG2026_Grep02393,global_consensus_representative,Nextstrain_2026_global,PP_001V2QR,global,PP_001V2QR,,,A.D.3.2,USA,2023-11-04,13,AU_other_complete,US_other_complete
NG2026_Grep02395,global_consensus_representative,Nextstrain_2026_global,PP_001V4EA,global,PP_001V4EA,,,A.D.5.4,USA,2023-08-25,27,AU_other_complete,US_other_complete
NG2026_Grep02396,global_consensus_representative,Nextstrain_2026_global,PP_001V4DC,global,PP_001V4DC,,,A.D.3,USA,2023-08-08,1,AU_other_complete,US_C18_like
NG2026_Grep02399,global_consensus_representative,Nextstrain_2026_global,PP_001V4KZ,global,PP_001V4KZ,,,A.D.3.5,USA,2023-09-12,10,AU_ambiguous,US_C18_like
NG2026_Grep02403,global_consensus_representative,Nextstrain_2026_global,PP_001V55T,global,PP_001V55T,,,A.D.3.6,USA,2023-10-09,15,AU_ambiguous,US_C18_like
NG2026_Grep02405,global_consensus_representative,Nextstrain_2026_global,PP_001V57P,global,PP_001V57P,,,A.D.3.6,USA,2023-10-09,3,AU_other_complete,US_C18_like
NG2026_Grep02406,global_consensus_representative,Nextstrain_2026_global,PP_001V5E9,global,PP_001V5E9,,,A.D.5.2,USA,2023-10-15,23,AU_other_complete,US_other_complete
NG2026_Grep02415,global_consensus_representative,Nextstrain_2026_global,PP_001V5VC,global,PP_001V5VC,,,A.D.1.5,USA,2023-11-01,1,AU_other_complete,US_C21_like
NG2026_Grep02416,global_consensus_representative,Nextstrain_2026_global,PP_001V5Z4,global,PP_001V5Z4,,,A.D.2.1,USA,2023-10-09,1,AU_C4_like,US_C21_like
NG2026_Grep02427,global_consensus_representative,Nextstrain_2026_global,PP_001V6H1,global,PP_001V6H1,,,A.D.1.5,USA,2023-12-06,1,AU_other_complete,US_C21_like
NG2026_Grep02428,global_consensus_representative,Nextstrain_2026_global,PP_001V6JZ,global,PP_001V6JZ,,,A.D.3.1,USA,2023-12-05,1,AU_C4_like,US_C18_like
NG2026_Grep02430,global_consensus_representative,Nextstrain_2026_global,PP_001V6PP,global,PP_001V6PP,,,A.D.1.5,USA,2023-11-28,1,AU_other_complete,US_other_complete
NG2026_Grep02431,global_consensus_representative,Nextstrain_2026_global,PP_001V6RK,global,PP_001V6RK,,,A.D.5.2,USA,2023-12-08,1,AU_other_complete,US_other_complete
NG2026_Grep02434,global_consensus_representative,Nextstrain_2026_global,PP_001V6VB,global,PP_001V6VB,,,A.D.3.1,USA,2023-12-03,1,AU_C4_like,US_C18_like
NG2026_Grep02439,global_consensus_representative,Nextstrain_2026_global,PP_001V74T,global,PP_001V74T,,,A.D.2.1,USA,2023-12-01,2,AU_C4_like,US_C21_like
NG2026_Grep02440,global_consensus_representative,Nextstrain_2026_global,PP_001V76P,global,PP_001V76P,,,A.D.1.5,USA,2023-12-04,1,AU_other_complete,US_C21_like
NG2026_Grep02444,global_consensus_representative,Nextstrain_2026_global,PP_001V7AF,global,PP_001V7AF,,,A.D.1.5,USA,2023-12-05,2,AU_other_complete,US_C21_like
NG2026_Grep02445,global_consensus_representative,Nextstrain_2026_global,PP_001V7D9,global,PP_001V7D9,,,A.D.3,USA,2023-12-08,6,AU_other_complete,US_C18_like
NG2026_Grep02449,global_consensus_representative,Nextstrain_2026_global,PP_001V7KW,global,PP_001V7KW,,,A.D.1.5,USA,2023-12-17,2,AU_other_complete,US_C21_like
NG2026_Grep02450,global_consensus_representative,Nextstrain_2026_global,PP_001V7NQ,global,PP_001V7NQ,,,A.D.1.5,USA,2023-12-20,1,AU_other_complete,US_C21_like
NG2026_Grep02451,global_consensus_representative,Nextstrain_2026_global,PP_001V7RJ,global,PP_001V7RJ,,,A.D.1.5,USA,2024-01-04,1,AU_other_complete,US_C21_like
NG2026_Grep02455,global_consensus_representative,Nextstrain_2026_global,PP_001V7X6,global,PP_001V7X6,,,A.D.1,USA,2019-01-XX,1,AU_other_complete,US_other_complete
NG2026_Grep02460,global_consensus_representative,Nextstrain_2026_global,PP_001V81Y,global,PP_001V81Y,,,A.D.4,USA,2018-12-XX,3,AU_other_complete,US_other_complete
NG2026_Grep02463,global_consensus_representative,Nextstrain_2026_global,PP_001V86N,global,PP_001V86N,,,A.D.3,USA,2019-01-XX,2,AU_other_complete,US_C18_like
NG2026_Grep02479,global_consensus_representative,Nextstrain_2026_global,PP_001V8V9,global,PP_001V8V9,,,A.D.1,USA,2019-12-XX,1,AU_other_complete,US_other_complete
NG2026_Grep02480,global_consensus_representative,Nextstrain_2026_global,PP_001V8W7,global,PP_001V8W7,,,A.D.1,USA,2020-01-XX,1,AU_other_complete,US_other_complete
NG2026_Grep02482,global_consensus_representative,Nextstrain_2026_global,PP_001V8X5,global,PP_001V8X5,,,A.D.2.1,USA,2020-01-XX,1,AU_C4_like,US_C21_like
NG2026_Grep02486,global_consensus_representative,Nextstrain_2026_global,PP_001V95P,global,PP_001V95P,,,A.D.1.8,USA,2022-10-XX,1,AU_other_complete,US_other_complete
NG2026_Grep02487,global_consensus_representative,Nextstrain_2026_global,PP_001V96M,global,PP_001V96M,,,A.D.1,USA,2022-10-XX,1,AU_other_complete,US_other_complete
NG2026_Grep02498,global_consensus_representative,Nextstrain_2026_global,PP_001V9MQ,global,PP_001V9MQ,,,A.D.1.8,USA,2022-11-XX,5,AU_other_complete,US_C21_like
NG2026_Grep02506,global_consensus_representative,Nextstrain_2026_global,PP_001VA0Y,global,PP_001VA0Y,,,A.D.1.8,USA,2022-10-XX,1,AU_other_complete,US_C21_like
NG2026_Grep02513,global_consensus_representative,Nextstrain_2026_global,PP_001VA9E,global,PP_001VA9E,,,A.D.3.3,USA,2022-11-XX,1,AU_other_complete,US_C18_like
NG2026_Grep02514,global_consensus_representative,Nextstrain_2026_global,PP_001VAAC,global,PP_001VAAC,,,A.D.3.10,USA,2022-11-XX,1,AU_other_complete,US_C18_like
NG2026_Grep02539,global_consensus_representative,Nextstrain_2026_global,PP_001VC9C,global,PP_001VC9C,,,A.D.2.1,South Korea,2019-12-11,3,AU_other_complete,US_C21_like
NG2026_Grep02542,global_consensus_representative,Nextstrain_2026_global,PP_001VCB8,global,PP_001VCB8,,,A.D,Netherlands,2019-12-11,1,AU_other_complete,US_C18_like
NG2026_Grep02545,global_consensus_representative,Nextstrain_2026_global,PP_001VCHV,global,PP_001VCHV,,,A.D.4.1,South Africa,2018-04-11,1,AU_other_complete,US_other_complete
NG2026_Grep02550,global_consensus_representative,Nextstrain_2026_global,PP_001VCMM,global,PP_001VCMM,,,A.D.2.2,Japan,2019-09-11,4,AU_other_complete,US_C18_like
NG2026_Grep02554,global_consensus_representative,Nextstrain_2026_global,PP_001VCV5,global,PP_001VCV5,,,A.D,South Africa,2018-04-12,5,AU_other_complete,US_C18_like
NG2026_Grep02568,global_consensus_representative,Nextstrain_2026_global,PP_001VDD3,global,PP_001VDD3,,,A.D.2.1,Canada,2019-12-14,1,AU_C4_like,US_C21_like
NG2026_Grep02575,global_consensus_representative,Nextstrain_2026_global,PP_001VDQE,global,PP_001VDQE,,,A.D.5,Italy,2019-12-15,3,AU_other_complete,US_other_complete
NG2026_Grep02584,global_consensus_representative,Nextstrain_2026_global,PP_001VE1S,global,PP_001VE1S,,,A.D.1.2,Australia,2020-11-17,1,AU_other_complete,US_other_complete
NG2026_Grep02595,global_consensus_representative,Nextstrain_2026_global,PP_001VEGW,global,PP_001VEGW,,,A.D.2.2,Germany,2019-02-18,4,AU_other_complete,US_C18_like
NG2026_Grep02597,global_consensus_representative,Nextstrain_2026_global,PP_001VEKP,global,PP_001VEKP,,,A.D.2.2,Finland,2020-02-18,5,AU_other_complete,US_other_complete
NG2026_Grep02612,global_consensus_representative,Nextstrain_2026_global,PP_001VFA7,global,PP_001VFA7,,,A.D,France,2019-11-20,5,AU_other_complete,US_C18_like
NG2026_Grep02617,global_consensus_representative,Nextstrain_2026_global,PP_001VFLL,global,PP_001VFLL,,,A.D.1.2,Australia,2021-01-21,1,AU_other_complete,US_C21_like
NG2026_Grep02620,global_consensus_representative,Nextstrain_2026_global,PP_001VFW0,global,PP_001VFW0,,,A.D.5,Canada,2020-01-22,1,AU_other_complete,US_other_complete
NG2026_Grep02628,global_consensus_representative,Nextstrain_2026_global,PP_001VG7C,global,PP_001VG7C,,,A.D,Japan,2019-10-24,15,AU_other_complete,US_C18_like
NG2026_Grep02640,global_consensus_representative,Nextstrain_2026_global,PP_001VGXX,global,PP_001VGXX,,,A.D.2.2,South Africa,2019-03-26,2,AU_other_complete,US_C18_like
NG2026_Grep02658,global_consensus_representative,Nextstrain_2026_global,PP_001VHT4,global,PP_001VHT4,,,A.D.2.1,Netherlands,2020-01-29,1,AU_other_complete,US_C21_like
NG2026_Grep02668,global_consensus_representative,Nextstrain_2026_global,PP_001VJEW,global,PP_001VJEW,,,A.D.2.2.1,South Africa,2018-04-30,3,AU_other_complete,US_C18_like
NG2026_Grep02703,global_consensus_representative,Nextstrain_2026_global,PP_001VLA2,global,PP_001VLA2,,,A.D,South Africa,2018-05-09,1,AU_other_complete,US_other_complete
NG2026_Grep02746,global_consensus_representative,Nextstrain_2026_global,PP_001VP67,global,PP_001VP67,,,A.D.2.1,South Korea,2019-12-18,1,AU_other_complete,US_C21_like
NG2026_Grep02761,global_consensus_representative,Nextstrain_2026_global,PP_001VPWS,global,PP_001VPWS,,,A.D.2.2,Canada,2020-02-02,3,AU_other_complete,US_C18_like
NG2026_Grep02765,global_consensus_representative,Nextstrain_2026_global,PP_001VQ0J,global,PP_001VQ0J,,,A.D.2.2,Japan,2019-09-02,5,AU_other_complete,US_C18_like
NG2026_Grep02768,global_consensus_representative,Nextstrain_2026_global,PP_001VQ90,global,PP_001VQ90,,,A.D.2.2,Canada,2020-02-20,2,AU_other_complete,US_C18_like
NG2026_Grep02769,global_consensus_representative,Nextstrain_2026_global,PP_001VQDS,global,PP_001VQDS,,,A.D,Finland,2020-01-21,1,AU_other_complete,US_C18_like
NG2026_Grep02791,global_consensus_representative,Nextstrain_2026_global,PP_001VRP4,global,PP_001VRP4,,,A.D.2.2,Australia,2018-08-25,1,AU_other_complete,US_C18_like
NG2026_Grep02817,global_consensus_representative,Nextstrain_2026_global,PP_001VTBT,global,PP_001VTBT,,,A.D,France,2019-12-04,1,AU_other_complete,US_C18_like
NG2026_Grep02828,global_consensus_representative,Nextstrain_2026_global,PP_001VTWN,global,PP_001VTWN,,,A.D.2.1,South Korea,2019-12-06,1,AU_other_complete,US_C21_like
NG2026_Grep02843,global_consensus_representative,Nextstrain_2026_global,PP_001VXFF,global,PP_001VXFF,,,A.D.5.4,USA,2023-10-28,2,AU_other_complete,US_other_complete
NG2026_Grep02853,global_consensus_representative,Nextstrain_2026_global,PP_001VY50,global,PP_001VY50,,,A.D.3,USA,2023-11-24,1,AU_other_complete,US_C18_like
NG2026_Grep02854,global_consensus_representative,Nextstrain_2026_global,PP_001VY6Y,global,PP_001VY6Y,,,A.D.3.4,USA,2023-11-23,4,AU_other_complete,US_C18_like
NG2026_Grep02855,global_consensus_representative,Nextstrain_2026_global,PP_001VY9S,global,PP_001VY9S,,,A.D.3.3,USA,2023-11-28,7,AU_ambiguous,US_C18_like
NG2026_Grep02861,global_consensus_representative,Nextstrain_2026_global,PP_001VZ41,global,PP_001VZ41,,,A.D.5.1,USA,2024-01-11,1,AU_other_complete,US_other_complete
NG2026_Grep02863,global_consensus_representative,Nextstrain_2026_global,PP_001VZ6X,global,PP_001VZ6X,,,A.D.3.1,USA,2024-01-18,43,AU_C4_like,US_C18_like
NG2026_Grep02866,global_consensus_representative,Nextstrain_2026_global,PP_001VZDH,global,PP_001VZDH,,,A.D.1,USA,2019-12-11,5,AU_other_complete,US_other_complete
NG2026_Grep02874,global_consensus_representative,Nextstrain_2026_global,PP_001VZRS,global,PP_001VZRS,,,A.D,USA,2019-12-18,5,AU_other_complete,US_C18_like
NG2026_Grep02875,global_consensus_representative,Nextstrain_2026_global,PP_001VZUL,global,PP_001VZUL,,,A.D.3,USA,2019-12-19,1,AU_other_complete,US_C18_like
NG2026_Grep02895,global_consensus_representative,Nextstrain_2026_global,PP_001W15V,global,PP_001W15V,,,A.D.1.1,USA,2020-01-10,1,AU_other_complete,US_other_complete
NG2026_Grep02904,global_consensus_representative,Nextstrain_2026_global,PP_001W1QQ,global,PP_001W1QQ,,,A.D.2.1,USA,2020-01-24,1,AU_other_complete,US_C21_like
NG2026_Grep02905,global_consensus_representative,Nextstrain_2026_global,PP_001W1RN,global,PP_001W1RN,,,A.D.1.1,USA,2020-01-22,1,AU_other_complete,US_other_complete
NG2026_Grep02923,global_consensus_representative,Nextstrain_2026_global,PP_001W34V,global,PP_001W34V,,,A.D.5.4,USA,2023-11-09,1,AU_other_complete,US_other_complete
NG2026_Grep02933,global_consensus_representative,Nextstrain_2026_global,PP_001W3KY,global,PP_001W3KY,,,A.D,USA,2016-XX-XX,1,AU_other_complete,US_C18_like
NG2026_Grep02940,global_consensus_representative,Nextstrain_2026_global,PP_001W3VC,global,PP_001W3VC,,,A.D.2,USA,2016-XX-XX,1,AU_C4_like,US_C18_like
NG2026_Grep02945,global_consensus_representative,Nextstrain_2026_global,PP_001W402,global,PP_001W402,,,A.D,USA,2016-XX-XX,1,AU_C4_like,US_C18_like
NG2026_Grep02947,global_consensus_representative,Nextstrain_2026_global,PP_001W43W,global,PP_001W43W,,,A.D.2,USA,2014-XX-XX,1,AU_other_complete,US_C18_like
NG2026_Grep02972,global_consensus_representative,Nextstrain_2026_global,PP_001WC2Q,global,PP_001WC2Q,,,A.D.5.2,USA,2022-12-06,3,AU_other_complete,US_other_complete
NG2026_Grep02979,global_consensus_representative,Nextstrain_2026_global,PP_001WCE0,global,PP_001WCE0,,,A.D.1.7,USA,2022-12-13,3,AU_other_complete,US_other_complete
NG2026_Grep02995,global_consensus_representative,Nextstrain_2026_global,PP_001WD99,global,PP_001WD99,,,A.D.3.10,USA,2023-12-18,43,AU_other_complete,US_C18_like
NG2026_Grep02996,global_consensus_representative,Nextstrain_2026_global,PP_001WDA7,global,PP_001WDA7,,,A.D.1.8,USA,2023-12-18,8,AU_other_complete,US_other_complete
NG2026_Grep02997,global_consensus_representative,Nextstrain_2026_global,PP_001WDFX,global,PP_001WDFX,,,A.D.3.3,USA,2023-12-22,1,AU_ambiguous,US_C18_like
NG2026_Grep03033,global_consensus_representative,Nextstrain_2026_global,PP_001WFZS,global,PP_001WFZS,,,A.D.1.1,USA,2020-02-15,1,AU_other_complete,US_other_complete
NG2026_Grep03049,global_consensus_representative,Nextstrain_2026_global,PP_001WH2K,global,PP_001WH2K,,,A.D.3.1,USA,2022-10-XX,1,AU_C4_like,US_C18_like
NG2026_Grep03056,global_consensus_representative,Nextstrain_2026_global,PP_001WHGR,global,PP_001WHGR,,,A.D.3.3,USA,2024-01-31,3,AU_other_complete,US_C18_like
NG2026_Grep03057,global_consensus_representative,Nextstrain_2026_global,PP_001WHJL,global,PP_001WHJL,,,A.D.3.3,USA,2024-01-22,2,AU_other_complete,US_C18_like
NG2026_Grep03067,global_consensus_representative,Nextstrain_2026_global,PP_001WHYS,global,PP_001WHYS,,,A.D.5.4,USA,2024-02-07,1,AU_other_complete,US_other_complete
NG2026_Grep03069,global_consensus_representative,Nextstrain_2026_global,PP_001WJ4E,global,PP_001WJ4E,,,A.D.5.1,USA,2024-01-08,1,AU_other_complete,US_other_complete
NG2026_Grep03070,global_consensus_representative,Nextstrain_2026_global,PP_001WJ6A,global,PP_001WJ6A,,,A.D.1.5,USA,2023-12-05,1,AU_other_complete,US_other_complete
NG2026_Grep03072,global_consensus_representative,Nextstrain_2026_global,PP_001WJ86,global,PP_001WJ86,,,A.D.1.5,USA,2024-02-29,1,AU_other_complete,US_C21_like
NG2026_Grep03077,global_consensus_representative,Nextstrain_2026_global,PP_001WJMD,global,PP_001WJMD,,,A.D.1.5,USA,2024-02-02,1,AU_other_complete,US_other_complete
NG2026_Grep03080,global_consensus_representative,Nextstrain_2026_global,PP_001WJQ7,global,PP_001WJQ7,,,A.D.1.5,USA,2023-12-22,1,AU_other_complete,US_C21_like
NG2026_Grep03088,global_consensus_representative,Nextstrain_2026_global,PP_001WK0M,global,PP_001WK0M,,,A.D.1.9,USA,2023-12-14,1,AU_other_complete,US_other_complete
NG2026_Grep03094,global_consensus_representative,Nextstrain_2026_global,PP_001WKA1,global,PP_001WKA1,,,A.D.1.5,USA,2024-02-23,1,AU_other_complete,US_C21_like
NG2026_Grep03096,global_consensus_representative,Nextstrain_2026_global,PP_001WM3D,global,PP_001WM3D,,,A.D.2.1,South Korea,XXXX-XX-XX,1,AU_other_complete,US_C21_like
NG2026_Grep03107,global_consensus_representative,Nextstrain_2026_global,PP_001WMTY,global,PP_001WMTY,,,A.D.5.2,USA,2023-11-06,1,AU_other_complete,US_other_complete
NG2026_Grep03109,global_consensus_representative,Nextstrain_2026_global,PP_001WMWS,global,PP_001WMWS,,,A.D.1.6,USA,2023-11-15,10,AU_other_complete,US_other_complete
NG2026_Grep03111,global_consensus_representative,Nextstrain_2026_global,PP_001WMYN,global,PP_001WMYN,,,A.D.3.3,USA,2023-11-22,5,AU_other_complete,US_C18_like
NG2026_Grep03116,global_consensus_representative,Nextstrain_2026_global,PP_001WN3C,global,PP_001WN3C,,,A.D.1.5,USA,2023-12-14,2,AU_other_complete,US_C21_like
NG2026_Grep03117,global_consensus_representative,Nextstrain_2026_global,PP_001WN4A,global,PP_001WN4A,,,A.D.1.5,USA,2023-12-22,2,AU_other_complete,US_C21_like
NG2026_Grep03127,global_consensus_representative,Nextstrain_2026_global,PP_001WNP5,global,PP_001WNP5,,,A.D.3.3,USA,2023-12-16,1,AU_ambiguous,US_C18_like
NG2026_Grep03143,global_consensus_representative,Nextstrain_2026_global,PP_001WQ9Y,global,PP_001WQ9Y,,,A.D.3.5,USA,2024-01-11,2,AU_ambiguous,US_C18_like
NG2026_Grep03145,global_consensus_representative,Nextstrain_2026_global,PP_001WQHF,global,PP_001WQHF,,,A.D.3.1,USA,2024-01-18,2,AU_C4_like,US_C18_like
NG2026_Grep03147,global_consensus_representative,Nextstrain_2026_global,PP_001WQL9,global,PP_001WQL9,,,A.D.1.5,USA,2024-01-17,5,AU_other_complete,US_C21_like
NG2026_Grep03149,global_consensus_representative,Nextstrain_2026_global,PP_001WQRZ,global,PP_001WQRZ,,,A.D.3.10,USA,2024-02-11,6,AU_other_complete,US_C18_like
NG2026_Grep03175,global_consensus_representative,Nextstrain_2026_global,PP_001WSVP,global,PP_001WSVP,,,A.D.1.7,USA,2024-01-16,1,AU_other_complete,US_other_complete
NG2026_Grep03199,global_consensus_representative,Nextstrain_2026_global,PP_001WUFG,global,PP_001WUFG,,,A.D.3.1,USA,2024-02-01,9,AU_C4_like,US_C18_like
NG2026_Grep03217,global_consensus_representative,Nextstrain_2026_global,PP_001WZTL,global,PP_001WZTL,,,A.D.1.9,USA,2024-01-04,28,AU_other_complete,US_other_complete
NG2026_Grep03219,global_consensus_representative,Nextstrain_2026_global,PP_001WZUJ,global,PP_001WZUJ,,,A.D.3.3,USA,2024-01-10,1,AU_other_complete,US_C18_like
NG2026_Grep03221,global_consensus_representative,Nextstrain_2026_global,PP_001X0BG,global,PP_001X0BG,,,A.D.1.4,Ireland,2023-11-22,4,AU_other_complete,US_other_complete
NG2026_Grep03226,global_consensus_representative,Nextstrain_2026_global,PP_001X0H3,global,PP_001X0H3,,,A.D.1.4,Ireland,2023-12-04,9,AU_other_complete,US_other_complete
NG2026_Grep03228,global_consensus_representative,Nextstrain_2026_global,PP_001X19K,global,PP_001X19K,,,A.D.1.9,Ireland,2023-11-25,1,AU_other_complete,US_other_complete
NG2026_Grep03235,global_consensus_representative,Nextstrain_2026_global,PP_001X1KY,global,PP_001X1KY,,,A.D.2.1,Ireland,2023-11-15,2,AU_C4_like,US_C21_like
NG2026_Grep03239,global_consensus_representative,Nextstrain_2026_global,PP_001X1RL,global,PP_001X1RL,,,A.D.1.11,Ireland,2023-11-24,4,AU_other_complete,US_other_complete
NG2026_Grep03247,global_consensus_representative,Nextstrain_2026_global,PP_001X2AG,global,PP_001X2AG,,,A.D.1.6,Ireland,2023-10-13,3,AU_other_complete,US_other_complete
NG2026_Grep03251,global_consensus_representative,Nextstrain_2026_global,PP_001X2PP,global,PP_001X2PP,,,A.D.1.6,Ireland,2023-11-04,52,AU_other_complete,US_other_complete
NG2026_Grep03256,global_consensus_representative,Nextstrain_2026_global,PP_001X2TF,global,PP_001X2TF,,,A.D.1.5,Ireland,2023-11-20,1,AU_other_complete,US_C21_like
NG2026_Grep03258,global_consensus_representative,Nextstrain_2026_global,PP_001X2Y5,global,PP_001X2Y5,,,A.D.3.1,Ireland,2023-11-17,1,AU_other_complete,US_C18_like
NG2026_Grep03283,global_consensus_representative,Nextstrain_2026_global,PP_001X7D5,global,PP_001X7D5,,,A.D.3,China,2023-12-18,4,AU_other_complete,US_C18_like
NG2026_Grep03288,global_consensus_representative,Nextstrain_2026_global,PP_001X7LQ,global,PP_001X7LQ,,,A.D.1.5,USA,2024-XX-XX,1,AU_other_complete,US_C21_like
NG2026_Grep03296,global_consensus_representative,Nextstrain_2026_global,PP_001X8C6,global,PP_001X8C6,,,A.D.1.9,USA,2024-02-26,64,AU_other_complete,US_other_complete
NG2026_Grep03302,global_consensus_representative,Nextstrain_2026_global,PP_001X8U7,global,PP_001X8U7,,,A.D.3.1,USA,2024-03-12,1,AU_C4_like,US_C18_like
NG2026_Grep03308,global_consensus_representative,Nextstrain_2026_global,PP_001X99B,global,PP_001X99B,,,A.D.3.5,USA,2023-12-18,1,AU_other_complete,US_C18_like
NG2026_Grep03312,global_consensus_representative,Nextstrain_2026_global,PP_001X9E1,global,PP_001X9E1,,,A.D.1.6,USA,2023-12-19,1,AU_other_complete,US_other_complete
NG2026_Grep03314,global_consensus_representative,Nextstrain_2026_global,PP_001X9GX,global,PP_001X9GX,,,A.D.2.1,USA,2024-02-15,1,AU_C4_like,US_C21_like
NG2026_Grep03328,global_consensus_representative,Nextstrain_2026_global,PP_001XBFX,global,PP_001XBFX,,,A.D.3,United Kingdom,2019-12-13,6,AU_other_complete,US_C18_like
NG2026_Grep03329,global_consensus_representative,Nextstrain_2026_global,PP_001XBGV,global,PP_001XBGV,,,A.D.3,United Kingdom,2019-12-13,9,AU_other_complete,US_C18_like
NG2026_Grep03335,global_consensus_representative,Nextstrain_2026_global,PP_001XBT6,global,PP_001XBT6,,,A.D.5,United Kingdom,2019-12-05,1,AU_other_complete,US_C18_like
NG2026_Grep03338,global_consensus_representative,Nextstrain_2026_global,PP_001XBXY,global,PP_001XBXY,,,A.D.3.1,United Kingdom,2021-08-04,5,AU_other_complete,US_C18_like
NG2026_Grep03342,global_consensus_representative,Nextstrain_2026_global,PP_001XC2N,global,PP_001XC2N,,,A.D.1,United Kingdom,2021-09-03,3,AU_other_complete,US_other_complete
NG2026_Grep03377,global_consensus_representative,Nextstrain_2026_global,PP_001XEC0,global,PP_001XEC0,,,A.D.1,United Kingdom,2022-10-12,11,AU_other_complete,US_other_complete
NG2026_Grep03384,global_consensus_representative,Nextstrain_2026_global,PP_001XER7,global,PP_001XER7,,,A.D.3.3,United Kingdom,2022-10-10,2,AU_other_complete,US_C18_like
NG2026_Grep03411,global_consensus_representative,Nextstrain_2026_global,PP_001XGDW,global,PP_001XGDW,,,A.D.5.1,United Kingdom,2022-07-30,1,AU_other_complete,US_other_complete
NG2026_Grep03424,global_consensus_representative,Nextstrain_2026_global,PP_001XH4D,global,PP_001XH4D,,,A.D.2.1,USA,2023-12-31,6,AU_C4_like,US_C21_like
NG2026_Grep03426,global_consensus_representative,Nextstrain_2026_global,PP_001XHBZ,global,PP_001XHBZ,,,A.D.4,Belgium,2017-XX-XX,1,AU_other_complete,US_other_complete
NG2026_Grep03440,global_consensus_representative,Nextstrain_2026_global,PP_001XHS2,global,PP_001XHS2,,,A.D.5,Belgium,2019-XX-XX,1,AU_other_complete,US_other_complete
NG2026_Grep03442,global_consensus_representative,Nextstrain_2026_global,PP_001XHWU,global,PP_001XHWU,,,A.D.5,Belgium,2019-XX-XX,1,AU_other_complete,US_other_complete
NG2026_Grep03445,global_consensus_representative,Nextstrain_2026_global,PP_001XHYQ,global,PP_001XHYQ,,,A.D.2.2,Belgium,2019-XX-XX,1,AU_other_complete,US_C18_like
NG2026_Grep03447,global_consensus_representative,Nextstrain_2026_global,PP_001XJ2G,global,PP_001XJ2G,,,A.D.5,Belgium,2019-XX-XX,4,AU_other_complete,US_other_complete
NG2026_Grep03449,global_consensus_representative,Nextstrain_2026_global,PP_001XJ1J,global,PP_001XJ1J,,,A.D.5,Belgium,2019-XX-XX,9,AU_other_complete,US_other_complete
NG2026_Grep03454,global_consensus_representative,Nextstrain_2026_global,PP_001XJA0,global,PP_001XJA0,,,A.D.5,Belgium,2019-XX-XX,1,AU_other_complete,US_other_complete
NG2026_Grep03464,global_consensus_representative,Nextstrain_2026_global,PP_001XM81,global,PP_001XM81,,,A.2.1.1,United Kingdom,2009-XX-XX,1,AU_ambiguous,US_other_complete
NG2026_Grep03465,global_consensus_representative,Nextstrain_2026_global,PP_001XPAV,global,PP_001XPAV,,,A.D.1.5,Argentina,2023-05-25,5,AU_other_complete,US_other_complete
NG2026_Grep03467,global_consensus_representative,Nextstrain_2026_global,PP_001XPCR,global,PP_001XPCR,,,A.D.1.5,Argentina,2023-05-22,1,AU_other_complete,US_other_complete
NG2026_Grep03512,global_consensus_representative,Nextstrain_2026_global,PP_001XR9V,global,PP_001XR9V,,,A.D,Panama,2018-08-02,2,AU_other_complete,US_C18_like
NG2026_Grep03532,global_consensus_representative,Nextstrain_2026_global,PP_001XS7Y,global,PP_001XS7Y,,,A.D.1.5,USA,2022-11-22,1,AU_other_complete,US_C21_like
NG2026_Grep03534,global_consensus_representative,Nextstrain_2026_global,PP_001XSDL,global,PP_001XSDL,,,A.D.1.5,USA,2022-11-12,2,AU_other_complete,US_C21_like
NG2026_Grep03538,global_consensus_representative,Nextstrain_2026_global,PP_001XSJ9,global,PP_001XSJ9,,,A.D.2.1,USA,2022-12-25,1,AU_C4_like,US_C21_like
NG2026_Grep03539,global_consensus_representative,Nextstrain_2026_global,PP_001XSM3,global,PP_001XSM3,,,A.D.1.5,USA,2022-12-31,1,AU_other_complete,US_C21_like
NG2026_Grep03544,global_consensus_representative,Nextstrain_2026_global,PP_001XSVM,global,PP_001XSVM,,,A.D.1.8,USA,2023-01-11,1,AU_other_complete,US_other_complete
NG2026_Grep03561,global_consensus_representative,Nextstrain_2026_global,PP_001XU0A,global,PP_001XU0A,,,A.D.2.1,USA,2021-10-13,1,AU_C4_like,US_C21_like
NG2026_Grep03571,global_consensus_representative,Nextstrain_2026_global,PP_001XUGC,global,PP_001XUGC,,,A.D.3.3,USA,2023-11-02,1,AU_other_complete,US_C18_like
NG2026_Grep03577,global_consensus_representative,Nextstrain_2026_global,PP_001XUM1,global,PP_001XUM1,,,A.D.5.2,France,2023-11-19,29,AU_other_complete,US_other_complete
NG2026_Grep03579,global_consensus_representative,Nextstrain_2026_global,PP_001XUWH,global,PP_001XUWH,,,A.D.1.7,France,2023-11-13,3,AU_other_complete,US_other_complete
NG2026_Grep03580,global_consensus_representative,Nextstrain_2026_global,PP_001XUXF,global,PP_001XUXF,,,A.D.5.1,France,2023-11-18,18,AU_other_complete,US_other_complete
NG2026_Grep03599,global_consensus_representative,Nextstrain_2026_global,PP_001XX8R,global,PP_001XX8R,,,A.D.3,France,2023-12-07,11,AU_other_complete,US_C18_like
NG2026_Grep03616,global_consensus_representative,Nextstrain_2026_global,PP_001XY06,global,PP_001XY06,,,A.D.5.1,France,2023-12-04,5,AU_other_complete,US_other_complete
NG2026_Grep03619,global_consensus_representative,Nextstrain_2026_global,PP_001XY22,global,PP_001XY22,,,A.D.3.1,France,2023-10-08,2,AU_other_complete,US_C18_like
NG2026_Grep03622,global_consensus_representative,Nextstrain_2026_global,PP_001XY6U,global,PP_001XY6U,,,A.D.3,France,2023-12-03,16,AU_other_complete,US_C18_like
NG2026_Grep03627,global_consensus_representative,Nextstrain_2026_global,PP_001XYAL,global,PP_001XYAL,,,A.D.5.1,France,2023-11-18,1,AU_other_complete,US_other_complete
NG2026_Grep03629,global_consensus_representative,Nextstrain_2026_global,PP_001XYCG,global,PP_001XYCG,,,A.D.1.10,France,2023-11-21,23,AU_other_complete,US_other_complete
NG2026_Grep03630,global_consensus_representative,Nextstrain_2026_global,PP_001XYEC,global,PP_001XYEC,,,A.D.1.10,France,2023-12-06,3,AU_other_complete,US_other_complete
NG2026_Grep03633,global_consensus_representative,Nextstrain_2026_global,PP_001XYLZ,global,PP_001XYLZ,,,A.D.3,France,2023-12-17,6,AU_other_complete,US_C18_like
NG2026_Grep03640,global_consensus_representative,Nextstrain_2026_global,PP_001XYVF,global,PP_001XYVF,,,A.D.1.9,France,2023-12-12,21,AU_other_complete,US_other_complete
NG2026_Grep03656,global_consensus_representative,Nextstrain_2026_global,PP_001XZG7,global,PP_001XZG7,,,A.D.3.1,France,2023-12-03,3,AU_C4_like,US_C18_like
NG2026_Grep03664,global_consensus_representative,Nextstrain_2026_global,PP_001XZUG,global,PP_001XZUG,,,A.D.1.5,France,2023-12-14,6,AU_other_complete,US_other_complete
NG2026_Grep03667,global_consensus_representative,Nextstrain_2026_global,PP_001XZY8,global,PP_001XZY8,,,A.D.2.1,France,2023-12-30,2,AU_C4_like,US_C21_like
NG2026_Grep03673,global_consensus_representative,Nextstrain_2026_global,PP_001Y04U,global,PP_001Y04U,,,A.D.5.1,France,2023-12-29,1,AU_other_complete,US_other_complete
NG2026_Grep03678,global_consensus_representative,Nextstrain_2026_global,PP_001Y0E8,global,PP_001Y0E8,,,A.D.5.1,France,2024-01-01,1,AU_other_complete,US_other_complete
NG2026_Grep03679,global_consensus_representative,Nextstrain_2026_global,PP_001Y0H1,global,PP_001Y0H1,,,A.D.1.10,France,2023-11-28,2,AU_other_complete,US_other_complete
NG2026_Grep03688,global_consensus_representative,Nextstrain_2026_global,PP_001Y0W9,global,PP_001Y0W9,,,A.D.1.10,France,2023-12-09,1,AU_other_complete,US_other_complete
NG2026_Grep03689,global_consensus_representative,Nextstrain_2026_global,PP_001Y0X7,global,PP_001Y0X7,,,A.D.1.6,France,2023-11-27,16,AU_other_complete,US_other_complete
NG2026_Grep03697,global_consensus_representative,Nextstrain_2026_global,PP_001Y19H,global,PP_001Y19H,,,A.D.1.9,France,2023-11-02,8,AU_other_complete,US_other_complete
NG2026_Grep03711,global_consensus_representative,Nextstrain_2026_global,PP_001Y1SG,global,PP_001Y1SG,,,A.D.4,France,2023-12-04,3,AU_other_complete,US_other_complete
NG2026_Grep03726,global_consensus_representative,Nextstrain_2026_global,PP_001Y2KV,global,PP_001Y2KV,,,A.D.1.5,France,2023-11-28,2,AU_other_complete,US_other_complete
NG2026_Grep03729,global_consensus_representative,Nextstrain_2026_global,PP_001Y2W7,global,PP_001Y2W7,,,A.D.3.5,France,2023-12-06,4,AU_other_complete,US_C18_like
NG2026_Grep03730,global_consensus_representative,Nextstrain_2026_global,PP_001Y2X5,global,PP_001Y2X5,,,A.D.1.5,France,2023-12-12,5,AU_other_complete,US_C21_like
NG2026_Grep03733,global_consensus_representative,Nextstrain_2026_global,PP_001Y32V,global,PP_001Y32V,,,A.D.1.9,France,2023-10-25,1,AU_other_complete,US_other_complete
NG2026_Grep03738,global_consensus_representative,Nextstrain_2026_global,PP_001Y3C9,global,PP_001Y3C9,,,A.D.1.10,France,2024-01-02,1,AU_other_complete,US_other_complete
NG2026_Grep03744,global_consensus_representative,Nextstrain_2026_global,PP_001Y3V8,global,PP_001Y3V8,,,A.D.1.6,France,2023-11-03,1,AU_other_complete,US_other_complete
NG2026_Grep03745,global_consensus_representative,Nextstrain_2026_global,PP_001Y43S,global,PP_001Y43S,,,A.D.1.10,France,2023-11-28,1,AU_other_complete,US_other_complete
NG2026_Grep03753,global_consensus_representative,Nextstrain_2026_global,PP_001Y4NM,global,PP_001Y4NM,,,A.D.1.10,France,2023-12-10,1,AU_other_complete,US_other_complete
NG2026_Grep03756,global_consensus_representative,Nextstrain_2026_global,PP_001Y4X3,global,PP_001Y4X3,,,A.D.5.1,France,2024-01-13,1,AU_other_complete,US_other_complete
NG2026_Grep03770,global_consensus_representative,Nextstrain_2026_global,PP_001Y5LQ,global,PP_001Y5LQ,,,A.D.1.5,France,2023-11-28,1,AU_other_complete,US_C21_like
NG2026_Grep03773,global_consensus_representative,Nextstrain_2026_global,PP_001Y5QG,global,PP_001Y5QG,,,A.D.3.1,France,2023-11-26,1,AU_C4_like,US_C18_like
NG2026_Grep03779,global_consensus_representative,Nextstrain_2026_global,PP_001Y61U,global,PP_001Y61U,,,A.D.1.9,France,2023-12-27,2,AU_other_complete,US_other_complete
NG2026_Grep03780,global_consensus_representative,Nextstrain_2026_global,PP_001Y63Q,global,PP_001Y63Q,,,A.D.1.5,France,2023-10-04,1,AU_other_complete,US_C21_like
NG2026_Grep03785,global_consensus_representative,Nextstrain_2026_global,PP_001Y6C6,global,PP_001Y6C6,,,A.D.1.5,France,2023-12-26,1,AU_other_complete,US_C21_like
NG2026_Grep03803,global_consensus_representative,Nextstrain_2026_global,PP_001Y7E1,global,PP_001Y7E1,,,A.D.3.1,France,2023-12-03,1,AU_C4_like,US_C18_like
NG2026_Grep03810,global_consensus_representative,Nextstrain_2026_global,PP_001Y7ZW,global,PP_001Y7ZW,,,A.D.1.10,France,2023-12-26,5,AU_other_complete,US_other_complete
NG2026_Grep03826,global_consensus_representative,Nextstrain_2026_global,PP_001Y91R,global,PP_001Y91R,,,A.D.1.10,France,2023-12-11,1,AU_other_complete,US_other_complete
NG2026_Grep03829,global_consensus_representative,Nextstrain_2026_global,PP_001Y97D,global,PP_001Y97D,,,A.D.5,France,2024-01-01,1,AU_other_complete,US_other_complete
NG2026_Grep03838,global_consensus_representative,Nextstrain_2026_global,PP_001Y9QC,global,PP_001Y9QC,,,A.D.3.1,France,2023-11-29,1,AU_C4_like,US_C18_like
NG2026_Grep03848,global_consensus_representative,Nextstrain_2026_global,PP_001YAEY,global,PP_001YAEY,,,A.D.1.10,France,2024-01-11,1,AU_other_complete,US_other_complete
NG2026_Grep03849,global_consensus_representative,Nextstrain_2026_global,PP_001YAGU,global,PP_001YAGU,,,A.D.1.6,France,2024-03-12,1,AU_other_complete,US_other_complete
NG2026_Grep03851,global_consensus_representative,Nextstrain_2026_global,PP_001YANF,global,PP_001YANF,,,A.D.3.1,USA,2024-11-22,7,AU_other_complete,US_C18_like
NG2026_Grep03852,global_consensus_representative,Nextstrain_2026_global,PP_001YAPD,global,PP_001YAPD,,,A.D.3.11,USA,2024-11-24,99,AU_other_complete,US_C18_like
NG2026_Grep03854,global_consensus_representative,Nextstrain_2026_global,PP_001YAR9,global,PP_001YAR9,,,A.D.1.9,USA,2024-11-26,17,AU_other_complete,US_other_complete
NG2026_Grep03855,global_consensus_representative,Nextstrain_2026_global,PP_001YAT5,global,PP_001YAT5,,,A.D.3.9,USA,2024-11-26,26,AU_other_complete,US_C18_like
NG2026_Grep03858,global_consensus_representative,Nextstrain_2026_global,PP_001YAYV,global,PP_001YAYV,,,A.D.1.6,USA,2024-11-25,25,AU_other_complete,US_other_complete
NG2026_Grep03859,global_consensus_representative,Nextstrain_2026_global,PP_001YB1P,global,PP_001YB1P,,,A.D.3.11,USA,2024-11-24,4,AU_other_complete,US_C18_like
NG2026_Grep03862,global_consensus_representative,Nextstrain_2026_global,PP_001YB89,global,PP_001YB89,,,A.D.1.9,USA,2024-11-19,5,AU_other_complete,US_other_complete
NG2026_Grep03863,global_consensus_representative,Nextstrain_2026_global,PP_001YB7B,global,PP_001YB7B,,,A.D.1.5,USA,2024-11-13,26,AU_other_complete,US_other_complete
NG2026_Grep03866,global_consensus_representative,Nextstrain_2026_global,PP_001YBGT,global,PP_001YBGT,,,A.D.3.11,USA,2024-11-19,16,AU_other_complete,US_C18_like
NG2026_Grep03868,global_consensus_representative,Nextstrain_2026_global,PP_001YBMG,global,PP_001YBMG,,,A.D.3.1,USA,2024-11-13,1,AU_other_complete,US_C18_like
NG2026_Grep03869,global_consensus_representative,Nextstrain_2026_global,PP_001YBNE,global,PP_001YBNE,,,A.D.5.2,USA,2024-11-08,3,AU_other_complete,US_other_complete
NG2026_Grep03871,global_consensus_representative,Nextstrain_2026_global,PP_001YBU2,global,PP_001YBU2,,,A.D.3.1,USA,2024-11-08,2,AU_other_complete,US_C18_like
NG2026_Grep03876,global_consensus_representative,Nextstrain_2026_global,PP_001YC3J,global,PP_001YC3J,,,A.D.2.1,USA,2024-08-17,2,AU_other_complete,US_C21_like
NG2026_Grep03877,global_consensus_representative,Nextstrain_2026_global,PP_001YC5E,global,PP_001YC5E,,,A.D.3.5,USA,2024-01-12,1,AU_other_complete,US_C18_like
NG2026_Grep03878,global_consensus_representative,Nextstrain_2026_global,PP_001YC7A,global,PP_001YC7A,,,A.D.5.4,USA,2024-01-12,1,AU_other_complete,US_other_complete
NG2026_Grep03880,global_consensus_representative,Nextstrain_2026_global,PP_001YCA4,global,PP_001YCA4,,,A.D.3.6,USA,2024-01-15,1,AU_other_complete,US_C18_like
NG2026_Grep03893,global_consensus_representative,Nextstrain_2026_global,PP_001YCWX,global,PP_001YCWX,,,A.D.1.5,Mexico,2022-11-04,1,AU_other_complete,US_C21_like
NG2026_Grep03895,global_consensus_representative,Nextstrain_2026_global,PP_001YCYT,global,PP_001YCYT,,,A.D.1.5,Mexico,2022-11-28,2,AU_other_complete,US_C21_like
NG2026_Grep03896,global_consensus_representative,Nextstrain_2026_global,PP_001YCZR,global,PP_001YCZR,,,A.D.1.5,Mexico,2022-11-28,2,AU_other_complete,US_C21_like
NG2026_Grep03898,global_consensus_representative,Nextstrain_2026_global,PP_001YD4F,global,PP_001YD4F,,,A.D.1.5,Mexico,2023-01-24,1,AU_other_complete,US_C21_like
NG2026_Grep03899,global_consensus_representative,Nextstrain_2026_global,PP_001YD5D,global,PP_001YD5D,,,A.D.1.5,Mexico,2023-01-24,1,AU_other_complete,US_C21_like
NG2026_Grep03900,global_consensus_representative,Nextstrain_2026_global,PP_001YD6B,global,PP_001YD6B,,,A.D.1.5,Mexico,2023-02-15,1,AU_other_complete,US_C21_like
NG2026_Grep03901,global_consensus_representative,Nextstrain_2026_global,PP_001YD79,global,PP_001YD79,,,A.D.1.5,Mexico,2023-02-27,1,AU_other_complete,US_C21_like
NG2026_Grep03904,global_consensus_representative,Nextstrain_2026_global,PP_001YDME,global,PP_001YDME,,,A.D.3.4,Mexico,2023-11-08,6,AU_other_complete,US_C18_like
NG2026_Grep03905,global_consensus_representative,Nextstrain_2026_global,PP_001YDPA,global,PP_001YDPA,,,A.D.5.2,Mexico,2023-11-13,3,AU_other_complete,US_other_complete
NG2026_Grep03908,global_consensus_representative,Nextstrain_2026_global,PP_001YE0N,global,PP_001YE0N,,,A.D.5.1,Mexico,2023-12-04,1,AU_other_complete,US_C21_like
NG2026_Grep03912,global_consensus_representative,Nextstrain_2026_global,PP_001YE4E,global,PP_001YE4E,,,A.D.1.5,Mexico,2023-12-05,1,AU_other_complete,US_C21_like
NG2026_Grep03913,global_consensus_representative,Nextstrain_2026_global,PP_001YE78,global,PP_001YE78,,,A.D.1.5,Mexico,2023-12-08,2,AU_other_complete,US_C21_like
NG2026_Grep03916,global_consensus_representative,Nextstrain_2026_global,PP_001YECY,global,PP_001YECY,,,A.D.1.5,Mexico,2023-12-14,1,AU_other_complete,US_C21_like
NG2026_Grep03917,global_consensus_representative,Nextstrain_2026_global,PP_001YEEU,global,PP_001YEEU,,,A.D.1.5,Mexico,2024-01-16,2,AU_other_complete,US_C21_like
NG2026_Grep03920,global_consensus_representative,Nextstrain_2026_global,PP_001YEJK,global,PP_001YEJK,,,A.D.3.11,USA,2024-12-07,2,AU_other_complete,US_C18_like
NG2026_Grep03922,global_consensus_representative,Nextstrain_2026_global,PP_001YEP9,global,PP_001YEP9,,,A.D.3.11,USA,2024-12-06,1,AU_other_complete,US_C18_like
NG2026_Grep03923,global_consensus_representative,Nextstrain_2026_global,PP_001YF0M,global,PP_001YF0M,,,A.D.1.6,USA,2024-11-28,6,AU_other_complete,US_other_complete
NG2026_Grep03926,global_consensus_representative,Nextstrain_2026_global,PP_001YFCX,global,PP_001YFCX,,,A.D.1.5,USA,2024-09-20,1,AU_other_complete,US_C21_like
NG2026_Grep03928,global_consensus_representative,Nextstrain_2026_global,PP_001YFKG,global,PP_001YFKG,,,A.D.1.6,USA,2024-12-07,1,AU_other_complete,US_other_complete
NG2026_Grep03930,global_consensus_representative,Nextstrain_2026_global,PP_001YFNA,global,PP_001YFNA,,,A.D.3.11,USA,2024-12-10,9,AU_other_complete,US_C18_like
NG2026_Grep03935,global_consensus_representative,Nextstrain_2026_global,PP_001YFYQ,global,PP_001YFYQ,,,A.D.1.5,USA,2024-12-22,1,AU_other_complete,US_C21_like
NG2026_Grep03944,global_consensus_representative,Nextstrain_2026_global,PP_001YGDU,global,PP_001YGDU,,,A.D.3.1,USA,2024-12-21,4,AU_other_complete,US_C18_like
NG2026_Grep03945,global_consensus_representative,Nextstrain_2026_global,PP_001YGCW,global,PP_001YGCW,,,A.D.3.1,USA,2024-12-16,54,AU_C4_like,US_C18_like
NG2026_Grep03951,global_consensus_representative,Nextstrain_2026_global,PP_001YGQ5,global,PP_001YGQ5,,,A.D.3,France,2024-01-19,6,AU_other_complete,US_C18_like
NG2026_Grep03960,global_consensus_representative,Nextstrain_2026_global,PP_001YHCV,global,PP_001YHCV,,,A.D.1.10,France,2023-12-01,1,AU_other_complete,US_other_complete
NG2026_Grep03969,global_consensus_representative,Nextstrain_2026_global,PP_001YHUW,global,PP_001YHUW,,,A.D.5.1,France,2023-12-12,1,AU_other_complete,US_other_complete
NG2026_Grep03980,global_consensus_representative,Nextstrain_2026_global,PP_001YJP5,global,PP_001YJP5,,,A.D.1.11,France,2023-12-27,2,AU_other_complete,US_other_complete
NG2026_Grep03992,global_consensus_representative,Nextstrain_2026_global,PP_001YKHG,global,PP_001YKHG,,,A.D.1.5,USA,2024-12-30,4,AU_other_complete,US_C21_like
NG2026_Grep03993,global_consensus_representative,Nextstrain_2026_global,PP_001YKKC,global,PP_001YKKC,,,A.D.3.4,USA,2024-12-29,7,AU_other_complete,US_C18_like
NG2026_Grep03994,global_consensus_representative,Nextstrain_2026_global,PP_001YKN6,global,PP_001YKN6,,,A.D.3.7,USA,2024-12-24,1,AU_other_complete,US_C18_like
NG2026_Grep03996,global_consensus_representative,Nextstrain_2026_global,PP_001YKP4,global,PP_001YKP4,,,A.D.1.5,USA,2024-12-24,2,AU_other_complete,US_C21_like
NG2026_Grep03997,global_consensus_representative,Nextstrain_2026_global,PP_001YKR0,global,PP_001YKR0,,,A.D.1.6,USA,2024-12-23,19,AU_other_complete,US_other_complete
NG2026_Grep04000,global_consensus_representative,Nextstrain_2026_global,PP_001YL0G,global,PP_001YL0G,,,A.D.1.5,USA,2024-12-26,29,AU_other_complete,US_other_complete
NG2026_Grep04007,global_consensus_representative,Nextstrain_2026_global,PP_001YLCS,global,PP_001YLCS,,,A.D.1.11,USA,2025-01-02,1,AU_other_complete,US_other_complete
NG2026_Grep04009,global_consensus_representative,Nextstrain_2026_global,PP_001YLL9,global,PP_001YLL9,,,A.D.3.3,USA,2024-12-31,1,AU_other_complete,US_C18_like
NG2026_Grep04015,global_consensus_representative,Nextstrain_2026_global,PP_001YM2B,global,PP_001YM2B,,,A.D.3.1,USA,2025-01-06,4,AU_other_complete,US_C18_like
NG2026_Grep04021,global_consensus_representative,Nextstrain_2026_global,PP_001YMDP,global,PP_001YMDP,,,A.D.1.5,USA,2025-01-04,2,AU_other_complete,US_C21_like
NG2026_Grep04026,global_consensus_representative,Nextstrain_2026_global,PP_001YN2A,global,PP_001YN2A,,,A.D.3.3,USA,2025-01-14,3,AU_other_complete,US_C18_like
NG2026_Grep04032,global_consensus_representative,Nextstrain_2026_global,PP_001YNFJ,global,PP_001YNFJ,,,A.D.3.7,USA,2025-01-11,9,AU_other_complete,US_C18_like
NG2026_Grep04033,global_consensus_representative,Nextstrain_2026_global,PP_001YNJB,global,PP_001YNJB,,,A.D.3.9,USA,2025-01-11,1,AU_other_complete,US_C18_like
NG2026_Grep04035,global_consensus_representative,Nextstrain_2026_global,PP_001YNL7,global,PP_001YNL7,,,A.D.3.11,USA,2025-01-12,1,AU_other_complete,US_C18_like
NG2026_Grep04038,global_consensus_representative,Nextstrain_2026_global,PP_001YNUR,global,PP_001YNUR,,,A.D.1.9,USA,2025-01-15,7,AU_other_complete,US_other_complete
NG2026_Grep04040,global_consensus_representative,Nextstrain_2026_global,PP_001YP45,global,PP_001YP45,,,A.D.3.1,USA,2025-01-16,19,AU_C4_like,US_C18_like
NG2026_Grep04044,global_consensus_representative,Nextstrain_2026_global,PP_001YPK8,global,PP_001YPK8,,,A.D.3.1,USA,2025-01-20,20,AU_C4_like,US_C18_like
NG2026_Grep04046,global_consensus_representative,Nextstrain_2026_global,PP_001YPQY,global,PP_001YPQY,,,A.D.3.1,USA,2025-01-21,1,AU_C4_like,US_C18_like
NG2026_Grep04048,global_consensus_representative,Nextstrain_2026_global,PP_001YPSU,global,PP_001YPSU,,,A.D.1.5,USA,2025-01-19,1,AU_other_complete,US_C21_like
NG2026_Grep04049,global_consensus_representative,Nextstrain_2026_global,PP_001YPUQ,global,PP_001YPUQ,,,A.D.1.6,USA,2025-01-20,12,AU_other_complete,US_other_complete
NG2026_Grep04059,global_consensus_representative,Nextstrain_2026_global,PP_001YQM3,global,PP_001YQM3,,,A.D.3.3,USA,2024-11-17,1,AU_other_complete,US_C18_like
NG2026_Grep04060,global_consensus_representative,Nextstrain_2026_global,PP_001YQPZ,global,PP_001YQPZ,,,A.D.3.4,USA,2024-11-30,3,AU_other_complete,US_C18_like
NG2026_Grep04062,global_consensus_representative,Nextstrain_2026_global,PP_001YQRV,global,PP_001YQRV,,,A.D.1.9,USA,2024-12-03,7,AU_other_complete,US_other_complete
NG2026_Grep04066,global_consensus_representative,Nextstrain_2026_global,PP_001YQYF,global,PP_001YQYF,,,A.D.3.3,USA,2024-11-17,4,AU_other_complete,US_C18_like
NG2026_Grep04067,global_consensus_representative,Nextstrain_2026_global,PP_001YR19,global,PP_001YR19,,,A.D.3.3,USA,2024-02-01,1,AU_other_complete,US_C18_like
NG2026_Grep04071,global_consensus_representative,Nextstrain_2026_global,PP_001YR7X,global,PP_001YR7X,,,A.D.1.5,USA,2023-12-08,1,AU_other_complete,US_other_complete
NG2026_Grep04072,global_consensus_representative,Nextstrain_2026_global,PP_001YR8V,global,PP_001YR8V,,,A.D.3,USA,2023-11-01,7,AU_other_complete,US_C18_like
NG2026_Grep04079,global_consensus_representative,Nextstrain_2026_global,PP_001YREH,global,PP_001YREH,,,A.D.1.5,USA,2023-12-15,1,AU_other_complete,US_C21_like
NG2026_Grep04083,global_consensus_representative,Nextstrain_2026_global,PP_001YRN0,global,PP_001YRN0,,,A.D.1.5,USA,2023-12-10,1,AU_other_complete,US_C21_like
NG2026_Grep04089,global_consensus_representative,Nextstrain_2026_global,PP_001YS0A,global,PP_001YS0A,,,A.D.1.5,USA,2023-12-11,1,AU_other_complete,US_C21_like
NG2026_Grep04095,global_consensus_representative,Nextstrain_2026_global,PP_001YSBN,global,PP_001YSBN,,,A.D.1,USA,2023-11-28,1,AU_other_complete,US_other_complete
NG2026_Grep04101,global_consensus_representative,Nextstrain_2026_global,PP_001YSM1,global,PP_001YSM1,,,A.D.1.5,USA,2024-11-13,1,AU_other_complete,US_C21_like
NG2026_Grep04109,global_consensus_representative,Nextstrain_2026_global,PP_001YT8T,global,PP_001YT8T,,,A.D.1.11,USA,2024-12-19,1,AU_other_complete,US_other_complete
NG2026_Grep04113,global_consensus_representative,Nextstrain_2026_global,PP_001YTL2,global,PP_001YTL2,,,A.D.3.7,USA,2025-01-22,6,AU_other_complete,US_C18_like
NG2026_Grep04115,global_consensus_representative,Nextstrain_2026_global,PP_001YTNY,global,PP_001YTNY,,,A.D.5.1,USA,2025-01-23,1,AU_other_complete,US_other_complete
NG2026_Grep04116,global_consensus_representative,Nextstrain_2026_global,PP_001YTPW,global,PP_001YTPW,,,A.D.3.3,USA,2025-01-26,1,AU_other_complete,US_C18_like
NG2026_Grep04118,global_consensus_representative,Nextstrain_2026_global,PP_001YU24,global,PP_001YU24,,,A.D.3.11,USA,2025-01-26,5,AU_other_complete,US_C18_like
NG2026_Grep04145,global_consensus_representative,Nextstrain_2026_global,PP_001YW30,global,PP_001YW30,,,A.D.1.6,USA,2025-01-29,12,AU_other_complete,US_other_complete
NG2026_Grep04148,global_consensus_representative,Nextstrain_2026_global,PP_001YW9N,global,PP_001YW9N,,,A.D.3.1,USA,2025-01-29,1,AU_C4_like,US_C18_like
NG2026_Grep04155,global_consensus_representative,Nextstrain_2026_global,PP_001YX13,global,PP_001YX13,,,A.D.1.10,USA,2025-02-05,19,AU_other_complete,US_other_complete
NG2026_Grep04163,global_consensus_representative,Nextstrain_2026_global,PP_001YXK0,global,PP_001YXK0,,,A.D.1.5,USA,2025-02-03,1,AU_other_complete,US_other_complete
NG2026_Grep04164,global_consensus_representative,Nextstrain_2026_global,PP_001YXQQ,global,PP_001YXQQ,,,A.D.1.6,USA,2025-02-04,2,AU_other_complete,US_other_complete
NG2026_Grep04167,global_consensus_representative,Nextstrain_2026_global,PP_001YXWC,global,PP_001YXWC,,,A.D.3.1,USA,2025-02-03,3,AU_other_complete,US_C18_like
NG2026_Grep04173,global_consensus_representative,Nextstrain_2026_global,PP_001YYSK,global,PP_001YYSK,,,A.D.3.11,USA,2025-02-11,1,AU_other_complete,US_C18_like
NG2026_Grep04179,global_consensus_representative,Nextstrain_2026_global,PP_001YZ11,global,PP_001YZ11,,,A.D.3.1,USA,2025-02-11,4,AU_other_complete,US_C18_like
NG2026_Grep04180,global_consensus_representative,Nextstrain_2026_global,PP_001YZ6R,global,PP_001YZ6R,,,A.D.1.5,USA,2025-02-07,2,AU_other_complete,US_C21_like
NG2026_Grep04184,global_consensus_representative,Nextstrain_2026_global,PP_001YZNS,global,PP_001YZNS,,,A.D.5.1,USA,2025-02-05,7,AU_other_complete,US_other_complete
NG2026_Grep04189,global_consensus_representative,Nextstrain_2026_global,PP_001Z0G2,global,PP_001Z0G2,,,A.D.1.6,USA,2025-02-13,18,AU_other_complete,US_other_complete
NG2026_Grep04196,global_consensus_representative,Nextstrain_2026_global,PP_001Z1BB,global,PP_001Z1BB,,,A.D.3.1,USA,2025-02-13,1,AU_C4_like,US_C18_like
NG2026_Grep04200,global_consensus_representative,Nextstrain_2026_global,PP_001Z1SE,global,PP_001Z1SE,,,A.D.3.3,USA,2025-01-24,8,AU_C4_like,US_C18_like
NG2026_Grep04207,global_consensus_representative,Nextstrain_2026_global,PP_001Z2TB,global,PP_001Z2TB,,,A.D.3.1,USA,2025-02-17,2,AU_other_complete,US_C18_like
NG2026_Grep04211,global_consensus_representative,Nextstrain_2026_global,PP_001Z34P,global,PP_001Z34P,,,A.D.3.12,USA,2025-02-20,5,AU_other_complete,US_C18_like
NG2026_Grep04213,global_consensus_representative,Nextstrain_2026_global,PP_001Z3C7,global,PP_001Z3C7,,,A.D.3.1,USA,2025-02-24,1,AU_C4_like,US_C18_like
NG2026_Grep04215,global_consensus_representative,Nextstrain_2026_global,PP_001Z3GZ,global,PP_001Z3GZ,,,A.D.3.1,USA,2025-02-18,7,AU_other_complete,US_C18_like
NG2026_Grep04268,global_consensus_representative,Nextstrain_2026_global,PP_001Z5B7,global,PP_001Z5B7,,,A.D,USA,2019-03-XX,4,AU_other_complete,US_C18_like
NG2026_Grep04276,global_consensus_representative,Nextstrain_2026_global,PP_001Z5PG,global,PP_001Z5PG,,,A.D.1.9,USA,2024-10-31,2,AU_other_complete,US_other_complete
NG2026_Grep04277,global_consensus_representative,Nextstrain_2026_global,PP_001Z5RC,global,PP_001Z5RC,,,A.D.3.1,USA,2024-12-17,1,AU_C4_like,US_C18_like
NG2026_Grep04279,global_consensus_representative,Nextstrain_2026_global,PP_001Z5U6,global,PP_001Z5U6,,,A.D.3.9,USA,2024-12-11,1,AU_other_complete,US_C18_like
NG2026_Grep04282,global_consensus_representative,Nextstrain_2026_global,PP_001Z5ZW,global,PP_001Z5ZW,,,A.D.1.5,USA,2024-12-31,4,AU_other_complete,US_C21_like
NG2026_Grep04286,global_consensus_representative,Nextstrain_2026_global,PP_001Z68C,global,PP_001Z68C,,,A.D.1.5,USA,2025-01-06,1,AU_other_complete,US_C21_like
NG2026_Grep04288,global_consensus_representative,Nextstrain_2026_global,PP_001Z6B6,global,PP_001Z6B6,,,A.D.3.7,USA,2024-04-25,2,AU_other_complete,US_C18_like
NG2026_Grep04289,global_consensus_representative,Nextstrain_2026_global,PP_001Z6MK,global,PP_001Z6MK,,,A.D.3.1,USA,2024-12-27,1,AU_C4_like,US_C18_like
NG2026_Grep04294,global_consensus_representative,Nextstrain_2026_global,PP_001Z6W1,global,PP_001Z6W1,,,A.D.1.5,USA,2024-11-01,1,AU_other_complete,US_C21_like
NG2026_Grep04299,global_consensus_representative,Nextstrain_2026_global,PP_001Z75H,global,PP_001Z75H,,,A.D.5.2,USA,2025-01-03,1,AU_other_complete,US_other_complete
NG2026_Grep04302,global_consensus_representative,Nextstrain_2026_global,PP_001Z799,global,PP_001Z799,,,A.D.1.5,USA,2024-11-07,1,AU_other_complete,US_C21_like
NG2026_Grep04306,global_consensus_representative,Nextstrain_2026_global,PP_001Z84J,global,PP_001Z84J,,,A.D.3.1,USA,2024-12-25,1,AU_C4_like,US_C18_like
NG2026_Grep04308,global_consensus_representative,Nextstrain_2026_global,PP_001Z85G,global,PP_001Z85G,,,A.D.1.6,USA,2024-12-13,6,AU_other_complete,US_other_complete
NG2026_Grep04310,global_consensus_representative,Nextstrain_2026_global,PP_001Z8FW,global,PP_001Z8FW,,,A.D.1.9,USA,2024-12-11,6,AU_other_complete,US_other_complete
NG2026_Grep04311,global_consensus_representative,Nextstrain_2026_global,PP_001Z8KM,global,PP_001Z8KM,,,A.D.1.5,USA,2024-12-22,1,AU_other_complete,US_C21_like
NG2026_Grep04312,global_consensus_representative,Nextstrain_2026_global,PP_001Z8R9,global,PP_001Z8R9,,,A.D.3.1,USA,2024-12-23,1,AU_C4_like,US_C18_like
NG2026_Grep04316,global_consensus_representative,Nextstrain_2026_global,PP_001Z92M,global,PP_001Z92M,,,A.D.3.1,USA,2024-12-20,1,AU_C4_like,US_C18_like
NG2026_Grep04319,global_consensus_representative,Nextstrain_2026_global,PP_001Z9B3,global,PP_001Z9B3,,,A.D.1.4,USA,2025-01-29,4,AU_other_complete,US_other_complete
NG2026_Grep04324,global_consensus_representative,Nextstrain_2026_global,PP_001Z9R8,global,PP_001Z9R8,,,A.D.3.11,USA,2025-01-23,1,AU_other_complete,US_C18_like
NG2026_Grep04328,global_consensus_representative,Nextstrain_2026_global,PP_001ZA3J,global,PP_001ZA3J,,,A.D.1.5,USA,2024-12-17,1,AU_other_complete,US_C21_like
NG2026_Grep04335,global_consensus_representative,Nextstrain_2026_global,PP_001ZAKK,global,PP_001ZAKK,,,A.D.1.5,USA,2025-01-12,2,AU_other_complete,US_C21_like
NG2026_Grep04341,global_consensus_representative,Nextstrain_2026_global,PP_001ZAWX,global,PP_001ZAWX,,,A.D.3.2,USA,2025-01-23,1,AU_other_complete,US_other_complete
NG2026_Grep04343,global_consensus_representative,Nextstrain_2026_global,PP_001ZB2K,global,PP_001ZB2K,,,A.D.3.1,USA,2025-01-24,1,AU_C4_like,US_C18_like
NG2026_Grep04351,global_consensus_representative,Nextstrain_2026_global,PP_001ZBPA,global,PP_001ZBPA,,,A.D.3.3,USA,2025-01-02,1,AU_C4_like,US_C18_like
NG2026_Grep04353,global_consensus_representative,Nextstrain_2026_global,PP_001ZBS4,global,PP_001ZBS4,,,A.D.3,USA,2025-01-18,1,AU_other_complete,US_C18_like
NG2026_Grep04357,global_consensus_representative,Nextstrain_2026_global,PP_001ZC0N,global,PP_001ZC0N,,,A.D.1.5,USA,2024-12-01,1,AU_other_complete,US_C21_like
NG2026_Grep04359,global_consensus_representative,Nextstrain_2026_global,PP_001ZC2J,global,PP_001ZC2J,,,A.D.3.2,USA,2025-01-03,1,AU_other_complete,US_other_complete
NG2026_Grep04362,global_consensus_representative,Nextstrain_2026_global,PP_001ZCA2,global,PP_001ZCA2,,,A.D.1.5,USA,2025-01-08,1,AU_other_complete,US_C21_like
NG2026_Grep04363,global_consensus_representative,Nextstrain_2026_global,PP_001ZCCY,global,PP_001ZCCY,,,A.D.1.5,USA,2025-02-01,1,AU_other_complete,US_C21_like
NG2026_Grep04365,global_consensus_representative,Nextstrain_2026_global,PP_001ZCEU,global,PP_001ZCEU,,,A.D.3,USA,2025-01-13,1,AU_other_complete,US_C18_like
NG2026_Grep04369,global_consensus_representative,Nextstrain_2026_global,PP_001ZCJK,global,PP_001ZCJK,,,A.D.1.5,USA,2025-01-02,1,AU_other_complete,US_C21_like
NG2026_Grep04370,global_consensus_representative,Nextstrain_2026_global,PP_001ZCNB,global,PP_001ZCNB,,,A.D.1.5,USA,2025-01-01,1,AU_other_complete,US_C21_like
NG2026_Grep04375,global_consensus_representative,Nextstrain_2026_global,PP_001ZCT1,global,PP_001ZCT1,,,A.D.3.1,USA,2025-01-20,1,AU_C4_like,US_C18_like
NG2026_Grep04376,global_consensus_representative,Nextstrain_2026_global,PP_001ZCWV,global,PP_001ZCWV,,,A.D.3.7,USA,2024-12-18,1,AU_other_complete,US_C18_like
NG2026_Grep04378,global_consensus_representative,Nextstrain_2026_global,PP_001ZCXT,global,PP_001ZCXT,,,A.D.3.1,USA,2025-01-09,1,AU_C4_like,US_C18_like
NG2026_Grep04380,global_consensus_representative,Nextstrain_2026_global,PP_001ZD1K,global,PP_001ZD1K,,,A.D.5.2,USA,2025-01-31,1,AU_other_complete,US_other_complete
NG2026_Grep04384,global_consensus_representative,Nextstrain_2026_global,PP_001ZDHL,global,PP_001ZDHL,,,A.D.3.1,USA,2024-11-13,1,AU_C4_like,US_C18_like
NG2026_Grep04385,global_consensus_representative,Nextstrain_2026_global,PP_001ZDJJ,global,PP_001ZDJJ,,,A.D.3.3,USA,2024-12-03,1,AU_C4_like,US_C18_like
NG2026_Grep04387,global_consensus_representative,Nextstrain_2026_global,PP_001ZDR4,global,PP_001ZDR4,,,A.D.3.1,USA,2025-03-02,6,AU_C4_like,US_C18_like
NG2026_Grep04389,global_consensus_representative,Nextstrain_2026_global,PP_001ZDZN,global,PP_001ZDZN,,,A.D.3.1,USA,2025-03-04,1,AU_C4_like,US_C18_like
NG2026_Grep04399,global_consensus_representative,Nextstrain_2026_global,PP_001ZEVV,global,PP_001ZEVV,,,A.D.3.7,USA,2025-03-01,1,AU_other_complete,US_C18_like
NG2026_Grep04400,global_consensus_representative,Nextstrain_2026_global,PP_001ZEYP,global,PP_001ZEYP,,,A.D.3.3,USA,2025-03-02,1,AU_C4_like,US_C18_like
NG2026_Grep04404,global_consensus_representative,Nextstrain_2026_global,PP_001ZF3D,global,PP_001ZF3D,,,A.D.5.2,USA,2025-02-27,33,AU_other_complete,US_other_complete
NG2026_Grep04413,global_consensus_representative,Nextstrain_2026_global,PP_001ZFKE,global,PP_001ZFKE,,,A.D.3.1,USA,2025-03-05,2,AU_C4_like,US_C18_like
NG2026_Grep04414,global_consensus_representative,Nextstrain_2026_global,PP_001ZFS0,global,PP_001ZFS0,,,A.D.3.11,USA,2025-03-07,3,AU_other_complete,US_C18_like
NG2026_Grep04416,global_consensus_representative,Nextstrain_2026_global,PP_001ZFZL,global,PP_001ZFZL,,,A.D.3.1,USA,2025-03-04,1,AU_C4_like,US_C18_like
NG2026_Grep04424,global_consensus_representative,Nextstrain_2026_global,PP_001ZGVT,global,PP_001ZGVT,,,A.D.1.5,USA,2025-02-09,1,AU_other_complete,US_other_complete
NG2026_Grep04426,global_consensus_representative,Nextstrain_2026_global,PP_001ZGZK,global,PP_001ZGZK,,,A.D.3.11,USA,2025-02-24,1,AU_other_complete,US_C18_like
NG2026_Grep04439,global_consensus_representative,Nextstrain_2026_global,PP_001ZJ48,global,PP_001ZJ48,,,A.D.5.1,USA,2025-02-24,92,AU_other_complete,US_other_complete
NG2026_Grep04444,global_consensus_representative,Nextstrain_2026_global,PP_001ZJHF,global,PP_001ZJHF,,,A.D.3.11,USA,2025-02-23,1,AU_other_complete,US_C18_like
NG2026_Grep04446,global_consensus_representative,Nextstrain_2026_global,PP_001ZJP3,global,PP_001ZJP3,,,A.D.3.1,USA,2025-02-26,1,AU_C4_like,US_C18_like
NG2026_Grep04451,global_consensus_representative,Nextstrain_2026_global,PP_001ZK47,global,PP_001ZK47,,,A.D.3.1,USA,2025-02-24,1,AU_C4_like,US_C18_like
NG2026_Grep04461,global_consensus_representative,Nextstrain_2026_global,PP_001ZL1C,global,PP_001ZL1C,,,A.D.3.3,USA,2025-03-19,1,AU_other_complete,US_C18_like
NG2026_Grep04462,global_consensus_representative,Nextstrain_2026_global,PP_001ZL8Y,global,PP_001ZL8Y,,,A.D.3.1,USA,2025-03-27,1,AU_C4_like,US_C18_like
NG2026_Grep04477,global_consensus_representative,Nextstrain_2026_global,PP_001ZMJA,global,PP_001ZMJA,,,A.D.1.5,USA,2025-03-24,2,AU_other_complete,US_C21_like
NG2026_Grep04485,global_consensus_representative,Nextstrain_2026_global,PP_001ZN36,global,PP_001ZN36,,,A.D.3.1,USA,2025-03-22,2,AU_other_complete,US_C18_like
NG2026_Grep04486,global_consensus_representative,Nextstrain_2026_global,PP_001ZN52,global,PP_001ZN52,,,A.D.3.1,USA,2025-03-18,1,AU_C4_like,US_C18_like
NG2026_Grep04489,global_consensus_representative,Nextstrain_2026_global,PP_001ZN9U,global,PP_001ZN9U,,,A.D.3.11,USA,2025-03-21,1,AU_other_complete,US_C18_like
NG2026_Grep04490,global_consensus_representative,Nextstrain_2026_global,PP_001ZNAS,global,PP_001ZNAS,,,A.D.1.5,USA,2025-03-21,1,AU_other_complete,US_C21_like
NG2026_Grep04501,global_consensus_representative,Nextstrain_2026_global,PP_001ZPFF,global,PP_001ZPFF,,,A.D.3.1,USA,2025-03-07,1,AU_C4_like,US_C18_like
NG2026_Grep04503,global_consensus_representative,Nextstrain_2026_global,PP_001ZPPY,global,PP_001ZPPY,,,A.D.1.5,USA,2025-03-10,1,AU_other_complete,US_C21_like
NG2026_Grep04504,global_consensus_representative,Nextstrain_2026_global,PP_001ZPRU,global,PP_001ZPRU,,,A.D.3.11,USA,2025-03-08,1,AU_other_complete,US_C18_like
NG2026_Grep04511,global_consensus_representative,Nextstrain_2026_global,PP_001ZQFE,global,PP_001ZQFE,,,A.D.1.5,USA,2025-02-24,1,AU_other_complete,US_C21_like
NG2026_Grep04512,global_consensus_representative,Nextstrain_2026_global,PP_001ZQH9,global,PP_001ZQH9,,,A.D.1.6,USA,2025-01-04,1,AU_other_complete,US_other_complete
NG2026_Grep04514,global_consensus_representative,Nextstrain_2026_global,PP_001ZQL3,global,PP_001ZQL3,,,A.D.1.5,USA,2024-12-25,1,AU_other_complete,US_C21_like
NG2026_Grep04519,global_consensus_representative,Nextstrain_2026_global,PP_002XF5C,global,PP_002XF5C,,,A.D.3,Switzerland,2023-12-XX,9,AU_other_complete,US_C18_like
NG2026_Grep04521,global_consensus_representative,Nextstrain_2026_global,PP_002XF86,global,PP_002XF86,,,A.D.3,Switzerland,2024-01-XX,1,AU_other_complete,US_C18_like
NG2026_Grep04523,global_consensus_representative,Nextstrain_2026_global,PP_002XFCY,global,PP_002XFCY,,,A.D.5.1,Switzerland,2024-01-XX,14,AU_other_complete,US_other_complete
NG2026_Grep04530,global_consensus_representative,Nextstrain_2026_global,PP_002XFXT,global,PP_002XFXT,,,A.D.1.9,Switzerland,2024-01-XX,2,AU_other_complete,US_other_complete
NG2026_Grep04533,global_consensus_representative,Nextstrain_2026_global,PP_002XG69,global,PP_002XG69,,,A.D.5.1,Switzerland,2023-12-XX,3,AU_other_complete,US_other_complete
NG2026_Grep04543,global_consensus_representative,Nextstrain_2026_global,PP_002XGT0,global,PP_002XGT0,,,A.D.2.1,Switzerland,2024-01-XX,1,AU_C4_like,US_other_complete
NG2026_Grep04544,global_consensus_representative,Nextstrain_2026_global,PP_002XGVW,global,PP_002XGVW,,,A.D.3.1,Switzerland,2023-12-XX,3,AU_other_complete,US_C18_like
NG2026_Grep04557,global_consensus_representative,Nextstrain_2026_global,PP_002XHR3,global,PP_002XHR3,,,A.D.2.1,Switzerland,2023-12-XX,1,AU_C4_like,US_other_complete
NG2026_Grep04564,global_consensus_representative,Nextstrain_2026_global,PP_002XM48,global,PP_002XM48,,,A.D.3.3,USA,2025-04-03,1,AU_C4_like,US_C18_like
NG2026_Grep04567,global_consensus_representative,Nextstrain_2026_global,PP_002XMEN,global,PP_002XMEN,,,A.D.3.11,USA,2025-04-05,1,AU_other_complete,US_C18_like
NG2026_Grep04572,global_consensus_representative,Nextstrain_2026_global,PP_002XMQ1,global,PP_002XMQ1,,,A.D.3.11,USA,2025-04-02,1,AU_other_complete,US_C18_like
NG2026_Grep04576,global_consensus_representative,Nextstrain_2026_global,PP_002XMZH,global,PP_002XMZH,,,A.D.1.10,USA,2025-03-27,1,AU_other_complete,US_other_complete
NG2026_Grep04579,global_consensus_representative,Nextstrain_2026_global,PP_002XNGH,global,PP_002XNGH,,,A.D.3.1,USA,2025-03-18,1,AU_C4_like,US_C18_like
NG2026_Grep04582,global_consensus_representative,Nextstrain_2026_global,PP_002XNTU,global,PP_002XNTU,,,A.D.1.5,USA,2025-03-17,1,AU_other_complete,US_C21_like
NG2026_Grep04584,global_consensus_representative,Nextstrain_2026_global,PP_002XP1C,global,PP_002XP1C,,,A.D.5.2,USA,2025-03-17,3,AU_other_complete,US_other_complete
NG2026_Grep04589,global_consensus_representative,Nextstrain_2026_global,PP_002XPHD,global,PP_002XPHD,,,A.D.3.11,USA,2025-04-21,1,AU_other_complete,US_C18_like
NG2026_Grep04592,global_consensus_representative,Nextstrain_2026_global,PP_002XPUR,global,PP_002XPUR,,,A.D.1.5,USA,2025-04-23,1,AU_other_complete,US_C21_like
NG2026_Grep04596,global_consensus_representative,Nextstrain_2026_global,PP_002XU6X,global,PP_002XU6X,,,A.D.1.11,Ireland,2024-11-15,19,AU_other_complete,US_other_complete
NG2026_Grep04604,global_consensus_representative,Nextstrain_2026_global,PP_002XUQU,global,PP_002XUQU,,,A.D.1.5,Ireland,2025-01-06,1,AU_other_complete,US_C21_like
NG2026_Grep04605,global_consensus_representative,Nextstrain_2026_global,PP_002XURS,global,PP_002XURS,,,A.D.3.1,Ireland,2025-01-06,1,AU_C4_like,US_C18_like
NG2026_Grep04607,global_consensus_representative,Nextstrain_2026_global,PP_002XUWG,global,PP_002XUWG,,,A.D.1.5,Ireland,2024-11-01,2,AU_other_complete,US_C21_like
NG2026_Grep04609,global_consensus_representative,Nextstrain_2026_global,PP_002XV08,global,PP_002XV08,,,A.D.3.12,Ireland,2024-12-14,4,AU_other_complete,US_C18_like
NG2026_Grep04623,global_consensus_representative,Nextstrain_2026_global,PP_002XVXD,global,PP_002XVXD,,,A.D.3.1,Ireland,2025-01-30,1,AU_other_complete,US_C18_like
NG2026_Grep04627,global_consensus_representative,Nextstrain_2026_global,PP_002XW31,global,PP_002XW31,,,A.D.3.1,Ireland,2025-02-12,6,AU_C4_like,US_C18_like
NG2026_Grep04630,global_consensus_representative,Nextstrain_2026_global,PP_002XWDF,global,PP_002XWDF,,,A.D.1.4,Ireland,2025-01-30,1,AU_other_complete,US_other_complete
NG2026_Grep04633,global_consensus_representative,Nextstrain_2026_global,PP_002XWQS,global,PP_002XWQS,,,A.D.1.9,Ireland,2025-01-09,1,AU_other_complete,US_other_complete
NG2026_Grep04634,global_consensus_representative,Nextstrain_2026_global,PP_002XWNW,global,PP_002XWNW,,,A.D.3.1,Ireland,2024-12-24,1,AU_C4_like,US_C18_like
NG2026_Grep04635,global_consensus_representative,Nextstrain_2026_global,PP_002XWSN,global,PP_002XWSN,,,A.D.1.11,Ireland,2025-02-08,1,AU_other_complete,US_other_complete
NG2026_Grep04648,global_consensus_representative,Nextstrain_2026_global,PP_002YA7B,global,PP_002YA7B,,,A.D.3.1,USA,2024-01-18,1,AU_C4_like,US_C18_like
NG2026_Grep04669,global_consensus_representative,Nextstrain_2026_global,PP_00308ZQ,global,PP_00308ZQ,,,A.D.1.10,Spain,2024-02-06,1,AU_other_complete,US_other_complete
NG2026_Grep04670,global_consensus_representative,Nextstrain_2026_global,PP_003093G,global,PP_003093G,,,A.D.3.1,Spain,2022-11-10,5,AU_other_complete,US_C18_like
NG2026_Grep04672,global_consensus_representative,Nextstrain_2026_global,PP_00309B0,global,PP_00309B0,,,A.D.5.1,Spain,2022-12-22,16,AU_other_complete,US_other_complete
NG2026_Grep04676,global_consensus_representative,Nextstrain_2026_global,PP_00309GQ,global,PP_00309GQ,,,A.D.1.5,Spain,2023-11-23,21,AU_other_complete,US_C21_like
NG2026_Grep04678,global_consensus_representative,Nextstrain_2026_global,PP_00309KH,global,PP_00309KH,,,A.D.1.5,Spain,2023-12-05,4,AU_other_complete,US_C21_like
NG2026_Grep04680,global_consensus_representative,Nextstrain_2026_global,PP_00309MD,global,PP_00309MD,,,A.D.1.5,Spain,2023-12-12,2,AU_other_complete,US_other_complete
NG2026_Grep04682,global_consensus_representative,Nextstrain_2026_global,PP_00309VX,global,PP_00309VX,,,A.D.1.5,Spain,2023-12-28,1,AU_other_complete,US_C21_like
NG2026_Grep04683,global_consensus_representative,Nextstrain_2026_global,PP_00309UZ,global,PP_00309UZ,,,A.D.1.10,Spain,2023-12-19,8,AU_other_complete,US_other_complete
NG2026_Grep04686,global_consensus_representative,Nextstrain_2026_global,PP_0030A1K,global,PP_0030A1K,,,A.D.3.1,Spain,2024-01-09,8,AU_other_complete,US_C18_like
NG2026_Grep04687,global_consensus_representative,Nextstrain_2026_global,PP_0030A69,global,PP_0030A69,,,A.D.3.10,Spain,2024-01-30,1,AU_other_complete,US_C18_like
NG2026_Grep04688,global_consensus_representative,Nextstrain_2026_global,PP_0030A77,global,PP_0030A77,,,A.D.3,Spain,2024-02-08,1,AU_other_complete,US_C18_like
NG2026_Grep04689,global_consensus_representative,Nextstrain_2026_global,PP_0030A2H,global,PP_0030A2H,,,A.D.1.5,Spain,2024-01-09,1,AU_other_complete,US_C21_like
NG2026_Grep04691,global_consensus_representative,Nextstrain_2026_global,PP_0030AET,global,PP_0030AET,,,A.D.1.5,Spain,2023-12-19,1,AU_other_complete,US_C21_like
NG2026_Grep04692,global_consensus_representative,Nextstrain_2026_global,PP_0030AKG,global,PP_0030AKG,,,A.D.1.5,Spain,2023-12-20,1,AU_other_complete,US_C21_like
NG2026_Grep04694,global_consensus_representative,Nextstrain_2026_global,PP_0030AXS,global,PP_0030AXS,,,A.D.1.10,Spain,2024-01-23,1,AU_other_complete,US_other_complete
NG2026_Grep04701,global_consensus_representative,Nextstrain_2026_global,PP_0030B92,global,PP_0030B92,,,A.D.3.8,Spain,2025-01-02,1,AU_other_complete,US_C18_like
NG2026_Grep04702,global_consensus_representative,Nextstrain_2026_global,PP_0030BBY,global,PP_0030BBY,,,A.D.3.12,Spain,2025-01-09,1,AU_other_complete,US_C18_like
NG2026_Grep04703,global_consensus_representative,Nextstrain_2026_global,PP_0030BA0,global,PP_0030BA0,,,A.D.3.8,Spain,2025-01-02,20,AU_other_complete,US_C18_like
NG2026_Grep04716,global_consensus_representative,Nextstrain_2026_global,PP_0030C3D,global,PP_0030C3D,,,A.D.1.11,Spain,2024-12-24,1,AU_other_complete,US_other_complete
NG2026_Grep04717,global_consensus_representative,Nextstrain_2026_global,PP_0030C1H,global,PP_0030C1H,,,A.D.3.2,Spain,2024-12-24,9,AU_other_complete,US_other_complete
NG2026_Grep04718,global_consensus_representative,Nextstrain_2026_global,PP_0030C4B,global,PP_0030C4B,,,A.D.1,Spain,2024-12-24,2,AU_other_complete,US_other_complete
NG2026_Grep04723,global_consensus_representative,Nextstrain_2026_global,PP_0030CGM,global,PP_0030CGM,,,A.D.5.3,Spain,2023-01-12,1,AU_other_complete,US_other_complete
NG2026_Grep04726,global_consensus_representative,Nextstrain_2026_global,PP_0030CMA,global,PP_0030CMA,,,A.D.1.10,Spain,2023-12-20,2,AU_other_complete,US_other_complete
NG2026_Grep04728,global_consensus_representative,Nextstrain_2026_global,PP_0030CUW,global,PP_0030CUW,,,A.D.3,Spain,2024-03-14,3,AU_other_complete,US_C18_like
NG2026_Grep04742,global_consensus_representative,Nextstrain_2026_global,PP_0030DR1,global,PP_0030DR1,,,A.D.1.10,Spain,2025-01-30,4,AU_other_complete,US_other_complete
NG2026_Grep04767,global_consensus_representative,Nextstrain_2026_global,PP_0030F48,global,PP_0030F48,,,A.D.1.4,Spain,2023-11-21,3,AU_other_complete,US_other_complete
NG2026_Grep04769,global_consensus_representative,Nextstrain_2026_global,PP_0030FBU,global,PP_0030FBU,,,A.D.3.1,Spain,2023-12-12,1,AU_other_complete,US_C18_like
NG2026_Grep04777,global_consensus_representative,Nextstrain_2026_global,PP_0030FP3,global,PP_0030FP3,,,A.D.1.5,Spain,2024-03-19,3,AU_other_complete,US_other_complete
NG2026_Grep04801,global_consensus_representative,Nextstrain_2026_global,PP_0030HCQ,global,PP_0030HCQ,,,A.D,Spain,2019-11-19,7,AU_other_complete,US_C18_like
NG2026_Grep04802,global_consensus_representative,Nextstrain_2026_global,PP_0030HDN,global,PP_0030HDN,,,A.D.1,Spain,2019-11-20,10,AU_other_complete,US_other_complete
NG2026_Grep04816,global_consensus_representative,Nextstrain_2026_global,PP_0030JFH,global,PP_0030JFH,,,A.D,Spain,2020-01-19,5,AU_other_complete,US_C18_like
NG2026_Grep04824,global_consensus_representative,Nextstrain_2026_global,PP_0030K52,global,PP_0030K52,,,A.D.5.1,Spain,2023-11-03,4,AU_other_complete,US_other_complete
NG2026_Grep04828,global_consensus_representative,Nextstrain_2026_global,PP_0030KPZ,global,PP_0030KPZ,,,A.D.3.10,Spain,2023-11-22,3,AU_other_complete,US_C18_like
NG2026_Grep04829,global_consensus_representative,Nextstrain_2026_global,PP_0030KUP,global,PP_0030KUP,,,A.D.1,Spain,2023-11-29,4,AU_other_complete,US_other_complete
NG2026_Grep04835,global_consensus_representative,Nextstrain_2026_global,PP_0030LBP,global,PP_0030LBP,,,A.D.2.2,Spain,2015-11-24,4,AU_other_complete,US_C18_like
NG2026_Grep04844,global_consensus_representative,Nextstrain_2026_global,PP_0030LWJ,global,PP_0030LWJ,,,A.D.1.9,Spain,2023-10-10,1,AU_other_complete,US_other_complete
NG2026_Grep04850,global_consensus_representative,Nextstrain_2026_global,PP_0030MJ7,global,PP_0030MJ7,,,A.D.3.8,Spain,2025-03-11,1,AU_other_complete,US_C18_like
NG2026_Grep04873,global_consensus_representative,Nextstrain_2026_global,PP_0030NZA,global,PP_0030NZA,,,A.D.3.8,Spain,2024-12-09,1,AU_other_complete,US_C18_like
NG2026_Grep04874,global_consensus_representative,Nextstrain_2026_global,PP_0030P40,global,PP_0030P40,,,A.D,Spain,2016-10-03,4,AU_other_complete,US_C18_like
NG2026_Grep04878,global_consensus_representative,Nextstrain_2026_global,PP_0030PCJ,global,PP_0030PCJ,,,A.D.3.8,Spain,2025-01-06,1,AU_other_complete,US_C18_like
NG2026_Grep04887,global_consensus_representative,Nextstrain_2026_global,PP_0030QED,global,PP_0030QED,,,A.D.1.5,Spain,2023-12-20,1,AU_other_complete,US_other_complete
NG2026_Grep04894,global_consensus_representative,Nextstrain_2026_global,PP_0030R22,global,PP_0030R22,,,A.D,Spain,2016-11-24,2,AU_other_complete,US_other_complete
NG2026_Grep04904,global_consensus_representative,Nextstrain_2026_global,PP_0030S21,global,PP_0030S21,,,A.D,Spain,2017-11-03,1,AU_other_complete,US_C18_like
NG2026_Grep04908,global_consensus_representative,Nextstrain_2026_global,PP_0030SCF,global,PP_0030SCF,,,A.D.3.7,Spain,2025-04-03,1,AU_other_complete,US_C18_like
NG2026_Grep04921,global_consensus_representative,Nextstrain_2026_global,PP_0030T12,global,PP_0030T12,,,A.D.3.1,Spain,2022-01-31,1,AU_other_complete,US_C18_like
NG2026_Grep04923,global_consensus_representative,Nextstrain_2026_global,PP_0030T8N,global,PP_0030T8N,,,A.D.1.4,Spain,2022-12-21,3,AU_other_complete,US_other_complete
NG2026_Grep04929,global_consensus_representative,Nextstrain_2026_global,PP_0030TKZ,global,PP_0030TKZ,,,A.D.1.9,Spain,2023-12-12,1,AU_other_complete,US_other_complete
NG2026_Grep04931,global_consensus_representative,Nextstrain_2026_global,PP_0030TUF,global,PP_0030TUF,,,A.D.3.10,Spain,2024-02-06,1,AU_other_complete,US_C18_like
NG2026_Grep04938,global_consensus_representative,Nextstrain_2026_global,PP_0030UDB,global,PP_0030UDB,,,A.D.5,Spain,2018-11-22,5,AU_other_complete,US_other_complete
NG2026_Grep04954,global_consensus_representative,Nextstrain_2026_global,PP_0030W5R,global,PP_0030W5R,,,A.D.5.2,Spain,2022-12-09,2,AU_other_complete,US_other_complete
NG2026_Grep04963,global_consensus_representative,Nextstrain_2026_global,PP_0030WX6,global,PP_0030WX6,,,A.D.2.1,Spain,2023-01-16,2,AU_C4_like,US_C21_like
NG2026_Grep04981,global_consensus_representative,Nextstrain_2026_global,PP_003RV91,global,PP_003RV91,,,A.D.2.1,USA,2022-12-11,1,AU_C4_like,US_C21_like
NG2026_Grep04983,global_consensus_representative,Nextstrain_2026_global,PP_003RVDT,global,PP_003RVDT,,,A.D.3,USA,2022-12-10,1,AU_other_complete,US_C18_like
NG2026_Grep04988,global_consensus_representative,Nextstrain_2026_global,PP_003RVKE,global,PP_003RVKE,,,A.D.1.11,USA,2023-01-04,2,AU_other_complete,US_other_complete
NG2026_Grep05008,global_consensus_representative,Nextstrain_2026_global,PP_003TRJG,global,PP_003TRJG,,,A.D,China,2015-05-04,1,AU_other_complete,US_C18_like
NG2026_Grep05021,global_consensus_representative,Nextstrain_2026_global,PP_003TUWP,global,PP_003TUWP,,,A.D,,XXXX-XX-XX,4,AU_other_complete,US_C18_like
NG2026_Grep05040,global_consensus_representative,Nextstrain_2026_global,PP_003U404,global,PP_003U404,,,A.D,South Korea,2014-XX-XX,1,AU_other_complete,US_C18_like
NG2026_Grep05043,global_consensus_representative,Nextstrain_2026_global,PP_003U43Y,global,PP_003U43Y,,,A.D,South Korea,2014-XX-XX,1,AU_C4_like,US_C18_like
NG2026_Grep05049,global_consensus_representative,Nextstrain_2026_global,PP_003U4AJ,global,PP_003U4AJ,,,A.D,South Korea,2014-XX-XX,1,AU_other_complete,US_C18_like
NG2026_Grep05067,global_consensus_representative,Nextstrain_2026_global,PP_003UYYD,global,PP_003UYYD,,,A.D.3.7,Slovakia,2025-01-17,6,AU_other_complete,US_C18_like
NG2026_Grep05068,global_consensus_representative,Nextstrain_2026_global,PP_003UZ09,global,PP_003UZ09,,,A.D.1.6,Slovakia,2025-02-04,16,AU_other_complete,US_other_complete
NG2026_Grep05071,global_consensus_representative,Nextstrain_2026_global,PP_003UZGB,global,PP_003UZGB,,,A.D.1.4,Slovakia,2025-02-10,2,AU_other_complete,US_other_complete
NG2026_Grep05072,global_consensus_representative,Nextstrain_2026_global,PP_003UZQU,global,PP_003UZQU,,,A.D.3.11,Slovakia,2025-02-21,4,AU_other_complete,US_C18_like
NG2026_Grep05073,global_consensus_representative,Nextstrain_2026_global,PP_003UZSQ,global,PP_003UZSQ,,,A.D.5.3,Slovakia,2025-02-06,2,AU_other_complete,US_other_complete
NG2026_Grep05076,global_consensus_representative,Nextstrain_2026_global,PP_003V006,global,PP_003V006,,,A.D.1.5,Slovakia,2025-02-10,4,AU_other_complete,US_C21_like
NG2026_Grep05079,global_consensus_representative,Nextstrain_2026_global,PP_003V07S,global,PP_003V07S,,,A.D.1.5,Switzerland,2025-03-14,3,AU_other_complete,US_C21_like
NG2026_Grep05081,global_consensus_representative,Nextstrain_2026_global,PP_003V0BJ,global,PP_003V0BJ,,,A.D.1.9,Switzerland,2025-02-14,1,AU_other_complete,US_other_complete
NG2026_Grep05083,global_consensus_representative,Nextstrain_2026_global,PP_003V0FA,global,PP_003V0FA,,,A.D.1.11,Switzerland,2024-11-19,1,AU_other_complete,US_other_complete
NG2026_Grep05088,global_consensus_representative,Nextstrain_2026_global,PP_003V0K1,global,PP_003V0K1,,,A.D.1.4,Switzerland,2025-01-01,3,AU_other_complete,US_other_complete
NG2026_Grep05090,global_consensus_representative,Nextstrain_2026_global,PP_003V0QR,global,PP_003V0QR,,,A.D.1.10,Slovakia,2025-03-12,2,AU_other_complete,US_other_complete
NG2026_Grep05091,global_consensus_representative,Nextstrain_2026_global,PP_003V0SM,global,PP_003V0SM,,,A.D.3.11,Slovakia,2025-03-11,2,AU_other_complete,US_C18_like
NG2026_Grep05092,global_consensus_representative,Nextstrain_2026_global,PP_003V0WD,global,PP_003V0WD,,,A.D.1.11,Slovakia,2025-03-27,2,AU_other_complete,US_other_complete
NG2026_Grep05097,global_consensus_representative,Nextstrain_2026_global,PP_003V18P,global,PP_003V18P,,,A.D.3.7,Switzerland,2025-01-03,1,AU_other_complete,US_C18_like
NG2026_Grep05104,global_consensus_representative,Nextstrain_2026_global,PP_003V1RN,global,PP_003V1RN,,,A.D.3.7,Switzerland,2025-03-11,8,AU_other_complete,US_C18_like
NG2026_Grep05122,global_consensus_representative,Nextstrain_2026_global,PP_003VX9R,global,PP_003VX9R,,,A.D.3.4,USA,2024-01-26,1,AU_other_complete,US_C18_like
NG2026_Grep05124,global_consensus_representative,Nextstrain_2026_global,PP_003W07Q,global,PP_003W07Q,,,A.D.3.3,USA,2024-11-22,1,AU_C4_like,US_C18_like
NG2026_Grep05126,global_consensus_representative,Nextstrain_2026_global,PP_003W1SJ,global,PP_003W1SJ,,,A.D.3.9,USA,2024-12-03,1,AU_other_complete,US_C18_like
NG2026_Grep05127,global_consensus_representative,Nextstrain_2026_global,PP_003W1VC,global,PP_003W1VC,,,A.D.3.3,USA,2024-11-28,1,AU_C4_like,US_C18_like
NG2026_Grep05131,global_consensus_representative,Nextstrain_2026_global,PP_003W2JZ,global,PP_003W2JZ,,,A.D.3.1,USA,2024-12-12,1,AU_C4_like,US_C18_like
NG2026_Grep05138,global_consensus_representative,Nextstrain_2026_global,PP_003W3F5,global,PP_003W3F5,,,A.D.3.3,USA,2024-12-30,1,AU_other_complete,US_C18_like
NG2026_Grep05142,global_consensus_representative,Nextstrain_2026_global,PP_003W43U,global,PP_003W43U,,,A.D.3.1,USA,2024-12-15,1,AU_C4_like,US_C18_like
NG2026_Grep05143,global_consensus_representative,Nextstrain_2026_global,PP_003W55P,global,PP_003W55P,,,A.D.3.1,USA,2025-01-17,1,AU_C4_like,US_C18_like
NG2026_Grep05144,global_consensus_representative,Nextstrain_2026_global,PP_003W56M,global,PP_003W56M,,,A.D.3.3,USA,2025-01-23,1,AU_other_complete,US_C18_like
NG2026_Grep05150,global_consensus_representative,Nextstrain_2026_global,PP_00460FN,global,PP_00460FN,,,A.D.1.4,Australia,2025-01-02,1,AU_other_complete,US_other_complete
NG2026_Grep05152,global_consensus_representative,Nextstrain_2026_global,PP_00460HH,global,PP_00460HH,,,A.D.3.1,Australia,2023-01-12,9,AU_C4_like,US_C18_like
NG2026_Grep05153,global_consensus_representative,Nextstrain_2026_global,PP_00460LB,global,PP_00460LB,,,A.D.3.1,Australia,2024-01-08,49,AU_C4_like,US_C18_like
NG2026_Grep05155,global_consensus_representative,Nextstrain_2026_global,PP_00460N7,global,PP_00460N7,,,A.D.3.1,Australia,2023-01-30,1,AU_C4_like,US_C18_like
NG2026_Grep05157,global_consensus_representative,Nextstrain_2026_global,PP_00460TX,global,PP_00460TX,,,A.D.1.4,Australia,2024-01-13,18,AU_other_complete,US_other_complete
NG2026_Grep05158,global_consensus_representative,Nextstrain_2026_global,PP_00460ZK,global,PP_00460ZK,,,A.D.3.1,Australia,2024-01-20,2,AU_C4_like,US_C18_like
NG2026_Grep05163,global_consensus_representative,Nextstrain_2026_global,PP_00461LA,global,PP_00461LA,,,A.D.1.4,Australia,2025-02-18,9,AU_other_complete,US_other_complete
NG2026_Grep05171,global_consensus_representative,Nextstrain_2026_global,PP_0046248,global,PP_0046248,,,A.D.1.6,Australia,2025-03-21,3,AU_other_complete,US_other_complete
NG2026_Grep05172,global_consensus_representative,Nextstrain_2026_global,PP_0046272,global,PP_0046272,,,A.D.3.12,Australia,2025-03-29,1,AU_other_complete,US_C18_like
NG2026_Grep05173,global_consensus_representative,Nextstrain_2026_global,PP_0046280,global,PP_0046280,,,A.D.1.4,Australia,2025-03-31,8,AU_other_complete,US_other_complete
NG2026_Grep05176,global_consensus_representative,Nextstrain_2026_global,PP_00462JD,global,PP_00462JD,,,A.D.1.3,Australia,2022-08-02,14,AU_other_complete,US_other_complete
NG2026_Grep05177,global_consensus_representative,Nextstrain_2026_global,PP_00462M7,global,PP_00462M7,,,A.D.1.4,Australia,2025-04-21,5,AU_other_complete,US_other_complete
NG2026_Grep05181,global_consensus_representative,Nextstrain_2026_global,PP_00462VR,global,PP_00462VR,,,A.D.3.1,Australia,2023-09-12,1,AU_C4_like,US_C18_like
NG2026_Grep05182,global_consensus_representative,Nextstrain_2026_global,PP_00462YK,global,PP_00462YK,,,A.D.3.1,Australia,2024-03-01,1,AU_C4_like,US_C18_like
NG2026_Grep05183,global_consensus_representative,Nextstrain_2026_global,PP_004632B,global,PP_004632B,,,A.D.1.4,Australia,2023-09-17,1,AU_other_complete,US_other_complete
NG2026_Grep05184,global_consensus_representative,Nextstrain_2026_global,PP_0046355,global,PP_0046355,,,A.D.3.7,Australia,2024-03-07,1,AU_other_complete,US_C18_like
NG2026_Grep05185,global_consensus_representative,Nextstrain_2026_global,PP_0046371,global,PP_0046371,,,A.D.3.1,Australia,2023-09-18,1,AU_other_complete,US_C18_like
NG2026_Grep05187,global_consensus_representative,Nextstrain_2026_global,PP_00463AV,global,PP_00463AV,,,A.D.1.4,Australia,2024-03-09,55,AU_other_complete,US_other_complete
NG2026_Grep05199,global_consensus_representative,Nextstrain_2026_global,PP_00465EK,global,PP_00465EK,,,A.D.3.4,Australia,2023-11-03,4,AU_other_complete,US_C18_like
NG2026_Grep05207,global_consensus_representative,Nextstrain_2026_global,PP_00467EH,global,PP_00467EH,,,A.D.3.1,Australia,2022-08-29,1,AU_C4_like,US_C18_like
NG2026_Grep05211,global_consensus_representative,Nextstrain_2026_global,PP_00467VL,global,PP_00467VL,,,A.D.3.1,Australia,2024-05-20,4,AU_C4_like,US_C18_like
NG2026_Grep05216,global_consensus_representative,Nextstrain_2026_global,PP_0046850,global,PP_0046850,,,A.D.1.4,Australia,2024-06-07,8,AU_other_complete,US_other_complete
NG2026_Grep05229,global_consensus_representative,Nextstrain_2026_global,PP_00469DH,global,PP_00469DH,,,A.D.1.5,Australia,2024-08-28,2,AU_other_complete,US_C21_like
NG2026_Grep05233,global_consensus_representative,Nextstrain_2026_global,PP_00469WG,global,PP_00469WG,,,A.D.1.5,Australia,2024-10-15,1,AU_other_complete,US_other_complete
NG2026_Grep05240,global_consensus_representative,Nextstrain_2026_global,PP_0046B07,global,PP_0046B07,,,A.D.1.4,Australia,2024-11-30,1,AU_other_complete,US_other_complete
NG2026_Grep05245,global_consensus_representative,Nextstrain_2026_global,PP_0046B9P,global,PP_0046B9P,,,A.D.3.1,Australia,2022-07-22,1,AU_C4_like,US_C18_like
NG2026_Grep05250,global_consensus_representative,Nextstrain_2026_global,PP_0046BPU,global,PP_0046BPU,,,A.D.3.1,Australia,2023-05-09,1,AU_C4_like,US_C18_like
NG2026_Grep05251,global_consensus_representative,Nextstrain_2026_global,PP_0046BRQ,global,PP_0046BRQ,,,A.D.1.3,Australia,2022-09-20,2,AU_other_complete,US_other_complete
NG2026_Grep05272,global_consensus_representative,Nextstrain_2026_global,PP_0046DK0,global,PP_0046DK0,,,A.D.3.1,Australia,2022-05-16,2,AU_C4_like,US_C18_like
NG2026_Grep05277,global_consensus_representative,Nextstrain_2026_global,PP_0046E5U,global,PP_0046E5U,,,A.D.1.3,Australia,2021-03-11,1,AU_other_complete,US_other_complete
NG2026_Grep05288,global_consensus_representative,Nextstrain_2026_global,PP_0046F2Z,global,PP_0046F2Z,,,A.D.3.1,Australia,2022-08-02,1,AU_C4_like,US_C18_like
NG2026_Grep05291,global_consensus_representative,Nextstrain_2026_global,PP_0046FDB,global,PP_0046FDB,,,A.D.3.1,Australia,2023-09-01,5,AU_C4_like,US_C18_like
NG2026_Grep05294,global_consensus_representative,Nextstrain_2026_global,PP_0046FCD,global,PP_0046FCD,,,A.D.1.3,Australia,2022-06-26,1,AU_other_complete,US_other_complete
NG2026_Grep05295,global_consensus_representative,Nextstrain_2026_global,PP_0046FJ0,global,PP_0046FJ0,,,A.D.3.1,Australia,2022-09-11,1,AU_other_complete,US_C18_like
NG2026_Grep05297,global_consensus_representative,Nextstrain_2026_global,PP_0046FKY,global,PP_0046FKY,,,A.D.3.1,Australia,2022-09-05,4,AU_other_complete,US_C18_like
NG2026_Grep05302,global_consensus_representative,Nextstrain_2026_global,PP_0046FTG,global,PP_0046FTG,,,A.D.3.1,Australia,2022-10-28,2,AU_C4_like,US_C18_like
NG2026_Grep05303,global_consensus_representative,Nextstrain_2026_global,PP_0046FWA,global,PP_0046FWA,,,A.D.1.3,Australia,2021-01-03,1,AU_other_complete,US_other_complete
NG2026_Grep05319,global_consensus_representative,Nextstrain_2026_global,PP_0046HG3,global,PP_0046HG3,,,A.D.1.11,Australia,2024-04-27,2,AU_other_complete,US_other_complete
NG2026_Grep05322,global_consensus_representative,Nextstrain_2026_global,PP_0046HMS,global,PP_0046HMS,,,A.D.3.1,Australia,2024-05-05,1,AU_C4_like,US_C18_like
NG2026_Grep05323,global_consensus_representative,Nextstrain_2026_global,PP_0046HKW,global,PP_0046HKW,,,A.D.3.7,Australia,2024-05-04,1,AU_other_complete,US_C18_like
NG2026_Grep05335,global_consensus_representative,Nextstrain_2026_global,PP_0046JF4,global,PP_0046JF4,,,A.D.1.4,Australia,2024-06-01,1,AU_other_complete,US_other_complete
NG2026_Grep05339,global_consensus_representative,Nextstrain_2026_global,PP_0046JY3,global,PP_0046JY3,,,A.D.3.1,Australia,2022-05-30,8,AU_other_complete,US_C18_like
NG2026_Grep05356,global_consensus_representative,Nextstrain_2026_global,PP_0046KY2,global,PP_0046KY2,,,A.D.1.3,Australia,2022-05-30,1,AU_other_complete,US_other_complete
NG2026_Grep05358,global_consensus_representative,Nextstrain_2026_global,PP_0046L9E,global,PP_0046L9E,,,A.D.3.1,Australia,2022-06-06,1,AU_other_complete,US_C18_like
NG2026_Grep05360,global_consensus_representative,Nextstrain_2026_global,PP_0046LKT,global,PP_0046LKT,,,A.D.3.1,Australia,2022-11-06,1,AU_C4_like,US_C18_like
NG2026_Grep05362,global_consensus_representative,Nextstrain_2026_global,PP_0046LMP,global,PP_0046LMP,,,A.D.3.1,Australia,2022-12-05,1,AU_C4_like,US_C18_like
NG2026_Grep05365,global_consensus_representative,Nextstrain_2026_global,PP_0046LSD,global,PP_0046LSD,,,A.D.1.3,Australia,2021-03-01,1,AU_other_complete,US_other_complete
NG2026_Grep05366,global_consensus_representative,Nextstrain_2026_global,PP_0046LX3,global,PP_0046LX3,,,A.D.1,Australia,2021-03-08,1,AU_other_complete,US_other_complete
NG2026_Grep05368,global_consensus_representative,Nextstrain_2026_global,PP_0046M6K,global,PP_0046M6K,,,A.D.1.3,Australia,2021-03-20,1,AU_other_complete,US_other_complete
NG2026_Grep05377,global_consensus_representative,Nextstrain_2026_global,PP_0046MPJ,global,PP_0046MPJ,,,A.D.1.3,Australia,2021-04-18,1,AU_other_complete,US_other_complete
NG2026_Grep05380,global_consensus_representative,Nextstrain_2026_global,PP_0046MU8,global,PP_0046MU8,,,A.D.1.3,Australia,2021-05-09,1,AU_other_complete,US_other_complete
NG2026_Grep05390,global_consensus_representative,Nextstrain_2026_global,PP_0046NGY,global,PP_0046NGY,,,A.D.3.1,Australia,2022-10-17,1,AU_C4_like,US_C18_like
NG2026_Grep05393,global_consensus_representative,Nextstrain_2026_global,PP_0046NLP,global,PP_0046NLP,,,A.D.5.1,Côte d'Ivoire,2023-06-06,5,AU_other_complete,US_other_complete
NG2026_Grep05408,global_consensus_representative,Nextstrain_2026_global,PP_0046PE1,global,PP_0046PE1,,,A.D.5.1,Côte d'Ivoire,2023-07-19,1,AU_other_complete,US_other_complete
NG2026_Grep05409,global_consensus_representative,Nextstrain_2026_global,PP_0046PFZ,global,PP_0046PFZ,,,A.D.5.1,Côte d'Ivoire,2023-07-22,1,AU_other_complete,US_other_complete
NG2026_Grep05416,global_consensus_representative,Nextstrain_2026_global,PP_0046PRC,global,PP_0046PRC,,,A.D.5.1,Côte d'Ivoire,2023-08-25,1,AU_other_complete,US_other_complete
NG2026_Grep05429,global_consensus_representative,Nextstrain_2026_global,PP_0046Q5J,global,PP_0046Q5J,,,A.D.2.2,Côte d'Ivoire,2017-08-25,1,AU_other_complete,US_other_complete
NG2026_Grep05430,global_consensus_representative,Nextstrain_2026_global,PP_0046Q6G,global,PP_0046Q6G,,,A.D.5.1,Côte d'Ivoire,2023-10-03,1,AU_other_complete,US_other_complete
NG2026_Grep05443,global_consensus_representative,Nextstrain_2026_global,PP_0046QKP,global,PP_0046QKP,,,A.D.2.2,Côte d'Ivoire,2019-10-19,1,AU_other_complete,US_C18_like
NG2026_Grep05456,global_consensus_representative,Nextstrain_2026_global,PP_0046RB5,global,PP_0046RB5,,,A.D,Mongolia,2019-01-18,4,AU_other_complete,US_C18_like
NG2026_Grep05466,global_consensus_representative,Nextstrain_2026_global,PP_0046RV2,global,PP_0046RV2,,,A.D.3.2,Nepal,2024-12-31,1,AU_other_complete,US_other_complete
NG2026_Grep05467,global_consensus_representative,Nextstrain_2026_global,PP_0046RW0,global,PP_0046RW0,,,A.D.5.3,Philippines,2023-08-13,2,AU_other_complete,US_other_complete
NG2026_Grep05494,global_consensus_representative,Nextstrain_2026_global,PP_0046SNF,global,PP_0046SNF,,,A.D.3,Thailand,2020-11-05,1,AU_other_complete,US_C18_like
NG2026_Grep05498,global_consensus_representative,Nextstrain_2026_global,PP_0049C1Y,global,PP_0049C1Y,,,A.D.3.1,United Arab Emirates,2021-06-22,1,AU_other_complete,US_C18_like
NG2026_Grep05504,global_consensus_representative,Nextstrain_2026_global,PP_0047WVV,global,PP_0047WVV,,,A.D.3.3,USA,2024-11-19,2,AU_other_complete,US_C18_like
NG2026_Grep05528,global_consensus_representative,Nextstrain_2026_global,PP_004BUZF,global,PP_004BUZF,,,A.D.1.5,USA,2025-02-18,2,AU_other_complete,US_C21_like
NG2026_Grep05529,global_consensus_representative,Nextstrain_2026_global,PP_004BUVP,global,PP_004BUVP,,,A.D.1.5,USA,2025-04-08,4,AU_other_complete,US_C21_like
NG2026_Grep05530,global_consensus_representative,Nextstrain_2026_global,PP_004C2J1,global,PP_004C2J1,,,A.3.1.1,Hong Kong,2011-03-23,4,AU_other_complete,US_C18_like
NG2026_Grep05531,global_consensus_representative,Nextstrain_2026_global,PP_004C2G6,global,PP_004C2G6,,,A.3.1,Hong Kong,2011-02-18,2,AU_other_complete,US_C18_like
NG2026_Grep05532,global_consensus_representative,Nextstrain_2026_global,PP_004C2LX,global,PP_004C2LX,,,A.3.1,Hong Kong,2011-04-19,2,AU_other_complete,US_C18_like
NG2026_Grep05533,global_consensus_representative,Nextstrain_2026_global,PP_004C2NT,global,PP_004C2NT,,,A.3.1.1,Hong Kong,2011-05-11,2,AU_other_complete,US_C18_like
NG2026_Grep05552,global_consensus_representative,Nextstrain_2026_global,PP_004D99B,global,PP_004D99B,,,A.D.1.6,USA,2025-05-05,1,AU_other_complete,US_other_complete
NG2026_Grep05553,global_consensus_representative,Nextstrain_2026_global,PP_004D9B7,global,PP_004D9B7,,,A.D.1.6,USA,2025-05-07,1,AU_other_complete,US_other_complete
NG2026_Grep05560,global_consensus_representative,Nextstrain_2026_global,PP_004D9LN,global,PP_004D9LN,,,A.D.1.11,USA,2025-05-23,2,AU_other_complete,US_other_complete
NG2026_Grep05564,global_consensus_representative,Nextstrain_2026_global,PP_004D9ZW,global,PP_004D9ZW,,,A.D.3.3,USA,2025-07-31,1,AU_other_complete,US_C18_like
NG2026_Grep05570,global_consensus_representative,Nextstrain_2026_global,PP_004DA7E,global,PP_004DA7E,,,A.D.3.9,USA,2025-10-11,1,AU_other_complete,US_C18_like
NG2026_Grep05587,global_consensus_representative,Nextstrain_2026_global,PP_004EH59,global,PP_004EH59,,,A.D.3,Kenya,2023-12-19,9,AU_other_complete,US_C18_like
NG2026_Grep05589,global_consensus_representative,Nextstrain_2026_global,PP_004EH75,global,PP_004EH75,,,A.D.2.1,Kenya,2024-01-15,8,AU_C4_like,US_C21_like
NG2026_Grep05590,global_consensus_representative,Nextstrain_2026_global,PP_004EH91,global,PP_004EH91,,,A.D.2.1,Kenya,2024-01-19,2,AU_C4_like,US_C21_like
NG2026_Grep05591,global_consensus_representative,Nextstrain_2026_global,PP_004EHBX,global,PP_004EHBX,,,A.D.1.11,Kenya,2024-01-24,3,AU_other_complete,US_other_complete
NG2026_Grep05594,global_consensus_representative,Nextstrain_2026_global,PP_004EHVU,global,PP_004EHVU,,,A.D.1.11,Kenya,2024-02-09,2,AU_other_complete,US_other_complete
NG2026_Grep05595,global_consensus_representative,Nextstrain_2026_global,PP_004EHYN,global,PP_004EHYN,,,A.D.1.11,Kenya,2024-02-13,2,AU_other_complete,US_other_complete
NG2026_Grep05604,global_consensus_representative,Nextstrain_2026_global,PP_004EJLB,global,PP_004EJLB,,,A.D.3,Kenya,2024-03-05,1,AU_other_complete,US_C18_like
NG2026_Grep05609,global_consensus_representative,Nextstrain_2026_global,PP_004EKXN,global,PP_004EKXN,,,A.D.1.5,Australia,2025-05-15,2,AU_other_complete,US_C21_like
NG2026_Grep05623,global_consensus_representative,Nextstrain_2026_global,PP_004ELFL,global,PP_004ELFL,,,A.D.1.5,Australia,2025-08-02,6,AU_other_complete,US_C21_like
NG2026_Grep05624,global_consensus_representative,Nextstrain_2026_global,PP_004ELHF,global,PP_004ELHF,,,A.D.1.5,Australia,2025-08-05,3,AU_other_complete,US_C21_like
NG2026_Grep05625,global_consensus_representative,Nextstrain_2026_global,PP_004ELGJ,global,PP_004ELGJ,,,A.D.1.11,Australia,2025-08-05,1,AU_other_complete,US_other_complete
NG2026_Grep05626,global_consensus_representative,Nextstrain_2026_global,PP_004ELKB,global,PP_004ELKB,,,A.D.1.10,Australia,2025-08-03,3,AU_other_complete,US_other_complete
NG2026_Grep05627,global_consensus_representative,Nextstrain_2026_global,PP_004ELL9,global,PP_004ELL9,,,A.D.1.4,Australia,2025-08-01,1,AU_other_complete,US_other_complete
NG2026_Grep05637,global_consensus_representative,Nextstrain_2026_global,PP_004EM0F,global,PP_004EM0F,,,A.D.1.5,Australia,2025-07-14,3,AU_other_complete,US_C21_like
NG2026_Grep05657,global_consensus_representative,Nextstrain_2026_global,PP_004EMWN,global,PP_004EMWN,,,A.D.1.5,Australia,2025-07-04,3,AU_other_complete,US_C21_like
NG2026_Grep05660,global_consensus_representative,Nextstrain_2026_global,PP_004EN2A,global,PP_004EN2A,,,A.D.1.9,Australia,2025-07-05,1,AU_other_complete,US_other_complete
NG2026_Grep05663,global_consensus_representative,Nextstrain_2026_global,PP_004ENCQ,global,PP_004ENCQ,,,A.D.3.12,Australia,2025-07-11,1,AU_other_complete,US_C18_like
NG2026_Grep05670,global_consensus_representative,Nextstrain_2026_global,PP_004EURR,global,PP_004EURR,,,A.D.3.11,USA,2025-10-17,11,AU_other_complete,US_C18_like
NG2026_Grep05671,global_consensus_representative,Nextstrain_2026_global,PP_004EUTM,global,PP_004EUTM,,,A.D.2.1,USA,2025-10-20,1,AU_C4_like,US_C21_like
NG2026_Grep05673,global_consensus_representative,Nextstrain_2026_global,PP_004EUYB,global,PP_004EUYB,,,A.D.1.11,USA,2025-11-13,81,AU_other_complete,US_other_complete
NG2026_Grep05674,global_consensus_representative,Nextstrain_2026_global,PP_004EUZ9,global,PP_004EUZ9,,,A.D.5.2,USA,2025-11-18,15,AU_other_complete,US_other_complete
NG2026_Grep05680,global_consensus_representative,Nextstrain_2026_global,PP_004FAND,global,PP_004FAND,,,A.D.1.6,USA,2025-11-04,1,AU_other_complete,US_other_complete
NG2026_Grep05683,global_consensus_representative,Nextstrain_2026_global,PP_004FB1M,global,PP_004FB1M,,,A.D.3.11,USA,2025-11-23,4,AU_other_complete,US_C18_like
NG2026_Grep05709,global_consensus_representative,Nextstrain_2026_global,PP_004FW6S,global,PP_004FW6S,,,A.D.3,China,2022-01-20,5,AU_other_complete,US_C18_like
NG2026_Grep05719,global_consensus_representative,Nextstrain_2026_global,PP_004FWPR,global,PP_004FWPR,,,A.D.3,China,2023-04-28,1,AU_other_complete,US_C18_like
NG2026_Grep05724,global_consensus_representative,Nextstrain_2026_global,PP_004FWUF,global,PP_004FWUF,,,A.D.3,China,2023-05-08,4,AU_other_complete,US_C18_like
NG2026_Grep05758,global_consensus_representative,Nextstrain_2026_global,PP_004GQBL,global,PP_004GQBL,,,A.D.2.1,Kenya,2024-01-29,1,AU_C4_like,US_C21_like
NG2026_Grep05759,global_consensus_representative,Nextstrain_2026_global,PP_004GQK3,global,PP_004GQK3,,,A.D.2.1,Kenya,2024-02-29,1,AU_C4_like,US_C21_like
NG2026_Grep05760,global_consensus_representative,Nextstrain_2026_global,PP_004GQPV,global,PP_004GQPV,,,A.D.2.1,Kenya,2024-03-09,1,AU_C4_like,US_C21_like
NG2026_Grep05781,global_consensus_representative,Nextstrain_2026_global,PP_004HBQ3,global,PP_004HBQ3,,,A.D.3.11,USA,2025-12-06,5,AU_other_complete,US_C18_like
NG2026_Grep05782,global_consensus_representative,Nextstrain_2026_global,PP_004HBP5,global,PP_004HBP5,,,A.D.5.2,USA,2025-12-05,1,AU_other_complete,US_other_complete
NG2026_Grep05784,global_consensus_representative,Nextstrain_2026_global,PP_004HBTX,global,PP_004HBTX,,,A.D.3.7,USA,2025-12-09,8,AU_other_complete,US_C18_like
NG2026_Grep05787,global_consensus_representative,Nextstrain_2026_global,PP_004HJ6Z,global,PP_004HJ6Z,,,A.D.3.11,USA,2023-09-26,4,AU_other_complete,US_C18_like
NG2026_Grep05789,global_consensus_representative,Nextstrain_2026_global,PP_004HM5Y,global,PP_004HM5Y,,,A.D.3.11,USA,2025-12-21,1,AU_other_complete,US_C18_like
NG2026_Grep05795,global_consensus_representative,Nextstrain_2026_global,PP_004HMRR,global,PP_004HMRR,,,A.D.3.3,USA,2025-12-24,2,AU_ambiguous,US_C18_like
NG2026_Grep05800,global_consensus_representative,Nextstrain_2026_global,PP_004J669,global,PP_004J669,,,A.D.1.4,Ireland,2025-09-23,11,AU_other_complete,US_other_complete
NG2026_Grep05802,global_consensus_representative,Nextstrain_2026_global,PP_004J693,global,PP_004J693,,,A.D.3.7,Ireland,2025-11-05,4,AU_other_complete,US_C18_like
NG2026_Grep05803,global_consensus_representative,Nextstrain_2026_global,PP_004J6A1,global,PP_004J6A1,,,A.D.3.7,Ireland,2025-11-05,10,AU_other_complete,US_C18_like
NG2026_Grep05805,global_consensus_representative,Nextstrain_2026_global,PP_004J6ET,global,PP_004J6ET,,,A.D.3.3,Ireland,2025-11-23,2,AU_other_complete,US_C18_like
NG2026_Grep05806,global_consensus_representative,Nextstrain_2026_global,PP_004J6GP,global,PP_004J6GP,,,A.D.1.4,Ireland,2025-11-23,1,AU_other_complete,US_other_complete
NG2026_Grep05808,global_consensus_representative,Nextstrain_2026_global,PP_004J6JJ,global,PP_004J6JJ,,,A.D.1.5,Ireland,2025-11-29,4,AU_other_complete,US_C21_like
NG2026_Grep05814,global_consensus_representative,Nextstrain_2026_global,PP_004J6S2,global,PP_004J6S2,,,A.D.1.10,Ireland,2025-12-02,10,AU_other_complete,US_other_complete
NG2026_Grep05818,global_consensus_representative,Nextstrain_2026_global,PP_004J768,global,PP_004J768,,,A.D.3,Ireland,2025-12-23,4,AU_other_complete,US_C18_like
NG2026_Grep05825,global_consensus_representative,Nextstrain_2026_global,PP_004JGTQ,global,PP_004JGTQ,,,A.D,Germany,2014-03-04,2,AU_C4_like,US_C18_like
NG2026_Grep05834,global_consensus_representative,Nextstrain_2026_global,PP_004JH6Y,global,PP_004JH6Y,,,A.D.2.2,Germany,2014-11-27,1,AU_other_complete,US_C18_like
NG2026_Grep05838,global_consensus_representative,Nextstrain_2026_global,PP_004JHRT,global,PP_004JHRT,,,A.D.1.5,Germany,2023-11-25,3,AU_other_complete,US_C21_like
NG2026_Grep05844,global_consensus_representative,Nextstrain_2026_global,PP_004JJBM,global,PP_004JJBM,,,A.D.1.10,Germany,2023-12-28,1,AU_other_complete,US_other_complete
NG2026_Grep05850,global_consensus_representative,Nextstrain_2026_global,PP_004JK16,global,PP_004JK16,,,A.D.1.9,Germany,2024-12-25,1,AU_other_complete,US_other_complete
NG2026_Grep05856,global_consensus_representative,Nextstrain_2026_global,PP_004JKFC,global,PP_004JKFC,,,A.D.1.4,Germany,2025-01-09,1,AU_other_complete,US_other_complete
NG2026_Grep05857,global_consensus_representative,Nextstrain_2026_global,PP_004JKJ5,global,PP_004JKJ5,,,A.D.1.4,Germany,2025-01-14,8,AU_other_complete,US_other_complete
NG2026_Grep05872,global_consensus_representative,Nextstrain_2026_global,PP_004KDVM,global,PP_004KDVM,,,A.D.3.4,USA,2022-05-04,4,AU_other_complete,US_C18_like
NG2026_Grep05876,global_consensus_representative,Nextstrain_2026_global,PP_004KE51,global,PP_004KE51,,,A.D.3.4,USA,2022-06-03,1,AU_other_complete,US_C18_like
NG2026_Grep05878,global_consensus_representative,Nextstrain_2026_global,PP_004KEBP,global,PP_004KEBP,,,A.D.3.4,USA,2022-06-10,3,AU_other_complete,US_C18_like
NG2026_Grep05883,global_consensus_representative,Nextstrain_2026_global,PP_004KEUN,global,PP_004KEUN,,,A.D.1.8,USA,2022-06-27,1,AU_other_complete,US_C21_like
NG2026_Grep05893,global_consensus_representative,Nextstrain_2026_global,PP_004KFDJ,global,PP_004KFDJ,,,A.D.3.10,USA,2022-09-12,1,AU_other_complete,US_C18_like
NG2026_Grep05903,global_consensus_representative,Nextstrain_2026_global,PP_004KFYD,global,PP_004KFYD,,,A.D.3.4,USA,2022-10-25,2,AU_other_complete,US_C18_like
NG2026_Grep05931,global_consensus_representative,Nextstrain_2026_global,PP_004KJ7T,global,PP_004KJ7T,,,A.D.1.11,USA,2025-03-03,3,AU_other_complete,US_other_complete
NG2026_Grep05937,global_consensus_representative,Nextstrain_2026_global,PP_004KTD6,global,PP_004KTD6,,,A.D.1.5,USA,2024-10-11,7,AU_other_complete,US_C21_like
NG2026_Grep05941,global_consensus_representative,Nextstrain_2026_global,PP_004KTU9,global,PP_004KTU9,,,A.D.3,USA,2024-11-13,2,AU_other_complete,US_C18_like
NG2026_Grep05946,global_consensus_representative,Nextstrain_2026_global,PP_004KU3R,global,PP_004KU3R,,,A.D.5.2,USA,2024-11-04,3,AU_other_complete,US_other_complete
NG2026_Grep05948,global_consensus_representative,Nextstrain_2026_global,PP_004KU8F,global,PP_004KU8F,,,A.D.5.2,USA,2024-11-26,1,AU_other_complete,US_other_complete
NG2026_Grep05950,global_consensus_representative,Nextstrain_2026_global,PP_004KUF1,global,PP_004KUF1,,,A.D.3.5,USA,2024-11-27,1,AU_other_complete,US_C18_like
NG2026_Grep05963,global_consensus_representative,Nextstrain_2026_global,PP_004KVGY,global,PP_004KVGY,,,A.D.3.7,USA,2024-11-05,1,AU_other_complete,US_C18_like
NG2026_Grep05967,global_consensus_representative,Nextstrain_2026_global,PP_004KVX1,global,PP_004KVX1,,,A.D.3.7,USA,2024-11-20,2,AU_other_complete,US_C18_like
NG2026_Grep05970,global_consensus_representative,Nextstrain_2026_global,PP_004KW7F,global,PP_004KW7F,,,A.D.5.2,USA,2024-11-20,2,AU_other_complete,US_other_complete
NG2026_Grep05972,global_consensus_representative,Nextstrain_2026_global,PP_004KZB4,global,PP_004KZB4,,,A.D.3.7,Ireland,2026-01-05,8,AU_other_complete,US_C18_like
NG2026_Grep05985,global_consensus_representative,Nextstrain_2026_global,PP_004L03H,global,PP_004L03H,,,A.D.3.7,Ireland,2025-12-31,1,AU_other_complete,US_C18_like
NG2026_Grep05991,global_consensus_representative,Nextstrain_2026_global,PP_004MHSK,global,PP_004MHSK,,,A.D.3.11,Spain,2026-01-29,26,AU_other_complete,US_C18_like
NG2026_Grep05993,global_consensus_representative,Nextstrain_2026_global,PP_004MHRM,global,PP_004MHRM,,,A.D.1.5,Spain,2026-01-22,9,AU_other_complete,US_C21_like
NG2026_Grep05996,global_consensus_representative,Nextstrain_2026_global,PP_004MHY7,global,PP_004MHY7,,,A.D.3.11,Spain,2025-10-07,9,AU_other_complete,US_C18_like
NG2026_Grep05998,global_consensus_representative,Nextstrain_2026_global,PP_004MJ2Z,global,PP_004MJ2Z,,,A.D.3.11,Spain,2025-11-20,2,AU_other_complete,US_C18_like
NG2026_Grep05999,global_consensus_representative,Nextstrain_2026_global,PP_004MJ5T,global,PP_004MJ5T,,,A.D.3.11,Spain,2025-11-25,2,AU_other_complete,US_C18_like
NG2026_Grep06000,global_consensus_representative,Nextstrain_2026_global,PP_004MJ8M,global,PP_004MJ8M,,,A.D.3.11,Spain,2025-12-02,1,AU_other_complete,US_C18_like
NG2026_Grep06001,global_consensus_representative,Nextstrain_2026_global,PP_004MJLW,global,PP_004MJLW,,,A.D.3.11,Spain,2025-12-09,1,AU_other_complete,US_C18_like
NG2026_Grep06002,global_consensus_representative,Nextstrain_2026_global,PP_004MJRL,global,PP_004MJRL,,,A.D.3.1,Spain,2025-12-16,2,AU_C4_like,US_C18_like
NG2026_Grep06011,global_consensus_representative,Nextstrain_2026_global,PP_004MKJZ,global,PP_004MKJZ,,,A.D.1.11,Spain,2026-02-03,2,AU_other_complete,US_other_complete
NG2026_Grep06016,global_consensus_representative,Nextstrain_2026_global,PP_004MKSH,global,PP_004MKSH,,,A.D.3.7,Spain,2026-01-09,3,AU_other_complete,US_C18_like
NG2026_Grep06019,global_consensus_representative,Nextstrain_2026_global,PP_004MKY5,global,PP_004MKY5,,,A.D.3.12,Spain,2026-01-13,1,AU_other_complete,US_C18_like
NG2026_Grep06021,global_consensus_representative,Nextstrain_2026_global,PP_004ML1Z,global,PP_004ML1Z,,,A.D.3.11,Spain,2025-12-17,5,AU_other_complete,US_C18_like
NG2026_Grep06022,global_consensus_representative,Nextstrain_2026_global,PP_004ML4T,global,PP_004ML4T,,,A.D.3.1,Spain,2026-01-08,2,AU_C4_like,US_C18_like
NG2026_Grep06026,global_consensus_representative,Nextstrain_2026_global,PP_004MLG3,global,PP_004MLG3,,,A.D.3.11,Spain,2025-11-18,3,AU_other_complete,US_C18_like
NG2026_Grep06030,global_consensus_representative,Nextstrain_2026_global,PP_004MLQL,global,PP_004MLQL,,,A.D.3.7,Spain,2026-01-13,2,AU_other_complete,US_C18_like
NG2026_Grep06031,global_consensus_representative,Nextstrain_2026_global,PP_004MLPN,global,PP_004MLPN,,,A.D.3.7,Spain,2026-02-03,1,AU_other_complete,US_C18_like
NG2026_Grep06038,global_consensus_representative,Nextstrain_2026_global,PP_004MM6N,global,PP_004MM6N,,,A.D.3,Spain,2025-11-11,5,AU_other_complete,US_C18_like
NG2026_Grep06039,global_consensus_representative,Nextstrain_2026_global,PP_004MM5Q,global,PP_004MM5Q,,,A.D.1.11,Spain,2025-10-08,6,AU_other_complete,US_other_complete
NG2026_Grep06060,global_consensus_representative,Nextstrain_2026_global,PP_005289Z,global,PP_005289Z,,,A.D.3.1,USA,2024-11-11,1,AU_C4_like,US_C18_like
NG2026_Grep06073,global_consensus_representative,Nextstrain_2026_global,PP_00528WQ,global,PP_00528WQ,,,A.D.2.1,USA,2023-10-16,3,AU_C4_like,US_C21_like
NG2026_Grep06083,global_consensus_representative,Nextstrain_2026_global,PP_00529JD,global,PP_00529JD,,,A.D.1.5,USA,2024-12-30,1,AU_other_complete,US_C21_like
NG2026_Grep06091,global_consensus_representative,Nextstrain_2026_global,PP_00529UT,global,PP_00529UT,,,A.D.1.5,USA,2025-01-26,1,AU_other_complete,US_C21_like
NG2026_Grep06104,global_consensus_representative,Nextstrain_2026_global,PP_0052SKU,global,PP_0052SKU,,,A.D.3,China,2025-09-24,6,AU_other_complete,US_C18_like
NG2026_Grep06112,global_consensus_representative,Nextstrain_2026_global,PP_0052SW6,global,PP_0052SW6,,,A.D.3,China,2025-05-04,6,AU_other_complete,US_C18_like
NG2026_Grep06115,global_consensus_representative,Nextstrain_2026_global,PP_0052T0Y,global,PP_0052T0Y,,,A.D.3,China,2025-04-30,4,AU_other_complete,US_C18_like
NG2026_Grep06116,global_consensus_representative,Nextstrain_2026_global,PP_0052SZ0,global,PP_0052SZ0,,,A.D.1.5,China,2025-03-25,3,AU_other_complete,US_C21_like
NG2026_Grep06149,global_consensus_representative,Nextstrain_2026_global,PP_0052UMN,global,PP_0052UMN,,,A.D.1.11,China,2025-08-28,1,AU_other_complete,US_other_complete
NG2026_Grep06151,global_consensus_representative,Nextstrain_2026_global,PP_0052UPJ,global,PP_0052UPJ,,,A.D.1.5,China,2025-09-08,2,AU_other_complete,US_C21_like
NG2026_Grep06154,global_consensus_representative,Nextstrain_2026_global,PP_006PZCS,global,PP_006PZCS,,,A.D.3.7,USA,2024-12-19,3,AU_other_complete,US_C18_like
NG2026_Grep06181,global_consensus_representative,Nextstrain_2026_global,PP_006Q0ZE,global,PP_006Q0ZE,,,A.D.3.7,USA,2025-01-09,1,AU_other_complete,US_C18_like
NG2026_Grep06185,global_consensus_representative,Nextstrain_2026_global,PP_006Q19U,global,PP_006Q19U,,,A.D.3.7,USA,2024-12-27,1,AU_other_complete,US_C18_like
NG2026_Grep06190,global_consensus_representative,Nextstrain_2026_global,PP_006Q219,global,PP_006Q219,,,A.D.3.7,USA,2025-01-03,1,AU_other_complete,US_C18_like
NG2026_Grep06194,global_consensus_representative,Nextstrain_2026_global,PP_006Q2BP,global,PP_006Q2BP,,,A.D.1.5,USA,2024-12-01,1,AU_other_complete,US_other_complete
NG2026_Grep06205,global_consensus_representative,Nextstrain_2026_global,PP_006Q4CK,global,PP_006Q4CK,,,A.D.3,USA,2025-12-31,4,AU_other_complete,US_C18_like
NG2026_Grep06214,global_consensus_representative,Nextstrain_2026_global,PP_006Q4WG,global,PP_006Q4WG,,,A.D.1.6,USA,2026-01-04,1,AU_other_complete,US_other_complete
NG2026_Grep06216,global_consensus_representative,Nextstrain_2026_global,PP_006Q59Q,global,PP_006Q59Q,,,A.D.3.12,USA,2026-02-02,9,AU_other_complete,US_C18_like
NG2026_Grep06222,global_consensus_representative,Nextstrain_2026_global,PP_006Q5WF,global,PP_006Q5WF,,,A.D.1.5,USA,2026-02-09,2,AU_other_complete,US_C21_like
NG2026_Grep06223,global_consensus_representative,Nextstrain_2026_global,PP_006Q607,global,PP_006Q607,,,A.D.3.11,USA,2026-02-07,5,AU_other_complete,US_C18_like
NG2026_Grep06225,global_consensus_representative,Nextstrain_2026_global,PP_006Q6DF,global,PP_006Q6DF,,,A.D.1.9,USA,2026-02-12,16,AU_other_complete,US_other_complete
NG2026_Grep06239,global_consensus_representative,Nextstrain_2026_global,PP_006QLW0,global,PP_006QLW0,,,A.D.3,Australia,2025-11-27,3,AU_other_complete,US_C18_like
NG2026_Grep06244,global_consensus_representative,Nextstrain_2026_global,PP_006QM2N,global,PP_006QM2N,,,A.D.3,Australia,2025-11-20,4,AU_other_complete,US_C18_like
NG2026_Grep06245,global_consensus_representative,Nextstrain_2026_global,PP_006QM4J,global,PP_006QM4J,,,A.D.1.5,Australia,2025-11-23,13,AU_other_complete,US_C21_like
NG2026_Grep06247,global_consensus_representative,Nextstrain_2026_global,PP_006QM7C,global,PP_006QM7C,,,A.D.3.12,Australia,2025-11-05,9,AU_other_complete,US_C18_like
NG2026_Grep06250,global_consensus_representative,Nextstrain_2026_global,PP_006QMJP,global,PP_006QMJP,,,A.D.3.1,Australia,2025-11-01,3,AU_C4_like,US_C18_like
NG2026_Grep06251,global_consensus_representative,Nextstrain_2026_global,PP_006QMLK,global,PP_006QMLK,,,A.D.3.1,Australia,2025-10-25,2,AU_C4_like,US_C18_like
NG2026_Grep06252,global_consensus_representative,Nextstrain_2026_global,PP_006QMNF,global,PP_006QMNF,,,A.D.3.12,Australia,2025-10-22,6,AU_other_complete,US_C18_like
NG2026_Grep06254,global_consensus_representative,Nextstrain_2026_global,PP_006QMV1,global,PP_006QMV1,,,A.D.3.12,Australia,2025-12-23,5,AU_other_complete,US_C18_like
NG2026_Grep06255,global_consensus_representative,Nextstrain_2026_global,PP_006QMWZ,global,PP_006QMWZ,,,A.D.3.11,Australia,2025-11-10,1,AU_other_complete,US_C18_like
NG2026_Grep06273,global_consensus_representative,Nextstrain_2026_global,PP_006QP2L,global,PP_006QP2L,,,A.D.1.4,Australia,2025-09-23,1,AU_other_complete,US_other_complete
NG2026_Grep06274,global_consensus_representative,Nextstrain_2026_global,PP_006QP4G,global,PP_006QP4G,,,A.D.1.5,Australia,2025-09-23,1,AU_other_complete,US_C21_like
NG2026_Grep06278,global_consensus_representative,Nextstrain_2026_global,PP_006QPLH,global,PP_006QPLH,,,A.D.1.10,Australia,2025-09-10,1,AU_other_complete,US_other_complete
NG2026_Grep06297,global_consensus_representative,Nextstrain_2026_global,PP_006QXAW,global,PP_006QXAW,,,A.D.3.7,USA,2026-01-31,1,AU_other_complete,US_C18_like
NG2026_Grep06301,global_consensus_representative,Nextstrain_2026_global,PP_006QXP3,global,PP_006QXP3,,,A.D.1.11,USA,2026-02-01,1,AU_other_complete,US_other_complete
NG2026_Grep06312,global_consensus_representative,Nextstrain_2026_global,PP_006QZ54,global,PP_006QZ54,,,A.D.3.7,USA,2026-01-22,1,AU_other_complete,US_C18_like
NG2026_Grep06314,global_consensus_representative,Nextstrain_2026_global,PP_006QZ70,global,PP_006QZ70,,,A.D.5.3,USA,2025-04-01,31,AU_other_complete,US_other_complete
NG2026_Grep06318,global_consensus_representative,Nextstrain_2026_global,PP_006QZBS,global,PP_006QZBS,,,A.D.3.7,USA,2025-09-23,2,AU_other_complete,US_C18_like
NG2026_Grep06319,global_consensus_representative,Nextstrain_2026_global,PP_006QZEL,global,PP_006QZEL,,,A.D.1.5,USA,2025-08-11,1,AU_other_complete,US_C21_like
NG2026_Grep06323,global_consensus_representative,Nextstrain_2026_global,PP_006QZL7,global,PP_006QZL7,,,A.D.3.3,USA,2025-09-14,1,AU_other_complete,US_C18_like
NG2026_Grep06330,global_consensus_representative,Nextstrain_2026_global,PP_006RHV3,global,PP_006RHV3,,,A.D.1.11,USA,2026-02-20,2,AU_other_complete,US_other_complete
NG2026_Grep06334,global_consensus_representative,Nextstrain_2026_global,PP_006RK5G,global,PP_006RK5G,,,A.D.1.9,USA,2026-02-25,1,AU_other_complete,US_other_complete
NG2026_Grep06336,global_consensus_representative,Nextstrain_2026_global,PP_006RKB4,global,PP_006RKB4,,,A.D.3.3,USA,2026-02-27,6,AU_other_complete,US_C18_like
NG2026_Grep06346,global_consensus_representative,Nextstrain_2026_global,PP_006RLB3,global,PP_006RLB3,,,A.D.3.7,USA,2026-03-03,1,AU_other_complete,US_C18_like
NG2026_Grep06352,global_consensus_representative,Nextstrain_2026_global,PP_006RQ77,global,PP_006RQ77,,,A.D.3.11,USA,2026-01-16,1,AU_other_complete,US_C18_like
NG2026_Grep06355,global_consensus_representative,Nextstrain_2026_global,PP_006RQNA,global,PP_006RQNA,,,A.D.3.7,USA,2026-01-17,1,AU_other_complete,US_C18_like
NG2026_Grep06363,global_consensus_representative,Nextstrain_2026_global,PP_006RRN9,global,PP_006RRN9,,,A.D.1.5,USA,2026-01-12,1,AU_other_complete,US_C21_like
NG2026_Grep06372,global_consensus_representative,Nextstrain_2026_global,PP_006RSFP,global,PP_006RSFP,,,A.D.3.9,USA,2024-11-01,1,AU_other_complete,US_C18_like
NG2026_Grep06379,global_consensus_representative,Nextstrain_2026_global,PP_006RSVU,global,PP_006RSVU,,,A.D.1.5,USA,2024-08-16,3,AU_other_complete,US_C21_like
NG2026_Grep06383,global_consensus_representative,Nextstrain_2026_global,PP_006RT0J,global,PP_006RT0J,,,A.D.3.1,USA,2024-12-17,2,AU_C4_like,US_C18_like
NG2026_Grep06390,global_consensus_representative,Nextstrain_2026_global,PP_006RTFN,global,PP_006RTFN,,,A.D.3.7,USA,2024-11-14,1,AU_other_complete,US_C18_like
NG2026_Grep06400,global_consensus_representative,Nextstrain_2026_global,PP_006RU65,global,PP_006RU65,,,A.D.3.1,USA,2024-11-27,1,AU_C4_like,US_C18_like
NG2026_Grep06407,global_consensus_representative,Nextstrain_2026_global,PP_006RUHG,global,PP_006RUHG,,,A.D.5.2,USA,2025-02-02,1,AU_other_complete,US_other_complete
NG2026_Grep06427,global_consensus_representative,Nextstrain_2026_global,PP_006TTK9,global,PP_006TTK9,,,A.D.3.11,Ireland,2026-01-08,1,AU_other_complete,US_C18_like
NG2026_Grep06432,global_consensus_representative,Nextstrain_2026_global,PP_006TTVP,global,PP_006TTVP,,,A.D.3.7,Ireland,2025-12-12,3,AU_other_complete,US_C18_like
NG2026_Grep06433,global_consensus_representative,Nextstrain_2026_global,PP_006TU1B,global,PP_006TU1B,,,A.D.3.12,Ireland,2025-12-21,1,AU_other_complete,US_C18_like
NG2026_Grep06435,global_consensus_representative,Nextstrain_2026_global,PP_006TU7Z,global,PP_006TU7Z,,,A.D.3.11,Ireland,2026-01-20,1,AU_other_complete,US_C18_like
NG2026_Grep06443,global_consensus_representative,Nextstrain_2026_global,PP_006TYZA,global,PP_006TYZA,,,A.D.3,Cameroon,2023-XX-XX,3,AU_other_complete,US_other_complete
NG2026_Grep06460,global_consensus_representative,Nextstrain_2026_global,PP_006U112,global,PP_006U112,,,A.D.3.3,USA,2026-03-15,1,AU_ambiguous,US_C18_like
NG2026_Grep06464,global_consensus_representative,Nextstrain_2026_global,PP_006U1F8,global,PP_006U1F8,,,A.D.3.1,USA,2026-03-17,1,AU_C4_like,US_C18_like
NG2026_Grep06470,global_consensus_representative,Nextstrain_2026_global,PP_006UCD1,global,PP_006UCD1,,,A.D.3.3,USA,2026-03-19,1,AU_other_complete,US_C18_like
NG2026_Grep06487,global_consensus_representative,Nextstrain_2026_global,PP_006UM74,global,PP_006UM74,,,A.D.1.5,USA,2023-10-XX,1,AU_other_complete,US_other_complete
NG2026_Grep06506,global_consensus_representative,Nextstrain_2026_global,PP_006UP56,global,PP_006UP56,,,A.D.3.1,USA,2024-12-XX,2,AU_C4_like,US_C18_like
NG2026_Grep06513,global_consensus_representative,Nextstrain_2026_global,PP_006UPN5,global,PP_006UPN5,,,A.D.3.11,USA,2024-12-XX,1,AU_other_complete,US_C18_like
NG2026_Grep06522,global_consensus_representative,Nextstrain_2026_global,PP_006UQ39,global,PP_006UQ39,,,A.D.3.1,USA,2025-02-XX,1,AU_C4_like,US_C18_like
NG2026_Grep06531,global_consensus_representative,Nextstrain_2026_global,PP_006UQP2,global,PP_006UQP2,,,A.D.1.5,USA,2024-12-XX,2,AU_other_complete,US_C21_like
NG2026_Grep06532,global_consensus_representative,Nextstrain_2026_global,PP_006UQTU,global,PP_006UQTU,,,A.D.1.9,USA,2024-12-XX,1,AU_other_complete,US_other_complete
NG2026_Grep06545,global_consensus_representative,Nextstrain_2026_global,PP_006US7Z,global,PP_006US7Z,,,A.D.3.3,USA,2025-01-XX,2,AU_other_complete,US_C18_like
NG2026_Grep06549,global_consensus_representative,Nextstrain_2026_global,PP_006USK8,global,PP_006USK8,,,A.D.1.10,USA,2025-01-XX,1,AU_other_complete,US_other_complete
NG2026_Grep06558,global_consensus_representative,Nextstrain_2026_global,PP_006UTBQ,global,PP_006UTBQ,,,A.D.3,USA,2024-11-XX,2,AU_other_complete,US_C18_like
NG2026_Grep06565,global_consensus_representative,Nextstrain_2026_global,PP_006UUVL,global,PP_006UUVL,,,A.D.5.1,USA,2024-12-XX,1,AU_other_complete,US_other_complete
NG2026_Grep06576,global_consensus_representative,Nextstrain_2026_global,PP_006V7LP,global,PP_006V7LP,,,A.D.1.11,USA,2026-03-26,1,AU_other_complete,US_other_complete
NG2026_Grep06581,global_consensus_representative,Nextstrain_2026_global,PP_006V7V5,global,PP_006V7V5,,,A.D.1.6,USA,2026-03-20,2,AU_other_complete,US_other_complete
NG2026_Grep06586,global_consensus_representative,Nextstrain_2026_global,PP_006V8KQ,global,PP_006V8KQ,,,A.D.1.6,USA,2026-03-30,1,AU_other_complete,US_other_complete
CONS_PRJNA1037681_SRR26779971,study_consensus,PRJNA1037681,AU-S01,PRJNA1037681,SRR26779971,consensus,1.0,A.D.3.1,Australia,2022-05-15,1,AU_C4_like,US_C18_like
CONS_PRJNA1037681_SRR26779973,study_consensus,PRJNA1037681,AU-S28,PRJNA1037681,SRR26779973,consensus,1.0,A.D.3.1,Australia,2022-07-14,1,AU_other_complete,US_C18_like
CONS_PRJNA1037681_SRR26779974,study_consensus,PRJNA1037681,AU-S26,PRJNA1037681,SRR26779974,consensus,1.0,A.D.3.1,Australia,2022-07-10,1,AU_C4_like,US_C18_like
CONS_PRJNA1037681_SRR26779976,study_consensus,PRJNA1037681,AU-S24,PRJNA1037681,SRR26779976,consensus,1.0,A.D.3.1,Australia,2022-07-08,1,AU_C4_like,US_C18_like
CONS_PRJNA1037681_SRR26779980,study_consensus,PRJNA1037681,AU-S18,PRJNA1037681,SRR26779980,consensus,1.0,A.D.3.1,Australia,2022-06-25,1,AU_C4_like,US_C18_like
CONS_PRJNA1037681_SRR26779981,study_consensus,PRJNA1037681,AU-S27,PRJNA1037681,SRR26779981,consensus,1.0,A.D.3.1,Australia,2022-07-10,1,AU_C4_like,US_C18_like
CONS_PRJNA1037681_SRR26779985,study_consensus,PRJNA1037681,AU-S29,PRJNA1037681,SRR26779985,consensus,1.0,A.D.3.1,Australia,2022-07-17,1,AU_C4_like,US_C18_like
CONS_PRJNA1037681_SRR26779989,study_consensus,PRJNA1037681,AU-S19,PRJNA1037681,SRR26779989,consensus,1.0,A.D.3.1,Australia,2022-06-26,1,AU_C4_like,US_C18_like
CONS_PRJNA1037681_SRR26779994,study_consensus,PRJNA1037681,AU-S07,PRJNA1037681,SRR26779994,consensus,1.0,A.D.3.1,Australia,2022-06-02,1,AU_C4_like,US_C18_like
CONS_PRJNA1037681_SRR26780031,study_consensus,PRJNA1037681,AU-S35,PRJNA1037681,SRR26780031,consensus,1.0,A.D.3.1,Australia,2022-08-05,1,AU_C4_like,US_C18_like
CONS_PRJNA1037681_SRR26780033,study_consensus,PRJNA1037681,AU-S31,PRJNA1037681,SRR26780033,consensus,1.0,A.D.3.1,Australia,2022-07-19,1,AU_C4_like,US_C18_like
CONS_PRJNA1037681_SRR26780034,study_consensus,PRJNA1037681,AU-S20,PRJNA1037681,SRR26780034,consensus,1.0,A.D.3.1,Australia,2022-06-27,1,AU_C4_like,US_C18_like
CONS_PRJNA1037681_SRR26780041,study_consensus,PRJNA1037681,AU-S23,PRJNA1037681,SRR26780041,consensus,1.0,A.D.3.1,Australia,2022-07-03,1,AU_C4_like,US_C18_like
CONS_PRJNA1037681_SRR26780042,study_consensus,PRJNA1037681,AU-S14,PRJNA1037681,SRR26780042,consensus,1.0,A.D.3.1,Australia,2022-06-14,1,AU_C4_like,US_C18_like
CONS_PRJNA1037681_SRR26780044,study_consensus,PRJNA1037681,AU-S13,PRJNA1037681,SRR26780044,consensus,1.0,A.D.3.3,Australia,2022-06-13,1,AU_other_complete,US_C18_like
CONS_PRJNA1037681_SRR26780046,study_consensus,PRJNA1037681,AU-S10,PRJNA1037681,SRR26780046,consensus,1.0,A.D.3,Australia,2022-06-05,1,AU_other_complete,US_C18_like
CONS_PRJNA1037681_SRR26780048,study_consensus,PRJNA1037681,AU-S25,PRJNA1037681,SRR26780048,consensus,1.0,A.D.3.1,Australia,2022-07-08,1,AU_other_complete,US_C18_like
CONS_PRJNA1037681_SRR26780050,study_consensus,PRJNA1037681,AU-S11,PRJNA1037681,SRR26780050,consensus,1.0,A.D.3,Australia,2022-06-06,1,AU_other_complete,US_C18_like
CONS_PRJNA1037681_SRR26780067,study_consensus,PRJNA1037681,AU-S04,PRJNA1037681,SRR26780067,consensus,1.0,A.D.3.1,Australia,2022-05-30,1,AU_C4_like,US_C18_like
CONS_PRJNA1037681_SRR26780110,study_consensus,PRJNA1037681,AU-S21,PRJNA1037681,SRR26780110,consensus,1.0,A.D.3,Australia,2022-07-02,1,AU_other_complete,US_C18_like
CONS_PRJNA1037681_SRR26780112,study_consensus,PRJNA1037681,AU-S34,PRJNA1037681,SRR26780112,consensus,1.0,A.D.3.1,Australia,2022-08-03,1,AU_other_complete,US_C18_like
CONS_PRJNA1037681_SRR26780115,study_consensus,PRJNA1037681,AU-S30,PRJNA1037681,SRR26780115,consensus,1.0,A.D.3.1,Australia,2022-07-17,1,AU_C4_like,US_C18_like
CONS_PRJNA1037681_SRR26780117,study_consensus,PRJNA1037681,AU-S36,PRJNA1037681,SRR26780117,consensus,1.0,A.D.3,Australia,2022-08-07,1,AU_other_complete,US_C18_like
CONS_PRJNA1037681_SRR26780119,study_consensus,PRJNA1037681,AU-S22,PRJNA1037681,SRR26780119,consensus,1.0,A.D.3.1,Australia,2022-07-02,1,AU_C4_like,US_C18_like
CONS_PRJNA1037681_SRR26780123,study_consensus,PRJNA1037681,AU-S15,PRJNA1037681,SRR26780123,consensus,1.0,A.D.3.1,Australia,2022-06-19,1,AU_C4_like,US_C18_like
CONS_PRJNA1037681_SRR26780126,study_consensus,PRJNA1037681,AU-S16,PRJNA1037681,SRR26780126,consensus,1.0,A.D.3.1,Australia,2022-06-19,1,AU_C4_like,US_C18_like
CONS_PRJNA1037681_SRR26780127,study_consensus,PRJNA1037681,AU-S17,PRJNA1037681,SRR26780127,consensus,1.0,A.D.3.1,Australia,2022-06-21,1,AU_C4_like,US_C18_like
CONS_PRJNA1037681_SRR26780146,study_consensus,PRJNA1037681,AU-S03,PRJNA1037681,SRR26780146,consensus,1.0,A.D.3.1,Australia,2022-05-28,1,AU_C4_like,US_C18_like
CONS_PRJNA1037681_SRR26780187,study_consensus,PRJNA1037681,AU-S02,PRJNA1037681,SRR26780187,consensus,1.0,A.D.3.1,Australia,2022-05-16,1,AU_C4_like,US_C18_like
CONS_PRJNA1037681_SRR26780205,study_consensus,PRJNA1037681,AU-S32,PRJNA1037681,SRR26780205,consensus,1.0,A.D.3.1,Australia,2022-07-26,1,AU_C4_like,US_C18_like
CONS_PRJNA1037681_SRR26780206,study_consensus,PRJNA1037681,AU-S33,PRJNA1037681,SRR26780206,consensus,1.0,A.D.3.1,Australia,2022-07-29,1,AU_C4_like,US_C18_like
CONS_PRJNA1037681_SRR26780211,study_consensus,PRJNA1037681,AU-S12,PRJNA1037681,SRR26780211,consensus,1.0,A.D.3.1,Australia,2022-06-07,1,AU_C4_like,US_C18_like
CONS_PRJNA1037681_SRR26780213,study_consensus,PRJNA1037681,AU-S05,PRJNA1037681,SRR26780213,consensus,1.0,A.D.3,Australia,2022-05-31,1,AU_other_complete,US_C18_like
CONS_PRJNA1037681_SRR26780216,study_consensus,PRJNA1037681,AU-S06,PRJNA1037681,SRR26780216,consensus,1.0,A.D.3.1,Australia,2022-06-01,1,AU_C4_like,US_C18_like
CONS_PRJNA1037681_SRR26780217,study_consensus,PRJNA1037681,AU-S08,PRJNA1037681,SRR26780217,consensus,1.0,A.D.3.1,Australia,2022-06-02,1,AU_C4_like,US_C18_like
CONS_PRJNA1037681_SRR26780219,study_consensus,PRJNA1037681,AU-S09,PRJNA1037681,SRR26780219,consensus,1.0,A.D.3.1,Australia,2022-06-02,1,AU_C4_like,US_C18_like
CONS_PRJNA1037681_SRR26780237,study_consensus,PRJNA1037681,AU-S37,PRJNA1037681,SRR26780237,consensus,1.0,A.D.3.1,Australia,2022-08-07,1,AU_C4_like,US_C18_like
CONS_PRJNA1130896_SRR29679704,study_consensus,PRJNA1130896,US-S33,PRJNA1130896,SRR29679704,consensus,1.0,A.D.5.2,USA,2023-12-07,1,AU_other_complete,US_other_complete
CONS_PRJNA1130896_SRR29679706,study_consensus,PRJNA1130896,US-S28,PRJNA1130896,SRR29679706,consensus,1.0,A.D.3.2,USA,2023-12-01,1,AU_other_complete,US_other_complete
CONS_PRJNA1130896_SRR29679709,study_consensus,PRJNA1130896,US-S26,PRJNA1130896,SRR29679709,consensus,1.0,A.D.5.2,USA,2023-11-28,1,AU_other_complete,US_other_complete
CONS_PRJNA1130896_SRR29679712,study_consensus,PRJNA1130896,US-S24,PRJNA1130896,SRR29679712,consensus,1.0,A.D.1.8,USA,2023-11-25,1,AU_other_complete,US_other_complete
CONS_PRJNA1130896_SRR29679713,study_consensus,PRJNA1130896,US-S25,PRJNA1130896,SRR29679713,consensus,1.0,A.D.1.5,USA,2023-11-25,1,AU_other_complete,US_C21_like
CONS_PRJNA1130896_SRR29679716,study_consensus,PRJNA1130896,US-S23,PRJNA1130896,SRR29679716,consensus,1.0,A.D.1.5,USA,2023-11-23,1,AU_other_complete,US_C21_like
CONS_PRJNA1130896_SRR29679720,study_consensus,PRJNA1130896,US-S09,PRJNA1130896,SRR29679720,consensus,1.0,A.D.3,USA,2023-11-12,1,AU_other_complete,US_C18_like
CONS_PRJNA1130896_SRR29679721,study_consensus,PRJNA1130896,US-S10,PRJNA1130896,SRR29679721,consensus,1.0,A.D.1,USA,2023-11-12,1,AU_other_complete,US_other_complete
CONS_PRJNA1130896_SRR29679723,study_consensus,PRJNA1130896,US-S08,PRJNA1130896,SRR29679723,consensus,1.0,A.D.1.5,USA,2023-11-10,1,AU_other_complete,US_C21_like
CONS_PRJNA1130896_SRR29679728,study_consensus,PRJNA1130896,US-S06,PRJNA1130896,SRR29679728,consensus,1.0,A.D.1.5,USA,2023-11-04,1,AU_other_complete,US_C21_like
CONS_PRJNA1130896_SRR29679729,study_consensus,PRJNA1130896,US-S05,PRJNA1130896,SRR29679729,consensus,1.0,A.D.1.5,USA,2023-11-03,1,AU_other_complete,US_C21_like
CONS_PRJNA1130896_SRR29679731,study_consensus,PRJNA1130896,US-S03,PRJNA1130896,SRR29679731,consensus,1.0,A.D.3,USA,2023-11-01,1,AU_other_complete,US_C18_like
CONS_PRJNA1130896_SRR29679732,study_consensus,PRJNA1130896,US-S04,PRJNA1130896,SRR29679732,consensus,1.0,A.D.1.6,USA,2023-11-01,1,AU_other_complete,US_other_complete
CONS_PRJNA1130896_SRR29679737,study_consensus,PRJNA1130896,US-S32,PRJNA1130896,SRR29679737,consensus,1.0,A.D.5.2,USA,2023-12-06,1,AU_other_complete,US_other_complete
CONS_PRJNA1130896_SRR29679738,study_consensus,PRJNA1130896,US-S30,PRJNA1130896,SRR29679738,consensus,1.0,A.D.1.5,USA,2023-12-05,1,AU_other_complete,US_C21_like
CONS_PRJNA1130896_SRR29679753,study_consensus,PRJNA1130896,US-S39,PRJNA1130896,SRR29679753,consensus,1.0,A.D.1.9,USA,2023-12-13,1,AU_other_complete,US_other_complete
CONS_PRJNA1130896_SRR29679754,study_consensus,PRJNA1130896,US-S21,PRJNA1130896,SRR29679754,consensus,1.0,A.D.1.5,USA,2023-11-21,1,AU_other_complete,US_C21_like
CONS_PRJNA1130896_SRR29679809,study_consensus,PRJNA1130896,US-S36,PRJNA1130896,SRR29679809,consensus,1.0,A.D.1.9,USA,2023-12-11,1,AU_other_complete,US_other_complete
CONS_PRJNA1130896_SRR29679814,study_consensus,PRJNA1130896,US-S02,PRJNA1130896,SRR29679814,consensus,1.0,A.D.1.5,USA,2023-10-22,1,AU_other_complete,US_C21_like
CONS_PRJNA1130896_SRR29679823,study_consensus,PRJNA1130896,US-S07,PRJNA1130896,SRR29679823,consensus,1.0,A.D.1.5,USA,2023-11-07,1,AU_other_complete,US_C21_like
CONS_PRJNA1130896_SRR29679826,study_consensus,PRJNA1130896,US-S11,PRJNA1130896,SRR29679826,consensus,1.0,A.D.3.2,USA,2023-11-12,1,AU_other_complete,US_other_complete
CONS_PRJNA1130896_SRR29679830,study_consensus,PRJNA1130896,US-S15,PRJNA1130896,SRR29679830,consensus,1.0,A.D.1,USA,2023-11-17,1,AU_other_complete,US_other_complete
CONS_PRJNA1130896_SRR29679833,study_consensus,PRJNA1130896,US-S16,PRJNA1130896,SRR29679833,consensus,1.0,A.D.1,USA,2023-11-17,1,AU_other_complete,US_other_complete
CONS_PRJNA1130896_SRR29679834,study_consensus,PRJNA1130896,US-S12,PRJNA1130896,SRR29679834,consensus,1.0,A.D.5.3,USA,2023-11-12,1,AU_other_complete,US_other_complete
CONS_PRJNA1130896_SRR29679837,study_consensus,PRJNA1130896,US-S17,PRJNA1130896,SRR29679837,consensus,1.0,A.D.1.5,USA,2023-11-17,1,AU_other_complete,US_C21_like
CONS_PRJNA1130896_SRR29679842,study_consensus,PRJNA1130896,US-S19,PRJNA1130896,SRR29679842,consensus,1.0,A.D.1.5,USA,2023-11-19,1,AU_other_complete,US_C21_like
CONS_PRJNA1130896_SRR29679843,study_consensus,PRJNA1130896,US-S13,PRJNA1130896,SRR29679843,consensus,1.0,A.D.5.3,USA,2023-11-14,1,AU_other_complete,US_other_complete
CONS_PRJNA1130896_SRR29679844,study_consensus,PRJNA1130896,US-S14,PRJNA1130896,SRR29679844,consensus,1.0,A.D.5.2,USA,2023-11-14,1,AU_other_complete,US_other_complete
CONS_PRJNA1130896_SRR29679851,study_consensus,PRJNA1130896,US-S22,PRJNA1130896,SRR29679851,consensus,1.0,A.D.1.5,USA,2023-11-21,1,AU_other_complete,US_C21_like
CONS_PRJNA1130896_SRR29679852,study_consensus,PRJNA1130896,US-S27,PRJNA1130896,SRR29679852,consensus,1.0,A.D.1.5,USA,2023-11-30,1,AU_other_complete,US_C21_like
CONS_PRJNA1130896_SRR29679854,study_consensus,PRJNA1130896,US-S18,PRJNA1130896,SRR29679854,consensus,1.0,A.D.1.5,USA,2023-11-18,1,AU_other_complete,US_C21_like
CONS_PRJNA1130896_SRR29679864,study_consensus,PRJNA1130896,US-S20,PRJNA1130896,SRR29679864,consensus,1.0,A.D.1.5,USA,2023-11-19,1,AU_other_complete,US_C21_like
CONS_PRJNA1130896_SRR29679874,study_consensus,PRJNA1130896,US-S01,PRJNA1130896,SRR29679874,consensus,1.0,A.D.1.5,USA,2023-10-13,1,AU_other_complete,US_C21_like
CONS_PRJNA1130896_SRR29692818,study_consensus,PRJNA1130896,US-S50,PRJNA1130896,SRR29692818,consensus,1.0,A.D.1.5,USA,2023-12-27,1,AU_other_complete,US_other_complete
CONS_PRJNA1130896_SRR29692824,study_consensus,PRJNA1130896,US-S58,PRJNA1130896,SRR29692824,consensus,1.0,A.D.1,USA,2023-12-31,1,AU_other_complete,US_other_complete
CONS_PRJNA1130896_SRR29692828,study_consensus,PRJNA1130896,US-S31,PRJNA1130896,SRR29692828,consensus,1.0,A.D.1.9,USA,2023-12-05,1,AU_other_complete,US_other_complete
CONS_PRJNA1130896_SRR29692831,study_consensus,PRJNA1130896,US-S29,PRJNA1130896,SRR29692831,consensus,1.0,A.D.1.5,USA,2023-12-02,1,AU_other_complete,US_C21_like
CONS_PRJNA1130896_SRR29692854,study_consensus,PRJNA1130896,US-S68,PRJNA1130896,SRR29692854,consensus,1.0,A.D.1.5,USA,2024-02-03,1,AU_other_complete,US_C21_like
CONS_PRJNA1130896_SRR29692857,study_consensus,PRJNA1130896,US-S69,PRJNA1130896,SRR29692857,consensus,1.0,A.D.1.5,USA,2024-02-05,1,AU_other_complete,US_C21_like
CONS_PRJNA1130896_SRR29692865,study_consensus,PRJNA1130896,US-S40,PRJNA1130896,SRR29692865,consensus,1.0,A.D.1.5,USA,2023-12-13,1,AU_other_complete,US_C21_like
CONS_PRJNA1130896_SRR29692873,study_consensus,PRJNA1130896,US-S42,PRJNA1130896,SRR29692873,consensus,1.0,A.D.3.1,USA,2023-12-16,1,AU_C4_like,US_C18_like
CONS_PRJNA1130896_SRR29692875,study_consensus,PRJNA1130896,US-S37,PRJNA1130896,SRR29692875,consensus,1.0,A.D.1.5,USA,2023-12-11,1,AU_other_complete,US_C21_like
CONS_PRJNA1130896_SRR29692880,study_consensus,PRJNA1130896,US-S38,PRJNA1130896,SRR29692880,consensus,1.0,A.D.1.5,USA,2023-12-12,1,AU_other_complete,US_other_complete
CONS_PRJNA1130896_SRR29692881,study_consensus,PRJNA1130896,US-S34,PRJNA1130896,SRR29692881,consensus,1.0,A.D.1.5,USA,2023-12-10,1,AU_other_complete,US_C21_like
CONS_PRJNA1130896_SRR29692884,study_consensus,PRJNA1130896,US-S67,PRJNA1130896,SRR29692884,consensus,1.0,A.D.1.8,USA,2024-01-18,1,AU_other_complete,US_other_complete
CONS_PRJNA1130896_SRR29692887,study_consensus,PRJNA1130896,US-S66,PRJNA1130896,SRR29692887,consensus,1.0,A.D.1.5,USA,2024-01-17,1,AU_other_complete,US_C21_like
CONS_PRJNA1130896_SRR29692889,study_consensus,PRJNA1130896,US-S62,PRJNA1130896,SRR29692889,consensus,1.0,A.D.1.5,USA,2024-01-02,1,AU_other_complete,US_C21_like
CONS_PRJNA1130896_SRR29692926,study_consensus,PRJNA1130896,US-S55,PRJNA1130896,SRR29692926,consensus,1.0,A.D.1.5,USA,2023-12-29,1,AU_other_complete,US_other_complete
CONS_PRJNA1130896_SRR29692928,study_consensus,PRJNA1130896,US-S56,PRJNA1130896,SRR29692928,consensus,1.0,A.D.5.2,USA,2023-12-30,1,AU_other_complete,US_other_complete
CONS_PRJNA1130896_SRR29692929,study_consensus,PRJNA1130896,US-S44,PRJNA1130896,SRR29692929,consensus,1.0,A.D.1.5,USA,2023-12-22,1,AU_other_complete,US_C21_like
CONS_PRJNA1130896_SRR29692933,study_consensus,PRJNA1130896,US-S45,PRJNA1130896,SRR29692933,consensus,1.0,A.D.1.5,USA,2023-12-23,1,AU_other_complete,US_C21_like
CONS_PRJNA1130896_SRR29692935,study_consensus,PRJNA1130896,US-S59,PRJNA1130896,SRR29692935,consensus,1.0,A.D.1.5,USA,2024-01-01,1,AU_other_complete,US_C21_like
CONS_PRJNA1130896_SRR29692936,study_consensus,PRJNA1130896,US-S53,PRJNA1130896,SRR29692936,consensus,1.0,A.D.5.2,USA,2023-12-28,1,AU_other_complete,US_other_complete
CONS_PRJNA1130896_SRR29692939,study_consensus,PRJNA1130896,US-S54,PRJNA1130896,SRR29692939,consensus,1.0,A.D.1.5,USA,2023-12-28,1,AU_other_complete,US_C21_like
CONS_PRJNA1130896_SRR29692941,study_consensus,PRJNA1130896,US-S46,PRJNA1130896,SRR29692941,consensus,1.0,A.D.1.5,USA,2023-12-25,1,AU_other_complete,US_C21_like
CONS_PRJNA1130896_SRR29692943,study_consensus,PRJNA1130896,US-S57,PRJNA1130896,SRR29692943,consensus,1.0,A.D.5.2,USA,2023-12-30,1,AU_other_complete,US_other_complete
CONS_PRJNA1130896_SRR29692965,study_consensus,PRJNA1130896,US-S35,PRJNA1130896,SRR29692965,consensus,1.0,A.D.5.2,USA,2023-12-10,1,AU_other_complete,US_other_complete
CONS_PRJNA1130896_SRR29692967,study_consensus,PRJNA1130896,US-S41,PRJNA1130896,SRR29692967,consensus,1.0,A.D.1.6,USA,2023-12-13,1,AU_other_complete,US_other_complete
CONS_PRJNA1130896_SRR29692974,study_consensus,PRJNA1130896,US-S63,PRJNA1130896,SRR29692974,consensus,1.0,A.D.1.5,USA,2024-01-02,1,AU_other_complete,US_C21_like
CONS_PRJNA1130896_SRR29692975,study_consensus,PRJNA1130896,US-S64,PRJNA1130896,SRR29692975,consensus,1.0,A.D.5.2,USA,2024-01-02,1,AU_other_complete,US_other_complete
CONS_PRJNA1130896_SRR29692977,study_consensus,PRJNA1130896,US-S60,PRJNA1130896,SRR29692977,consensus,1.0,A.D.3.4,USA,2024-01-01,1,AU_other_complete,US_C18_like
CONS_PRJNA1130896_SRR29692981,study_consensus,PRJNA1130896,US-S61,PRJNA1130896,SRR29692981,consensus,1.0,A.D.5.2,USA,2024-01-01,1,AU_other_complete,US_other_complete
CONS_PRJNA1130896_SRR29692982,study_consensus,PRJNA1130896,US-S47,PRJNA1130896,SRR29692982,consensus,1.0,A.D.5.2,USA,2023-12-25,1,AU_other_complete,US_other_complete
CONS_PRJNA1130896_SRR29692984,study_consensus,PRJNA1130896,US-S51,PRJNA1130896,SRR29692984,consensus,1.0,A.D.5.2,USA,2023-12-27,1,AU_other_complete,US_other_complete
CONS_PRJNA1130896_SRR29692985,study_consensus,PRJNA1130896,US-S52,PRJNA1130896,SRR29692985,consensus,1.0,A.D.1.5,USA,2023-12-27,1,AU_other_complete,US_C21_like
CONS_PRJNA1130896_SRR29692989,study_consensus,PRJNA1130896,US-S49,PRJNA1130896,SRR29692989,consensus,1.0,A.D.5.2,USA,2023-12-26,1,AU_other_complete,US_other_complete
CONS_PRJNA1130896_SRR29692991,study_consensus,PRJNA1130896,US-S48,PRJNA1130896,SRR29692991,consensus,1.0,A.D.5.2,USA,2023-12-25,1,AU_other_complete,US_other_complete
CONS_PRJNA1130896_SRR29692998,study_consensus,PRJNA1130896,US-S43,PRJNA1130896,SRR29692998,consensus,1.0,A.D.1.5,USA,2023-12-17,1,AU_other_complete,US_C21_like
CONS_PRJNA1130896_SRR29693057,study_consensus,PRJNA1130896,US-S72,PRJNA1130896,SRR29693057,consensus,1.0,A.D.1.5,USA,2024-04-27,1,AU_other_complete,US_other_complete
CONS_PRJNA1130896_SRR29693058,study_consensus,PRJNA1130896,US-S71,PRJNA1130896,SRR29693058,consensus,1.0,A.D.1.5,USA,2024-04-24,1,AU_other_complete,US_C21_like
CONS_PRJNA1130896_SRR29693059,study_consensus,PRJNA1130896,US-S70,PRJNA1130896,SRR29693059,consensus,1.0,A.D.5.1,USA,2024-04-19,1,AU_other_complete,US_other_complete
CONS_PRJNA1130896_SRR29693060,study_consensus,PRJNA1130896,US-S65,PRJNA1130896,SRR29693060,consensus,1.0,A.D.3.3,USA,2024-01-10,1,AU_other_complete,US_C18_like
HAP_PRJNA1037681_SRR26779971_H1_C4,study_focal_haplotype,PRJNA1037681,AU-S01 H1 C4,PRJNA1037681,SRR26779971,C4,0.7244699254025825,A.D.3.1,Australia,2022-05-15,1,AU_C4_like,US_C18_like
HAP_PRJNA1037681_SRR26779971_H2_C6,study_focal_haplotype,PRJNA1037681,AU-S01 H2 C6,PRJNA1037681,SRR26779971,C6,0.2755300745974175,A.D.3.1,Australia,2022-05-15,1,AU_C6_like,US_C18_like
HAP_PRJNA1037681_SRR26779974_H1_C4,study_focal_haplotype,PRJNA1037681,AU-S26 H1 C4,PRJNA1037681,SRR26779974,C4,0.7140218961845151,A.D.3.1,Australia,2022-07-10,1,AU_C4_like,US_C18_like
HAP_PRJNA1037681_SRR26779974_H2_C6,study_focal_haplotype,PRJNA1037681,AU-S26 H2 C6,PRJNA1037681,SRR26779974,C6,0.2859781038154849,A.D.3.1,Australia,2022-07-10,1,AU_C6_like,US_C18_like
HAP_PRJNA1037681_SRR26779980_H1_C4,study_focal_haplotype,PRJNA1037681,AU-S18 H1 C4,PRJNA1037681,SRR26779980,C4,0.8081702482091332,A.D.3.1,Australia,2022-06-25,1,AU_C4_like,US_C18_like
HAP_PRJNA1037681_SRR26779980_H2_C6,study_focal_haplotype,PRJNA1037681,AU-S18 H2 C6,PRJNA1037681,SRR26779980,C6,0.1918297517908667,A.D.3.1,Australia,2022-06-25,1,AU_C6_like,US_C18_like
HAP_PRJNA1037681_SRR26779981_H1_C4,study_focal_haplotype,PRJNA1037681,AU-S27 H1 C4,PRJNA1037681,SRR26779981,C4,0.7289970914233345,A.D.3.1,Australia,2022-07-10,1,AU_C4_like,US_C18_like
HAP_PRJNA1037681_SRR26779981_H2_C6,study_focal_haplotype,PRJNA1037681,AU-S27 H2 C6,PRJNA1037681,SRR26779981,C6,0.2710029085766656,A.D.3.1,Australia,2022-07-10,1,AU_C6_like,US_C18_like
HAP_PRJNA1037681_SRR26779985_H1_C4,study_focal_haplotype,PRJNA1037681,AU-S29 H1 C4,PRJNA1037681,SRR26779985,C4,0.7421956932422757,A.D.3.1,Australia,2022-07-17,1,AU_C4_like,US_C18_like
HAP_PRJNA1037681_SRR26779985_H2_C6,study_focal_haplotype,PRJNA1037681,AU-S29 H2 C6,PRJNA1037681,SRR26779985,C6,0.2578043067577243,A.D.3.1,Australia,2022-07-17,1,AU_C6_like,US_C18_like
HAP_PRJNA1037681_SRR26779994_H1_C4,study_focal_haplotype,PRJNA1037681,AU-S07 H1 C4,PRJNA1037681,SRR26779994,C4,0.7435829657337988,A.D.3.1,Australia,2022-06-02,1,AU_C4_like,US_C18_like
HAP_PRJNA1037681_SRR26779994_H2_C6,study_focal_haplotype,PRJNA1037681,AU-S07 H2 C6,PRJNA1037681,SRR26779994,C6,0.2564170342662013,A.D.3.1,Australia,2022-06-02,1,AU_C6_like,US_C18_like
HAP_PRJNA1037681_SRR26780031_H1_C4,study_focal_haplotype,PRJNA1037681,AU-S35 H1 C4,PRJNA1037681,SRR26780031,C4,0.6314167403432303,A.D.3.1,Australia,2022-08-05,1,AU_C4_like,US_C18_like
HAP_PRJNA1037681_SRR26780031_H2_C6,study_focal_haplotype,PRJNA1037681,AU-S35 H2 C6,PRJNA1037681,SRR26780031,C6,0.3685832596567696,A.D.3.1,Australia,2022-08-05,1,AU_C6_like,US_C18_like
HAP_PRJNA1037681_SRR26780034_H1_C4,study_focal_haplotype,PRJNA1037681,AU-S20 H1 C4,PRJNA1037681,SRR26780034,C4,0.7191127622041915,A.D.3.1,Australia,2022-06-27,1,AU_C4_like,US_C18_like
HAP_PRJNA1037681_SRR26780034_H2_C6,study_focal_haplotype,PRJNA1037681,AU-S20 H2 C6,PRJNA1037681,SRR26780034,C6,0.2808872377958085,A.D.3.1,Australia,2022-06-27,1,AU_C6_like,US_C18_like
HAP_PRJNA1037681_SRR26780048_H1_C4,study_focal_haplotype,PRJNA1037681,AU-S25 H1 C4,PRJNA1037681,SRR26780048,C4,0.5414835821019822,A.D.3.1,Australia,2022-07-08,1,AU_C4_like,US_C18_like
HAP_PRJNA1037681_SRR26780048_H2_C6,study_focal_haplotype,PRJNA1037681,AU-S25 H2 C6,PRJNA1037681,SRR26780048,C6,0.4585164178980177,A.D.3.1,Australia,2022-07-08,1,AU_C6_like,US_C18_like
HAP_PRJNA1037681_SRR26780067_H1_C4,study_focal_haplotype,PRJNA1037681,AU-S04 H1 C4,PRJNA1037681,SRR26780067,C4,0.5004746646779893,A.D.3.1,Australia,2022-05-30,1,AU_C4_like,US_C18_like
HAP_PRJNA1037681_SRR26780067_H2_C6,study_focal_haplotype,PRJNA1037681,AU-S04 H2 C6,PRJNA1037681,SRR26780067,C6,0.4995253353220106,A.D.3.1,Australia,2022-05-30,1,AU_C6_like,US_C18_like
HAP_PRJNA1037681_SRR26780112_H1_C4,study_focal_haplotype,PRJNA1037681,AU-S34 H1 C4,PRJNA1037681,SRR26780112,C4,0.5878352510678483,A.D.3.1,Australia,2022-08-03,1,AU_C4_like,US_C18_like
HAP_PRJNA1037681_SRR26780112_H2_C6,study_focal_haplotype,PRJNA1037681,AU-S34 H2 C6,PRJNA1037681,SRR26780112,C6,0.4121647489321518,A.D.3.1,Australia,2022-08-03,1,AU_C6_like,US_C18_like
HAP_PRJNA1037681_SRR26780119_H1_C4,study_focal_haplotype,PRJNA1037681,AU-S22 H1 C4,PRJNA1037681,SRR26780119,C4,0.7895157527822605,A.D.3.1,Australia,2022-07-02,1,AU_C4_like,US_C18_like
HAP_PRJNA1037681_SRR26780119_H2_C6,study_focal_haplotype,PRJNA1037681,AU-S22 H2 C6,PRJNA1037681,SRR26780119,C6,0.2104842472177394,A.D.3.1,Australia,2022-07-02,1,AU_C6_like,US_C18_like
HAP_PRJNA1037681_SRR26780123_H1_C4,study_focal_haplotype,PRJNA1037681,AU-S15 H1 C4,PRJNA1037681,SRR26780123,C4,0.8014507293795241,A.D.3.1,Australia,2022-06-19,1,AU_C4_like,US_C18_like
HAP_PRJNA1037681_SRR26780123_H2_C6,study_focal_haplotype,PRJNA1037681,AU-S15 H2 C6,PRJNA1037681,SRR26780123,C6,0.1985492706204759,A.D.3.1,Australia,2022-06-19,1,AU_C6_like,US_C18_like
HAP_PRJNA1037681_SRR26780126_H1_C4,study_focal_haplotype,PRJNA1037681,AU-S16 H1 C4,PRJNA1037681,SRR26780126,C4,0.6474913086872748,A.D.3.1,Australia,2022-06-19,1,AU_C4_like,US_C18_like
HAP_PRJNA1037681_SRR26780126_H2_C6,study_focal_haplotype,PRJNA1037681,AU-S16 H2 C6,PRJNA1037681,SRR26780126,C6,0.3525086913127253,A.D.3.1,Australia,2022-06-19,1,AU_C6_like,US_C18_like
HAP_PRJNA1037681_SRR26780127_H1_C4,study_focal_haplotype,PRJNA1037681,AU-S17 H1 C4,PRJNA1037681,SRR26780127,C4,0.6865493083437368,A.D.3.1,Australia,2022-06-21,1,AU_C4_like,US_C18_like
HAP_PRJNA1037681_SRR26780127_H2_C6,study_focal_haplotype,PRJNA1037681,AU-S17 H2 C6,PRJNA1037681,SRR26780127,C6,0.3134506916562632,A.D.3.1,Australia,2022-06-21,1,AU_C6_like,US_C18_like
HAP_PRJNA1037681_SRR26780146_H1_C4,study_focal_haplotype,PRJNA1037681,AU-S03 H1 C4,PRJNA1037681,SRR26780146,C4,0.6778673526702345,A.D.3.1,Australia,2022-05-28,1,AU_C4_like,US_C18_like
HAP_PRJNA1037681_SRR26780146_H2_C6,study_focal_haplotype,PRJNA1037681,AU-S03 H2 C6,PRJNA1037681,SRR26780146,C6,0.3221326473297655,A.D.3.1,Australia,2022-05-28,1,AU_C6_like,US_C18_like
HAP_PRJNA1037681_SRR26780187_H1_C4,study_focal_haplotype,PRJNA1037681,AU-S02 H1 C4,PRJNA1037681,SRR26780187,C4,0.7130290484420749,A.D.3.1,Australia,2022-05-16,1,AU_C4_like,US_C18_like
HAP_PRJNA1037681_SRR26780187_H2_C6,study_focal_haplotype,PRJNA1037681,AU-S02 H2 C6,PRJNA1037681,SRR26780187,C6,0.2869709515579251,A.D.3.1,Australia,2022-05-16,1,AU_C6_like,US_C18_like
HAP_PRJNA1037681_SRR26780205_H1_C4,study_focal_haplotype,PRJNA1037681,AU-S32 H1 C4,PRJNA1037681,SRR26780205,C4,0.7336107991455065,A.D.3.1,Australia,2022-07-26,1,AU_C4_like,US_C18_like
HAP_PRJNA1037681_SRR26780205_H2_C6,study_focal_haplotype,PRJNA1037681,AU-S32 H2 C6,PRJNA1037681,SRR26780205,C6,0.2663892008544935,A.D.3.1,Australia,2022-07-26,1,AU_C6_like,US_C18_like
HAP_PRJNA1037681_SRR26780206_H1_C4,study_focal_haplotype,PRJNA1037681,AU-S33 H1 C4,PRJNA1037681,SRR26780206,C4,0.6946174803270257,A.D.3.1,Australia,2022-07-29,1,AU_C4_like,US_C18_like
HAP_PRJNA1037681_SRR26780206_H2_C6,study_focal_haplotype,PRJNA1037681,AU-S33 H2 C6,PRJNA1037681,SRR26780206,C6,0.3053825196729742,A.D.3.1,Australia,2022-07-29,1,AU_C6_like,US_C18_like
HAP_PRJNA1037681_SRR26780211_H1_C4,study_focal_haplotype,PRJNA1037681,AU-S12 H1 C4,PRJNA1037681,SRR26780211,C4,0.7587321927000045,A.D.3.1,Australia,2022-06-07,1,AU_C4_like,US_C18_like
HAP_PRJNA1037681_SRR26780211_H2_C6,study_focal_haplotype,PRJNA1037681,AU-S12 H2 C6,PRJNA1037681,SRR26780211,C6,0.2412678072999955,A.D.3.1,Australia,2022-06-07,1,AU_other_complete,US_C18_like
HAP_PRJNA1037681_SRR26780216_H1_C4,study_focal_haplotype,PRJNA1037681,AU-S06 H1 C4,PRJNA1037681,SRR26780216,C4,0.7430072339107074,A.D.3.1,Australia,2022-06-01,1,AU_C4_like,US_C18_like
HAP_PRJNA1037681_SRR26780216_H2_C6,study_focal_haplotype,PRJNA1037681,AU-S06 H2 C6,PRJNA1037681,SRR26780216,C6,0.2569927660892926,A.D.3.1,Australia,2022-06-01,1,AU_C6_like,US_C18_like
HAP_PRJNA1037681_SRR26780219_H1_C4,study_focal_haplotype,PRJNA1037681,AU-S09 H1 C4,PRJNA1037681,SRR26780219,C4,0.8391451285185958,A.D.3.1,Australia,2022-06-02,1,AU_C4_like,US_C18_like
HAP_PRJNA1037681_SRR26780219_H2_C6,study_focal_haplotype,PRJNA1037681,AU-S09 H2 C6,PRJNA1037681,SRR26780219,C6,0.1608548714814041,A.D.3.1,Australia,2022-06-02,1,AU_C6_like,US_C18_like
HAP_PRJNA1037681_SRR26780237_H1_C4,study_focal_haplotype,PRJNA1037681,AU-S37 H1 C4,PRJNA1037681,SRR26780237,C4,0.7179327107350938,A.D.3.1,Australia,2022-08-07,1,AU_C4_like,US_C18_like
HAP_PRJNA1037681_SRR26780237_H2_C6,study_focal_haplotype,PRJNA1037681,AU-S37 H2 C6,PRJNA1037681,SRR26780237,C6,0.2820672892649062,A.D.3.1,Australia,2022-08-07,1,AU_C6_like,US_C18_like
HAP_PRJNA1130896_SRR29679716_H1_C21,study_focal_haplotype,PRJNA1130896,US-S23 H1 C21,PRJNA1130896,SRR29679716,C21,0.7456968501149668,A.D.1.5,USA,2023-11-23,1,AU_other_complete,US_C21_like
HAP_PRJNA1130896_SRR29679716_H2_C18,study_focal_haplotype,PRJNA1130896,US-S23 H2 C18,PRJNA1130896,SRR29679716,C18,0.2543031498850331,A.D.1.5,USA,2023-11-23,1,AU_other_complete,US_C18_like
HAP_PRJNA1130896_SRR29679723_H1_C21,study_focal_haplotype,PRJNA1130896,US-S08 H1 C21,PRJNA1130896,SRR29679723,C21,0.7513122981544529,A.D.1.5,USA,2023-11-10,1,AU_other_complete,US_C21_like
HAP_PRJNA1130896_SRR29679723_H2_C18,study_focal_haplotype,PRJNA1130896,US-S08 H2 C18,PRJNA1130896,SRR29679723,C18,0.2486877018455471,A.D.1.5,USA,2023-11-10,1,AU_other_complete,US_C18_like
HAP_PRJNA1130896_SRR29679728_H1_C21,study_focal_haplotype,PRJNA1130896,US-S06 H1 C21,PRJNA1130896,SRR29679728,C21,0.7524420061319879,A.D.1.5,USA,2023-11-04,1,AU_other_complete,US_C21_like
HAP_PRJNA1130896_SRR29679728_H2_C18,study_focal_haplotype,PRJNA1130896,US-S06 H2 C18,PRJNA1130896,SRR29679728,C18,0.2475579938680121,A.D.1.5,USA,2023-11-04,1,AU_other_complete,US_C18_like
HAP_PRJNA1130896_SRR29679729_H1_C21,study_focal_haplotype,PRJNA1130896,US-S05 H1 C21,PRJNA1130896,SRR29679729,C21,0.6862293117449161,A.D.1.5,USA,2023-11-03,1,AU_other_complete,US_C21_like
HAP_PRJNA1130896_SRR29679729_H2_C18,study_focal_haplotype,PRJNA1130896,US-S05 H2 C18,PRJNA1130896,SRR29679729,C18,0.3137706882550839,A.D.1.5,USA,2023-11-03,1,AU_other_complete,US_C18_like
HAP_PRJNA1130896_SRR29679738_H1_C21,study_focal_haplotype,PRJNA1130896,US-S30 H1 C21,PRJNA1130896,SRR29679738,C21,0.7560412528436443,A.D.1.5,USA,2023-12-05,1,AU_other_complete,US_C21_like
HAP_PRJNA1130896_SRR29679738_H2_C18,study_focal_haplotype,PRJNA1130896,US-S30 H2 C18,PRJNA1130896,SRR29679738,C18,0.2439587471563556,A.D.1.5,USA,2023-12-05,1,AU_other_complete,US_C18_like
HAP_PRJNA1130896_SRR29679814_H1_C21,study_focal_haplotype,PRJNA1130896,US-S02 H1 C21,PRJNA1130896,SRR29679814,C21,0.6512253869143104,A.D.1.5,USA,2023-10-22,1,AU_other_complete,US_C21_like
HAP_PRJNA1130896_SRR29679814_H2_C18,study_focal_haplotype,PRJNA1130896,US-S02 H2 C18,PRJNA1130896,SRR29679814,C18,0.3487746130856896,A.D.1.5,USA,2023-10-22,1,AU_other_complete,US_C18_like
HAP_PRJNA1130896_SRR29679823_H1_C21,study_focal_haplotype,PRJNA1130896,US-S07 H1 C21,PRJNA1130896,SRR29679823,C21,0.7433248411941512,A.D.1.5,USA,2023-11-07,1,AU_other_complete,US_C21_like
HAP_PRJNA1130896_SRR29679823_H2_C18,study_focal_haplotype,PRJNA1130896,US-S07 H2 C18,PRJNA1130896,SRR29679823,C18,0.2566751588058488,A.D.1.5,USA,2023-11-07,1,AU_other_complete,US_C18_like
HAP_PRJNA1130896_SRR29679837_H1_C21,study_focal_haplotype,PRJNA1130896,US-S17 H1 C21,PRJNA1130896,SRR29679837,C21,0.7475688409467328,A.D.1.5,USA,2023-11-17,1,AU_other_complete,US_C21_like
HAP_PRJNA1130896_SRR29679837_H2_C18,study_focal_haplotype,PRJNA1130896,US-S17 H2 C18,PRJNA1130896,SRR29679837,C18,0.2524311590532672,A.D.1.5,USA,2023-11-17,1,AU_other_complete,US_C18_like
HAP_PRJNA1130896_SRR29679842_H1_C21,study_focal_haplotype,PRJNA1130896,US-S19 H1 C21,PRJNA1130896,SRR29679842,C21,0.7967298438348422,A.D.1.5,USA,2023-11-19,1,AU_other_complete,US_C21_like
HAP_PRJNA1130896_SRR29679842_H2_C18,study_focal_haplotype,PRJNA1130896,US-S19 H2 C18,PRJNA1130896,SRR29679842,C18,0.2032701561651577,A.D.1.5,USA,2023-11-19,1,AU_other_complete,US_C18_like
HAP_PRJNA1130896_SRR29679851_H1_C21,study_focal_haplotype,PRJNA1130896,US-S22 H1 C21,PRJNA1130896,SRR29679851,C21,0.7404175546367235,A.D.1.5,USA,2023-11-21,1,AU_other_complete,US_C21_like
HAP_PRJNA1130896_SRR29679851_H2_C18,study_focal_haplotype,PRJNA1130896,US-S22 H2 C18,PRJNA1130896,SRR29679851,C18,0.2595824453632764,A.D.1.5,USA,2023-11-21,1,AU_other_complete,US_C18_like
HAP_PRJNA1130896_SRR29679852_H1_C21,study_focal_haplotype,PRJNA1130896,US-S27 H1 C21,PRJNA1130896,SRR29679852,C21,0.694323438141934,A.D.1.5,USA,2023-11-30,1,AU_other_complete,US_C21_like
HAP_PRJNA1130896_SRR29679852_H2_C18,study_focal_haplotype,PRJNA1130896,US-S27 H2 C18,PRJNA1130896,SRR29679852,C18,0.2771542826458662,A.D.1.5,USA,2023-11-30,1,AU_other_complete,US_C18_like
HAP_PRJNA1130896_SRR29679854_H1_C21,study_focal_haplotype,PRJNA1130896,US-S18 H1 C21,PRJNA1130896,SRR29679854,C21,0.6929496476250449,A.D.1.5,USA,2023-11-18,1,AU_other_complete,US_C21_like
HAP_PRJNA1130896_SRR29679854_H2_C18,study_focal_haplotype,PRJNA1130896,US-S18 H2 C18,PRJNA1130896,SRR29679854,C18,0.3070503523749552,A.D.1.5,USA,2023-11-18,1,AU_other_complete,US_C18_like
HAP_PRJNA1130896_SRR29679864_H1_C21,study_focal_haplotype,PRJNA1130896,US-S20 H1 C21,PRJNA1130896,SRR29679864,C21,0.7175939119785557,A.D.1.5,USA,2023-11-19,1,AU_other_complete,US_C21_like
HAP_PRJNA1130896_SRR29679864_H2_C18,study_focal_haplotype,PRJNA1130896,US-S20 H2 C18,PRJNA1130896,SRR29679864,C18,0.2568436189062811,A.D.1.5,USA,2023-11-19,1,AU_other_complete,US_C18_like
HAP_PRJNA1130896_SRR29679874_H1_C21,study_focal_haplotype,PRJNA1130896,US-S01 H1 C21,PRJNA1130896,SRR29679874,C21,0.7062607395302634,A.D.1.5,USA,2023-10-13,1,AU_other_complete,US_C21_like
HAP_PRJNA1130896_SRR29679874_H2_C18,study_focal_haplotype,PRJNA1130896,US-S01 H2 C18,PRJNA1130896,SRR29679874,C18,0.2937392604697366,A.D.1.5,USA,2023-10-13,1,AU_other_complete,US_C18_like
HAP_PRJNA1130896_SRR29692818_H1_C21,study_focal_haplotype,PRJNA1130896,US-S50 H1 C21,PRJNA1130896,SRR29692818,C21,0.6067793744122282,A.D.1.5,USA,2023-12-27,1,AU_other_complete,US_C21_like
HAP_PRJNA1130896_SRR29692818_H2_C18,study_focal_haplotype,PRJNA1130896,US-S50 H2 C18,PRJNA1130896,SRR29692818,C18,0.3932206255877718,A.D.1.5,USA,2023-12-27,1,AU_other_complete,US_C18_like
HAP_PRJNA1130896_SRR29692831_H1_C21,study_focal_haplotype,PRJNA1130896,US-S29 H1 C21,PRJNA1130896,SRR29692831,C21,0.6098850456486777,A.D.1.5,USA,2023-12-02,1,AU_other_complete,US_C21_like
HAP_PRJNA1130896_SRR29692831_H2_C18,study_focal_haplotype,PRJNA1130896,US-S29 H2 C18,PRJNA1130896,SRR29692831,C18,0.3901149543513222,A.D.1.5,USA,2023-12-02,1,AU_other_complete,US_C18_like
HAP_PRJNA1130896_SRR29692854_H1_C21,study_focal_haplotype,PRJNA1130896,US-S68 H1 C21,PRJNA1130896,SRR29692854,C21,0.7965665110589417,A.D.1.5,USA,2024-02-03,1,AU_other_complete,US_C21_like
HAP_PRJNA1130896_SRR29692854_H2_C18,study_focal_haplotype,PRJNA1130896,US-S68 H2 C18,PRJNA1130896,SRR29692854,C18,0.2034334889410583,A.D.1.5,USA,2024-02-03,1,AU_other_complete,US_C18_like
HAP_PRJNA1130896_SRR29692857_H1_C21,study_focal_haplotype,PRJNA1130896,US-S69 H1 C21,PRJNA1130896,SRR29692857,C21,0.7993982309039193,A.D.1.5,USA,2024-02-05,1,AU_other_complete,US_C21_like
HAP_PRJNA1130896_SRR29692857_H2_C18,study_focal_haplotype,PRJNA1130896,US-S69 H2 C18,PRJNA1130896,SRR29692857,C18,0.2006017690960808,A.D.1.5,USA,2024-02-05,1,AU_other_complete,US_C18_like
HAP_PRJNA1130896_SRR29692875_H1_C21,study_focal_haplotype,PRJNA1130896,US-S37 H1 C21,PRJNA1130896,SRR29692875,C21,0.736073626686376,A.D.1.5,USA,2023-12-11,1,AU_other_complete,US_C21_like
HAP_PRJNA1130896_SRR29692875_H2_C18,study_focal_haplotype,PRJNA1130896,US-S37 H2 C18,PRJNA1130896,SRR29692875,C18,0.263926373313624,A.D.1.5,USA,2023-12-11,1,AU_other_complete,US_C18_like
HAP_PRJNA1130896_SRR29692889_H1_C21,study_focal_haplotype,PRJNA1130896,US-S62 H1 C21,PRJNA1130896,SRR29692889,C21,0.7674915247114079,A.D.1.5,USA,2024-01-02,1,AU_other_complete,US_C21_like
HAP_PRJNA1130896_SRR29692889_H2_C18,study_focal_haplotype,PRJNA1130896,US-S62 H2 C18,PRJNA1130896,SRR29692889,C18,0.2325084752885921,A.D.1.5,USA,2024-01-02,1,AU_other_complete,US_C18_like
HAP_PRJNA1130896_SRR29692933_H1_C21,study_focal_haplotype,PRJNA1130896,US-S45 H1 C21,PRJNA1130896,SRR29692933,C21,0.7019706120271837,A.D.1.5,USA,2023-12-23,1,AU_other_complete,US_C21_like
HAP_PRJNA1130896_SRR29692933_H2_C18,study_focal_haplotype,PRJNA1130896,US-S45 H2 C18,PRJNA1130896,SRR29692933,C18,0.2980293879728162,A.D.1.5,USA,2023-12-23,1,AU_other_complete,US_C18_like
HAP_PRJNA1130896_SRR29692939_H1_C21,study_focal_haplotype,PRJNA1130896,US-S54 H1 C21,PRJNA1130896,SRR29692939,C21,0.7673802146487777,A.D.1.5,USA,2023-12-28,1,AU_other_complete,US_C21_like
HAP_PRJNA1130896_SRR29692939_H2_C18,study_focal_haplotype,PRJNA1130896,US-S54 H2 C18,PRJNA1130896,SRR29692939,C18,0.2326197853512222,A.D.1.5,USA,2023-12-28,1,AU_other_complete,US_C18_like
HAP_PRJNA1130896_SRR29692974_H1_C21,study_focal_haplotype,PRJNA1130896,US-S63 H1 C21,PRJNA1130896,SRR29692974,C21,0.7389765041234515,A.D.1.5,USA,2024-01-02,1,AU_other_complete,US_C21_like
HAP_PRJNA1130896_SRR29692974_H2_C18,study_focal_haplotype,PRJNA1130896,US-S63 H2 C18,PRJNA1130896,SRR29692974,C18,0.2610234958765484,A.D.1.5,USA,2024-01-02,1,AU_other_complete,US_C18_like
HAP_PRJNA1130896_SRR29692985_H1_C21,study_focal_haplotype,PRJNA1130896,US-S52 H1 C21,PRJNA1130896,SRR29692985,C21,0.7749677936276451,A.D.1.5,USA,2023-12-27,1,AU_other_complete,US_C21_like
HAP_PRJNA1130896_SRR29692985_H2_C18,study_focal_haplotype,PRJNA1130896,US-S52 H2 C18,PRJNA1130896,SRR29692985,C18,0.1909359372507501,A.D.1.5,USA,2023-12-27,1,AU_other_complete,US_C18_like
HAP_PRJNA1130896_SRR29692985_H3_C21,study_focal_haplotype,PRJNA1130896,US-S52 H3 C21,PRJNA1130896,SRR29692985,C21,0.0340962691216047,A.D.1.5,USA,2023-12-27,1,AU_other_complete,US_C21_like
HAP_PRJNA1130896_SRR29692998_H1_C21,study_focal_haplotype,PRJNA1130896,US-S43 H1 C21,PRJNA1130896,SRR29692998,C21,0.8206023801562456,A.D.1.5,USA,2023-12-17,1,AU_other_complete,US_C21_like
HAP_PRJNA1130896_SRR29692998_H2_C18,study_focal_haplotype,PRJNA1130896,US-S43 H2 C18,PRJNA1130896,SRR29692998,C18,0.1793976198437543,A.D.1.5,USA,2023-12-17,1,AU_other_complete,US_C18_like
HAP_PRJNA1130896_SRR29693058_H1_C21,study_focal_haplotype,PRJNA1130896,US-S71 H1 C21,PRJNA1130896,SRR29693058,C21,0.5381403205208668,A.D.1.5,USA,2024-04-24,1,AU_other_complete,US_C21_like
HAP_PRJNA1130896_SRR29693058_H2_C18,study_focal_haplotype,PRJNA1130896,US-S71 H2 C18,PRJNA1130896,SRR29693058,C18,0.4618596794791332,A.D.1.5,USA,2024-04-24,1,AU_other_complete,US_C18_like
