sample,status,seconds,fasta,json,log,project,project_label,param_id,tf,t
SRR26779985,cached,0.0,/root/autodl-tmp/RSV-A-v_nogenotype/data/processed_data_v2/sensitivity_analysis/cliquesnv/TF003_T15/PRJNA1037681/SRR26779985/SRR26779985.fasta,/root/autodl-tmp/RSV-A-v_nogenotype/data/processed_data_v2/sensitivity_analysis/cliquesnv/TF003_T15/PRJNA1037681/SRR26779985/SRR26779985.json,/root/autodl-tmp/RSV-A-v_nogenotype/data/processed_data_v2/sensitivity_analysis/cliquesnv/TF003_T15/PRJNA1037681/SRR26779985/cliquesnv.log,PRJNA1037681,Australia,TF003_T15,0.03,15
SRR26780048,cached,0.0,/root/autodl-tmp/RSV-A-v_nogenotype/data/processed_data_v2/sensitivity_analysis/cliquesnv/TF003_T15/PRJNA1037681/SRR26780048/SRR26780048.fasta,/root/autodl-tmp/RSV-A-v_nogenotype/data/processed_data_v2/sensitivity_analysis/cliquesnv/TF003_T15/PRJNA1037681/SRR26780048/SRR26780048.json,/root/autodl-tmp/RSV-A-v_nogenotype/data/processed_data_v2/sensitivity_analysis/cliquesnv/TF003_T15/PRJNA1037681/SRR26780048/cliquesnv.log,PRJNA1037681,Australia,TF003_T15,0.03,15
SRR26780041,cached,0.0,/root/autodl-tmp/RSV-A-v_nogenotype/data/processed_data_v2/sensitivity_analysis/cliquesnv/TF003_T15/PRJNA1037681/SRR26780041/SRR26780041.fasta,/root/autodl-tmp/RSV-A-v_nogenotype/data/processed_data_v2/sensitivity_analysis/cliquesnv/TF003_T15/PRJNA1037681/SRR26780041/SRR26780041.json,/root/autodl-tmp/RSV-A-v_nogenotype/data/processed_data_v2/sensitivity_analysis/cliquesnv/TF003_T15/PRJNA1037681/SRR26780041/cliquesnv.log,PRJNA1037681,Australia,TF003_T15,0.03,15
SRR26779973,cached,0.0,/root/autodl-tmp/RSV-A-v_nogenotype/data/processed_data_v2/sensitivity_analysis/cliquesnv/TF003_T15/PRJNA1037681/SRR26779973/SRR26779973.fasta,/root/autodl-tmp/RSV-A-v_nogenotype/data/processed_data_v2/sensitivity_analysis/cliquesnv/TF003_T15/PRJNA1037681/SRR26779973/SRR26779973.json,/root/autodl-tmp/RSV-A-v_nogenotype/data/processed_data_v2/sensitivity_analysis/cliquesnv/TF003_T15/PRJNA1037681/SRR26779973/cliquesnv.log,PRJNA1037681,Australia,TF003_T15,0.03,15
SRR26779989,cached,0.0,/root/autodl-tmp/RSV-A-v_nogenotype/data/processed_data_v2/sensitivity_analysis/cliquesnv/TF003_T15/PRJNA1037681/SRR26779989/SRR26779989.fasta,/root/autodl-tmp/RSV-A-v_nogenotype/data/processed_data_v2/sensitivity_analysis/cliquesnv/TF003_T15/PRJNA1037681/SRR26779989/SRR26779989.json,/root/autodl-tmp/RSV-A-v_nogenotype/data/processed_data_v2/sensitivity_analysis/cliquesnv/TF003_T15/PRJNA1037681/SRR26779989/cliquesnv.log,PRJNA1037681,Australia,TF003_T15,0.03,15
SRR26779980,cached,0.0,/root/autodl-tmp/RSV-A-v_nogenotype/data/processed_data_v2/sensitivity_analysis/cliquesnv/TF003_T15/PRJNA1037681/SRR26779980/SRR26779980.fasta,/root/autodl-tmp/RSV-A-v_nogenotype/data/processed_data_v2/sensitivity_analysis/cliquesnv/TF003_T15/PRJNA1037681/SRR26779980/SRR26779980.json,/root/autodl-tmp/RSV-A-v_nogenotype/data/processed_data_v2/sensitivity_analysis/cliquesnv/TF003_T15/PRJNA1037681/SRR26779980/cliquesnv.log,PRJNA1037681,Australia,TF003_T15,0.03,15
SRR26779976,cached,0.0,/root/autodl-tmp/RSV-A-v_nogenotype/data/processed_data_v2/sensitivity_analysis/cliquesnv/TF003_T15/PRJNA1037681/SRR26779976/SRR26779976.fasta,/root/autodl-tmp/RSV-A-v_nogenotype/data/processed_data_v2/sensitivity_analysis/cliquesnv/TF003_T15/PRJNA1037681/SRR26779976/SRR26779976.json,/root/autodl-tmp/RSV-A-v_nogenotype/data/processed_data_v2/sensitivity_analysis/cliquesnv/TF003_T15/PRJNA1037681/SRR26779976/cliquesnv.log,PRJNA1037681,Australia,TF003_T15,0.03,15
SRR26779974,cached,0.0,/root/autodl-tmp/RSV-A-v_nogenotype/data/processed_data_v2/sensitivity_analysis/cliquesnv/TF003_T15/PRJNA1037681/SRR26779974/SRR26779974.fasta,/root/autodl-tmp/RSV-A-v_nogenotype/data/processed_data_v2/sensitivity_analysis/cliquesnv/TF003_T15/PRJNA1037681/SRR26779974/SRR26779974.json,/root/autodl-tmp/RSV-A-v_nogenotype/data/processed_data_v2/sensitivity_analysis/cliquesnv/TF003_T15/PRJNA1037681/SRR26779974/cliquesnv.log,PRJNA1037681,Australia,TF003_T15,0.03,15
SRR26780034,cached,0.0,/root/autodl-tmp/RSV-A-v_nogenotype/data/processed_data_v2/sensitivity_analysis/cliquesnv/TF003_T15/PRJNA1037681/SRR26780034/SRR26780034.fasta,/root/autodl-tmp/RSV-A-v_nogenotype/data/processed_data_v2/sensitivity_analysis/cliquesnv/TF003_T15/PRJNA1037681/SRR26780034/SRR26780034.json,/root/autodl-tmp/RSV-A-v_nogenotype/data/processed_data_v2/sensitivity_analysis/cliquesnv/TF003_T15/PRJNA1037681/SRR26780034/cliquesnv.log,PRJNA1037681,Australia,TF003_T15,0.03,15
SRR26780042,cached,0.0,/root/autodl-tmp/RSV-A-v_nogenotype/data/processed_data_v2/sensitivity_analysis/cliquesnv/TF003_T15/PRJNA1037681/SRR26780042/SRR26780042.fasta,/root/autodl-tmp/RSV-A-v_nogenotype/data/processed_data_v2/sensitivity_analysis/cliquesnv/TF003_T15/PRJNA1037681/SRR26780042/SRR26780042.json,/root/autodl-tmp/RSV-A-v_nogenotype/data/processed_data_v2/sensitivity_analysis/cliquesnv/TF003_T15/PRJNA1037681/SRR26780042/cliquesnv.log,PRJNA1037681,Australia,TF003_T15,0.03,15
SRR26779971,cached,0.0,/root/autodl-tmp/RSV-A-v_nogenotype/data/processed_data_v2/sensitivity_analysis/cliquesnv/TF003_T15/PRJNA1037681/SRR26779971/SRR26779971.fasta,/root/autodl-tmp/RSV-A-v_nogenotype/data/processed_data_v2/sensitivity_analysis/cliquesnv/TF003_T15/PRJNA1037681/SRR26779971/SRR26779971.json,/root/autodl-tmp/RSV-A-v_nogenotype/data/processed_data_v2/sensitivity_analysis/cliquesnv/TF003_T15/PRJNA1037681/SRR26779971/cliquesnv.log,PRJNA1037681,Australia,TF003_T15,0.03,15
SRR26780033,cached,0.0,/root/autodl-tmp/RSV-A-v_nogenotype/data/processed_data_v2/sensitivity_analysis/cliquesnv/TF003_T15/PRJNA1037681/SRR26780033/SRR26780033.fasta,/root/autodl-tmp/RSV-A-v_nogenotype/data/processed_data_v2/sensitivity_analysis/cliquesnv/TF003_T15/PRJNA1037681/SRR26780033/SRR26780033.json,/root/autodl-tmp/RSV-A-v_nogenotype/data/processed_data_v2/sensitivity_analysis/cliquesnv/TF003_T15/PRJNA1037681/SRR26780033/cliquesnv.log,PRJNA1037681,Australia,TF003_T15,0.03,15
SRR26780031,cached,0.0,/root/autodl-tmp/RSV-A-v_nogenotype/data/processed_data_v2/sensitivity_analysis/cliquesnv/TF003_T15/PRJNA1037681/SRR26780031/SRR26780031.fasta,/root/autodl-tmp/RSV-A-v_nogenotype/data/processed_data_v2/sensitivity_analysis/cliquesnv/TF003_T15/PRJNA1037681/SRR26780031/SRR26780031.json,/root/autodl-tmp/RSV-A-v_nogenotype/data/processed_data_v2/sensitivity_analysis/cliquesnv/TF003_T15/PRJNA1037681/SRR26780031/cliquesnv.log,PRJNA1037681,Australia,TF003_T15,0.03,15
SRR26780050,cached,0.0,/root/autodl-tmp/RSV-A-v_nogenotype/data/processed_data_v2/sensitivity_analysis/cliquesnv/TF003_T15/PRJNA1037681/SRR26780050/SRR26780050.fasta,/root/autodl-tmp/RSV-A-v_nogenotype/data/processed_data_v2/sensitivity_analysis/cliquesnv/TF003_T15/PRJNA1037681/SRR26780050/SRR26780050.json,/root/autodl-tmp/RSV-A-v_nogenotype/data/processed_data_v2/sensitivity_analysis/cliquesnv/TF003_T15/PRJNA1037681/SRR26780050/cliquesnv.log,PRJNA1037681,Australia,TF003_T15,0.03,15
SRR26780046,cached,0.0,/root/autodl-tmp/RSV-A-v_nogenotype/data/processed_data_v2/sensitivity_analysis/cliquesnv/TF003_T15/PRJNA1037681/SRR26780046/SRR26780046.fasta,/root/autodl-tmp/RSV-A-v_nogenotype/data/processed_data_v2/sensitivity_analysis/cliquesnv/TF003_T15/PRJNA1037681/SRR26780046/SRR26780046.json,/root/autodl-tmp/RSV-A-v_nogenotype/data/processed_data_v2/sensitivity_analysis/cliquesnv/TF003_T15/PRJNA1037681/SRR26780046/cliquesnv.log,PRJNA1037681,Australia,TF003_T15,0.03,15
SRR26779981,cached,0.0,/root/autodl-tmp/RSV-A-v_nogenotype/data/processed_data_v2/sensitivity_analysis/cliquesnv/TF003_T15/PRJNA1037681/SRR26779981/SRR26779981.fasta,/root/autodl-tmp/RSV-A-v_nogenotype/data/processed_data_v2/sensitivity_analysis/cliquesnv/TF003_T15/PRJNA1037681/SRR26779981/SRR26779981.json,/root/autodl-tmp/RSV-A-v_nogenotype/data/processed_data_v2/sensitivity_analysis/cliquesnv/TF003_T15/PRJNA1037681/SRR26779981/cliquesnv.log,PRJNA1037681,Australia,TF003_T15,0.03,15
SRR26779994,cached,0.0,/root/autodl-tmp/RSV-A-v_nogenotype/data/processed_data_v2/sensitivity_analysis/cliquesnv/TF003_T15/PRJNA1037681/SRR26779994/SRR26779994.fasta,/root/autodl-tmp/RSV-A-v_nogenotype/data/processed_data_v2/sensitivity_analysis/cliquesnv/TF003_T15/PRJNA1037681/SRR26779994/SRR26779994.json,/root/autodl-tmp/RSV-A-v_nogenotype/data/processed_data_v2/sensitivity_analysis/cliquesnv/TF003_T15/PRJNA1037681/SRR26779994/cliquesnv.log,PRJNA1037681,Australia,TF003_T15,0.03,15
SRR26780044,cached,0.0,/root/autodl-tmp/RSV-A-v_nogenotype/data/processed_data_v2/sensitivity_analysis/cliquesnv/TF003_T15/PRJNA1037681/SRR26780044/SRR26780044.fasta,/root/autodl-tmp/RSV-A-v_nogenotype/data/processed_data_v2/sensitivity_analysis/cliquesnv/TF003_T15/PRJNA1037681/SRR26780044/SRR26780044.json,/root/autodl-tmp/RSV-A-v_nogenotype/data/processed_data_v2/sensitivity_analysis/cliquesnv/TF003_T15/PRJNA1037681/SRR26780044/cliquesnv.log,PRJNA1037681,Australia,TF003_T15,0.03,15
SRR26780067,cached,0.0,/root/autodl-tmp/RSV-A-v_nogenotype/data/processed_data_v2/sensitivity_analysis/cliquesnv/TF003_T15/PRJNA1037681/SRR26780067/SRR26780067.fasta,/root/autodl-tmp/RSV-A-v_nogenotype/data/processed_data_v2/sensitivity_analysis/cliquesnv/TF003_T15/PRJNA1037681/SRR26780067/SRR26780067.json,/root/autodl-tmp/RSV-A-v_nogenotype/data/processed_data_v2/sensitivity_analysis/cliquesnv/TF003_T15/PRJNA1037681/SRR26780067/cliquesnv.log,PRJNA1037681,Australia,TF003_T15,0.03,15
SRR26780112,cached,0.0,/root/autodl-tmp/RSV-A-v_nogenotype/data/processed_data_v2/sensitivity_analysis/cliquesnv/TF003_T15/PRJNA1037681/SRR26780112/SRR26780112.fasta,/root/autodl-tmp/RSV-A-v_nogenotype/data/processed_data_v2/sensitivity_analysis/cliquesnv/TF003_T15/PRJNA1037681/SRR26780112/SRR26780112.json,/root/autodl-tmp/RSV-A-v_nogenotype/data/processed_data_v2/sensitivity_analysis/cliquesnv/TF003_T15/PRJNA1037681/SRR26780112/cliquesnv.log,PRJNA1037681,Australia,TF003_T15,0.03,15
SRR26780117,cached,0.0,/root/autodl-tmp/RSV-A-v_nogenotype/data/processed_data_v2/sensitivity_analysis/cliquesnv/TF003_T15/PRJNA1037681/SRR26780117/SRR26780117.fasta,/root/autodl-tmp/RSV-A-v_nogenotype/data/processed_data_v2/sensitivity_analysis/cliquesnv/TF003_T15/PRJNA1037681/SRR26780117/SRR26780117.json,/root/autodl-tmp/RSV-A-v_nogenotype/data/processed_data_v2/sensitivity_analysis/cliquesnv/TF003_T15/PRJNA1037681/SRR26780117/cliquesnv.log,PRJNA1037681,Australia,TF003_T15,0.03,15
SRR26780119,cached,0.0,/root/autodl-tmp/RSV-A-v_nogenotype/data/processed_data_v2/sensitivity_analysis/cliquesnv/TF003_T15/PRJNA1037681/SRR26780119/SRR26780119.fasta,/root/autodl-tmp/RSV-A-v_nogenotype/data/processed_data_v2/sensitivity_analysis/cliquesnv/TF003_T15/PRJNA1037681/SRR26780119/SRR26780119.json,/root/autodl-tmp/RSV-A-v_nogenotype/data/processed_data_v2/sensitivity_analysis/cliquesnv/TF003_T15/PRJNA1037681/SRR26780119/cliquesnv.log,PRJNA1037681,Australia,TF003_T15,0.03,15
SRR26780126,cached,0.0,/root/autodl-tmp/RSV-A-v_nogenotype/data/processed_data_v2/sensitivity_analysis/cliquesnv/TF003_T15/PRJNA1037681/SRR26780126/SRR26780126.fasta,/root/autodl-tmp/RSV-A-v_nogenotype/data/processed_data_v2/sensitivity_analysis/cliquesnv/TF003_T15/PRJNA1037681/SRR26780126/SRR26780126.json,/root/autodl-tmp/RSV-A-v_nogenotype/data/processed_data_v2/sensitivity_analysis/cliquesnv/TF003_T15/PRJNA1037681/SRR26780126/cliquesnv.log,PRJNA1037681,Australia,TF003_T15,0.03,15
SRR26780115,cached,0.0,/root/autodl-tmp/RSV-A-v_nogenotype/data/processed_data_v2/sensitivity_analysis/cliquesnv/TF003_T15/PRJNA1037681/SRR26780115/SRR26780115.fasta,/root/autodl-tmp/RSV-A-v_nogenotype/data/processed_data_v2/sensitivity_analysis/cliquesnv/TF003_T15/PRJNA1037681/SRR26780115/SRR26780115.json,/root/autodl-tmp/RSV-A-v_nogenotype/data/processed_data_v2/sensitivity_analysis/cliquesnv/TF003_T15/PRJNA1037681/SRR26780115/cliquesnv.log,PRJNA1037681,Australia,TF003_T15,0.03,15
SRR26780187,cached,0.0,/root/autodl-tmp/RSV-A-v_nogenotype/data/processed_data_v2/sensitivity_analysis/cliquesnv/TF003_T15/PRJNA1037681/SRR26780187/SRR26780187.fasta,/root/autodl-tmp/RSV-A-v_nogenotype/data/processed_data_v2/sensitivity_analysis/cliquesnv/TF003_T15/PRJNA1037681/SRR26780187/SRR26780187.json,/root/autodl-tmp/RSV-A-v_nogenotype/data/processed_data_v2/sensitivity_analysis/cliquesnv/TF003_T15/PRJNA1037681/SRR26780187/cliquesnv.log,PRJNA1037681,Australia,TF003_T15,0.03,15
SRR26780127,cached,0.0,/root/autodl-tmp/RSV-A-v_nogenotype/data/processed_data_v2/sensitivity_analysis/cliquesnv/TF003_T15/PRJNA1037681/SRR26780127/SRR26780127.fasta,/root/autodl-tmp/RSV-A-v_nogenotype/data/processed_data_v2/sensitivity_analysis/cliquesnv/TF003_T15/PRJNA1037681/SRR26780127/SRR26780127.json,/root/autodl-tmp/RSV-A-v_nogenotype/data/processed_data_v2/sensitivity_analysis/cliquesnv/TF003_T15/PRJNA1037681/SRR26780127/cliquesnv.log,PRJNA1037681,Australia,TF003_T15,0.03,15
SRR26780211,cached,0.0,/root/autodl-tmp/RSV-A-v_nogenotype/data/processed_data_v2/sensitivity_analysis/cliquesnv/TF003_T15/PRJNA1037681/SRR26780211/SRR26780211.fasta,/root/autodl-tmp/RSV-A-v_nogenotype/data/processed_data_v2/sensitivity_analysis/cliquesnv/TF003_T15/PRJNA1037681/SRR26780211/SRR26780211.json,/root/autodl-tmp/RSV-A-v_nogenotype/data/processed_data_v2/sensitivity_analysis/cliquesnv/TF003_T15/PRJNA1037681/SRR26780211/cliquesnv.log,PRJNA1037681,Australia,TF003_T15,0.03,15
SRR26780216,cached,0.0,/root/autodl-tmp/RSV-A-v_nogenotype/data/processed_data_v2/sensitivity_analysis/cliquesnv/TF003_T15/PRJNA1037681/SRR26780216/SRR26780216.fasta,/root/autodl-tmp/RSV-A-v_nogenotype/data/processed_data_v2/sensitivity_analysis/cliquesnv/TF003_T15/PRJNA1037681/SRR26780216/SRR26780216.json,/root/autodl-tmp/RSV-A-v_nogenotype/data/processed_data_v2/sensitivity_analysis/cliquesnv/TF003_T15/PRJNA1037681/SRR26780216/cliquesnv.log,PRJNA1037681,Australia,TF003_T15,0.03,15
SRR26780213,cached,0.0,/root/autodl-tmp/RSV-A-v_nogenotype/data/processed_data_v2/sensitivity_analysis/cliquesnv/TF003_T15/PRJNA1037681/SRR26780213/SRR26780213.fasta,/root/autodl-tmp/RSV-A-v_nogenotype/data/processed_data_v2/sensitivity_analysis/cliquesnv/TF003_T15/PRJNA1037681/SRR26780213/SRR26780213.json,/root/autodl-tmp/RSV-A-v_nogenotype/data/processed_data_v2/sensitivity_analysis/cliquesnv/TF003_T15/PRJNA1037681/SRR26780213/cliquesnv.log,PRJNA1037681,Australia,TF003_T15,0.03,15
SRR26780123,cached,0.0,/root/autodl-tmp/RSV-A-v_nogenotype/data/processed_data_v2/sensitivity_analysis/cliquesnv/TF003_T15/PRJNA1037681/SRR26780123/SRR26780123.fasta,/root/autodl-tmp/RSV-A-v_nogenotype/data/processed_data_v2/sensitivity_analysis/cliquesnv/TF003_T15/PRJNA1037681/SRR26780123/SRR26780123.json,/root/autodl-tmp/RSV-A-v_nogenotype/data/processed_data_v2/sensitivity_analysis/cliquesnv/TF003_T15/PRJNA1037681/SRR26780123/cliquesnv.log,PRJNA1037681,Australia,TF003_T15,0.03,15
SRR26780146,cached,0.0,/root/autodl-tmp/RSV-A-v_nogenotype/data/processed_data_v2/sensitivity_analysis/cliquesnv/TF003_T15/PRJNA1037681/SRR26780146/SRR26780146.fasta,/root/autodl-tmp/RSV-A-v_nogenotype/data/processed_data_v2/sensitivity_analysis/cliquesnv/TF003_T15/PRJNA1037681/SRR26780146/SRR26780146.json,/root/autodl-tmp/RSV-A-v_nogenotype/data/processed_data_v2/sensitivity_analysis/cliquesnv/TF003_T15/PRJNA1037681/SRR26780146/cliquesnv.log,PRJNA1037681,Australia,TF003_T15,0.03,15
SRR26780205,cached,0.0,/root/autodl-tmp/RSV-A-v_nogenotype/data/processed_data_v2/sensitivity_analysis/cliquesnv/TF003_T15/PRJNA1037681/SRR26780205/SRR26780205.fasta,/root/autodl-tmp/RSV-A-v_nogenotype/data/processed_data_v2/sensitivity_analysis/cliquesnv/TF003_T15/PRJNA1037681/SRR26780205/SRR26780205.json,/root/autodl-tmp/RSV-A-v_nogenotype/data/processed_data_v2/sensitivity_analysis/cliquesnv/TF003_T15/PRJNA1037681/SRR26780205/cliquesnv.log,PRJNA1037681,Australia,TF003_T15,0.03,15
SRR26780219,cached,0.0,/root/autodl-tmp/RSV-A-v_nogenotype/data/processed_data_v2/sensitivity_analysis/cliquesnv/TF003_T15/PRJNA1037681/SRR26780219/SRR26780219.fasta,/root/autodl-tmp/RSV-A-v_nogenotype/data/processed_data_v2/sensitivity_analysis/cliquesnv/TF003_T15/PRJNA1037681/SRR26780219/SRR26780219.json,/root/autodl-tmp/RSV-A-v_nogenotype/data/processed_data_v2/sensitivity_analysis/cliquesnv/TF003_T15/PRJNA1037681/SRR26780219/cliquesnv.log,PRJNA1037681,Australia,TF003_T15,0.03,15
SRR26780110,cached,0.0,/root/autodl-tmp/RSV-A-v_nogenotype/data/processed_data_v2/sensitivity_analysis/cliquesnv/TF003_T15/PRJNA1037681/SRR26780110/SRR26780110.fasta,/root/autodl-tmp/RSV-A-v_nogenotype/data/processed_data_v2/sensitivity_analysis/cliquesnv/TF003_T15/PRJNA1037681/SRR26780110/SRR26780110.json,/root/autodl-tmp/RSV-A-v_nogenotype/data/processed_data_v2/sensitivity_analysis/cliquesnv/TF003_T15/PRJNA1037681/SRR26780110/cliquesnv.log,PRJNA1037681,Australia,TF003_T15,0.03,15
SRR26780217,cached,0.0,/root/autodl-tmp/RSV-A-v_nogenotype/data/processed_data_v2/sensitivity_analysis/cliquesnv/TF003_T15/PRJNA1037681/SRR26780217/SRR26780217.fasta,/root/autodl-tmp/RSV-A-v_nogenotype/data/processed_data_v2/sensitivity_analysis/cliquesnv/TF003_T15/PRJNA1037681/SRR26780217/SRR26780217.json,/root/autodl-tmp/RSV-A-v_nogenotype/data/processed_data_v2/sensitivity_analysis/cliquesnv/TF003_T15/PRJNA1037681/SRR26780217/cliquesnv.log,PRJNA1037681,Australia,TF003_T15,0.03,15
SRR26780206,cached,0.0,/root/autodl-tmp/RSV-A-v_nogenotype/data/processed_data_v2/sensitivity_analysis/cliquesnv/TF003_T15/PRJNA1037681/SRR26780206/SRR26780206.fasta,/root/autodl-tmp/RSV-A-v_nogenotype/data/processed_data_v2/sensitivity_analysis/cliquesnv/TF003_T15/PRJNA1037681/SRR26780206/SRR26780206.json,/root/autodl-tmp/RSV-A-v_nogenotype/data/processed_data_v2/sensitivity_analysis/cliquesnv/TF003_T15/PRJNA1037681/SRR26780206/cliquesnv.log,PRJNA1037681,Australia,TF003_T15,0.03,15
SRR26780237,cached,0.0,/root/autodl-tmp/RSV-A-v_nogenotype/data/processed_data_v2/sensitivity_analysis/cliquesnv/TF003_T15/PRJNA1037681/SRR26780237/SRR26780237.fasta,/root/autodl-tmp/RSV-A-v_nogenotype/data/processed_data_v2/sensitivity_analysis/cliquesnv/TF003_T15/PRJNA1037681/SRR26780237/SRR26780237.json,/root/autodl-tmp/RSV-A-v_nogenotype/data/processed_data_v2/sensitivity_analysis/cliquesnv/TF003_T15/PRJNA1037681/SRR26780237/cliquesnv.log,PRJNA1037681,Australia,TF003_T15,0.03,15
SRR29679737,cached,0.0,/root/autodl-tmp/RSV-A-v_nogenotype/data/processed_data_v2/sensitivity_analysis/cliquesnv/TF003_T15/PRJNA1130896/SRR29679737/SRR29679737.fasta,/root/autodl-tmp/RSV-A-v_nogenotype/data/processed_data_v2/sensitivity_analysis/cliquesnv/TF003_T15/PRJNA1130896/SRR29679737/SRR29679737.json,/root/autodl-tmp/RSV-A-v_nogenotype/data/processed_data_v2/sensitivity_analysis/cliquesnv/TF003_T15/PRJNA1130896/SRR29679737/cliquesnv.log,PRJNA1130896,United States,TF003_T15,0.03,15
SRR29679729,cached,0.0,/root/autodl-tmp/RSV-A-v_nogenotype/data/processed_data_v2/sensitivity_analysis/cliquesnv/TF003_T15/PRJNA1130896/SRR29679729/SRR29679729.fasta,/root/autodl-tmp/RSV-A-v_nogenotype/data/processed_data_v2/sensitivity_analysis/cliquesnv/TF003_T15/PRJNA1130896/SRR29679729/SRR29679729.json,/root/autodl-tmp/RSV-A-v_nogenotype/data/processed_data_v2/sensitivity_analysis/cliquesnv/TF003_T15/PRJNA1130896/SRR29679729/cliquesnv.log,PRJNA1130896,United States,TF003_T15,0.03,15
SRR29679712,cached,0.0,/root/autodl-tmp/RSV-A-v_nogenotype/data/processed_data_v2/sensitivity_analysis/cliquesnv/TF003_T15/PRJNA1130896/SRR29679712/SRR29679712.fasta,/root/autodl-tmp/RSV-A-v_nogenotype/data/processed_data_v2/sensitivity_analysis/cliquesnv/TF003_T15/PRJNA1130896/SRR29679712/SRR29679712.json,/root/autodl-tmp/RSV-A-v_nogenotype/data/processed_data_v2/sensitivity_analysis/cliquesnv/TF003_T15/PRJNA1130896/SRR29679712/cliquesnv.log,PRJNA1130896,United States,TF003_T15,0.03,15
SRR29679723,cached,0.0,/root/autodl-tmp/RSV-A-v_nogenotype/data/processed_data_v2/sensitivity_analysis/cliquesnv/TF003_T15/PRJNA1130896/SRR29679723/SRR29679723.fasta,/root/autodl-tmp/RSV-A-v_nogenotype/data/processed_data_v2/sensitivity_analysis/cliquesnv/TF003_T15/PRJNA1130896/SRR29679723/SRR29679723.json,/root/autodl-tmp/RSV-A-v_nogenotype/data/processed_data_v2/sensitivity_analysis/cliquesnv/TF003_T15/PRJNA1130896/SRR29679723/cliquesnv.log,PRJNA1130896,United States,TF003_T15,0.03,15
SRR29679809,cached,0.0,/root/autodl-tmp/RSV-A-v_nogenotype/data/processed_data_v2/sensitivity_analysis/cliquesnv/TF003_T15/PRJNA1130896/SRR29679809/SRR29679809.fasta,/root/autodl-tmp/RSV-A-v_nogenotype/data/processed_data_v2/sensitivity_analysis/cliquesnv/TF003_T15/PRJNA1130896/SRR29679809/SRR29679809.json,/root/autodl-tmp/RSV-A-v_nogenotype/data/processed_data_v2/sensitivity_analysis/cliquesnv/TF003_T15/PRJNA1130896/SRR29679809/cliquesnv.log,PRJNA1130896,United States,TF003_T15,0.03,15
SRR29679754,cached,0.0,/root/autodl-tmp/RSV-A-v_nogenotype/data/processed_data_v2/sensitivity_analysis/cliquesnv/TF003_T15/PRJNA1130896/SRR29679754/SRR29679754.fasta,/root/autodl-tmp/RSV-A-v_nogenotype/data/processed_data_v2/sensitivity_analysis/cliquesnv/TF003_T15/PRJNA1130896/SRR29679754/SRR29679754.json,/root/autodl-tmp/RSV-A-v_nogenotype/data/processed_data_v2/sensitivity_analysis/cliquesnv/TF003_T15/PRJNA1130896/SRR29679754/cliquesnv.log,PRJNA1130896,United States,TF003_T15,0.03,15
SRR29679706,cached,0.0,/root/autodl-tmp/RSV-A-v_nogenotype/data/processed_data_v2/sensitivity_analysis/cliquesnv/TF003_T15/PRJNA1130896/SRR29679706/SRR29679706.fasta,/root/autodl-tmp/RSV-A-v_nogenotype/data/processed_data_v2/sensitivity_analysis/cliquesnv/TF003_T15/PRJNA1130896/SRR29679706/SRR29679706.json,/root/autodl-tmp/RSV-A-v_nogenotype/data/processed_data_v2/sensitivity_analysis/cliquesnv/TF003_T15/PRJNA1130896/SRR29679706/cliquesnv.log,PRJNA1130896,United States,TF003_T15,0.03,15
SRR29679720,cached,0.0,/root/autodl-tmp/RSV-A-v_nogenotype/data/processed_data_v2/sensitivity_analysis/cliquesnv/TF003_T15/PRJNA1130896/SRR29679720/SRR29679720.fasta,/root/autodl-tmp/RSV-A-v_nogenotype/data/processed_data_v2/sensitivity_analysis/cliquesnv/TF003_T15/PRJNA1130896/SRR29679720/SRR29679720.json,/root/autodl-tmp/RSV-A-v_nogenotype/data/processed_data_v2/sensitivity_analysis/cliquesnv/TF003_T15/PRJNA1130896/SRR29679720/cliquesnv.log,PRJNA1130896,United States,TF003_T15,0.03,15
SRR29679738,cached,0.0,/root/autodl-tmp/RSV-A-v_nogenotype/data/processed_data_v2/sensitivity_analysis/cliquesnv/TF003_T15/PRJNA1130896/SRR29679738/SRR29679738.fasta,/root/autodl-tmp/RSV-A-v_nogenotype/data/processed_data_v2/sensitivity_analysis/cliquesnv/TF003_T15/PRJNA1130896/SRR29679738/SRR29679738.json,/root/autodl-tmp/RSV-A-v_nogenotype/data/processed_data_v2/sensitivity_analysis/cliquesnv/TF003_T15/PRJNA1130896/SRR29679738/cliquesnv.log,PRJNA1130896,United States,TF003_T15,0.03,15
SRR29679704,cached,0.0,/root/autodl-tmp/RSV-A-v_nogenotype/data/processed_data_v2/sensitivity_analysis/cliquesnv/TF003_T15/PRJNA1130896/SRR29679704/SRR29679704.fasta,/root/autodl-tmp/RSV-A-v_nogenotype/data/processed_data_v2/sensitivity_analysis/cliquesnv/TF003_T15/PRJNA1130896/SRR29679704/SRR29679704.json,/root/autodl-tmp/RSV-A-v_nogenotype/data/processed_data_v2/sensitivity_analysis/cliquesnv/TF003_T15/PRJNA1130896/SRR29679704/cliquesnv.log,PRJNA1130896,United States,TF003_T15,0.03,15
SRR29679709,cached,0.0,/root/autodl-tmp/RSV-A-v_nogenotype/data/processed_data_v2/sensitivity_analysis/cliquesnv/TF003_T15/PRJNA1130896/SRR29679709/SRR29679709.fasta,/root/autodl-tmp/RSV-A-v_nogenotype/data/processed_data_v2/sensitivity_analysis/cliquesnv/TF003_T15/PRJNA1130896/SRR29679709/SRR29679709.json,/root/autodl-tmp/RSV-A-v_nogenotype/data/processed_data_v2/sensitivity_analysis/cliquesnv/TF003_T15/PRJNA1130896/SRR29679709/cliquesnv.log,PRJNA1130896,United States,TF003_T15,0.03,15
SRR29679713,cached,0.0,/root/autodl-tmp/RSV-A-v_nogenotype/data/processed_data_v2/sensitivity_analysis/cliquesnv/TF003_T15/PRJNA1130896/SRR29679713/SRR29679713.fasta,/root/autodl-tmp/RSV-A-v_nogenotype/data/processed_data_v2/sensitivity_analysis/cliquesnv/TF003_T15/PRJNA1130896/SRR29679713/SRR29679713.json,/root/autodl-tmp/RSV-A-v_nogenotype/data/processed_data_v2/sensitivity_analysis/cliquesnv/TF003_T15/PRJNA1130896/SRR29679713/cliquesnv.log,PRJNA1130896,United States,TF003_T15,0.03,15
SRR29679728,cached,0.0,/root/autodl-tmp/RSV-A-v_nogenotype/data/processed_data_v2/sensitivity_analysis/cliquesnv/TF003_T15/PRJNA1130896/SRR29679728/SRR29679728.fasta,/root/autodl-tmp/RSV-A-v_nogenotype/data/processed_data_v2/sensitivity_analysis/cliquesnv/TF003_T15/PRJNA1130896/SRR29679728/SRR29679728.json,/root/autodl-tmp/RSV-A-v_nogenotype/data/processed_data_v2/sensitivity_analysis/cliquesnv/TF003_T15/PRJNA1130896/SRR29679728/cliquesnv.log,PRJNA1130896,United States,TF003_T15,0.03,15
SRR29679716,cached,0.0,/root/autodl-tmp/RSV-A-v_nogenotype/data/processed_data_v2/sensitivity_analysis/cliquesnv/TF003_T15/PRJNA1130896/SRR29679716/SRR29679716.fasta,/root/autodl-tmp/RSV-A-v_nogenotype/data/processed_data_v2/sensitivity_analysis/cliquesnv/TF003_T15/PRJNA1130896/SRR29679716/SRR29679716.json,/root/autodl-tmp/RSV-A-v_nogenotype/data/processed_data_v2/sensitivity_analysis/cliquesnv/TF003_T15/PRJNA1130896/SRR29679716/cliquesnv.log,PRJNA1130896,United States,TF003_T15,0.03,15
SRR29679731,cached,0.0,/root/autodl-tmp/RSV-A-v_nogenotype/data/processed_data_v2/sensitivity_analysis/cliquesnv/TF003_T15/PRJNA1130896/SRR29679731/SRR29679731.fasta,/root/autodl-tmp/RSV-A-v_nogenotype/data/processed_data_v2/sensitivity_analysis/cliquesnv/TF003_T15/PRJNA1130896/SRR29679731/SRR29679731.json,/root/autodl-tmp/RSV-A-v_nogenotype/data/processed_data_v2/sensitivity_analysis/cliquesnv/TF003_T15/PRJNA1130896/SRR29679731/cliquesnv.log,PRJNA1130896,United States,TF003_T15,0.03,15
SRR29679721,cached,0.0,/root/autodl-tmp/RSV-A-v_nogenotype/data/processed_data_v2/sensitivity_analysis/cliquesnv/TF003_T15/PRJNA1130896/SRR29679721/SRR29679721.fasta,/root/autodl-tmp/RSV-A-v_nogenotype/data/processed_data_v2/sensitivity_analysis/cliquesnv/TF003_T15/PRJNA1130896/SRR29679721/SRR29679721.json,/root/autodl-tmp/RSV-A-v_nogenotype/data/processed_data_v2/sensitivity_analysis/cliquesnv/TF003_T15/PRJNA1130896/SRR29679721/cliquesnv.log,PRJNA1130896,United States,TF003_T15,0.03,15
SRR29679732,cached,0.0,/root/autodl-tmp/RSV-A-v_nogenotype/data/processed_data_v2/sensitivity_analysis/cliquesnv/TF003_T15/PRJNA1130896/SRR29679732/SRR29679732.fasta,/root/autodl-tmp/RSV-A-v_nogenotype/data/processed_data_v2/sensitivity_analysis/cliquesnv/TF003_T15/PRJNA1130896/SRR29679732/SRR29679732.json,/root/autodl-tmp/RSV-A-v_nogenotype/data/processed_data_v2/sensitivity_analysis/cliquesnv/TF003_T15/PRJNA1130896/SRR29679732/cliquesnv.log,PRJNA1130896,United States,TF003_T15,0.03,15
SRR29679814,cached,0.0,/root/autodl-tmp/RSV-A-v_nogenotype/data/processed_data_v2/sensitivity_analysis/cliquesnv/TF003_T15/PRJNA1130896/SRR29679814/SRR29679814.fasta,/root/autodl-tmp/RSV-A-v_nogenotype/data/processed_data_v2/sensitivity_analysis/cliquesnv/TF003_T15/PRJNA1130896/SRR29679814/SRR29679814.json,/root/autodl-tmp/RSV-A-v_nogenotype/data/processed_data_v2/sensitivity_analysis/cliquesnv/TF003_T15/PRJNA1130896/SRR29679814/cliquesnv.log,PRJNA1130896,United States,TF003_T15,0.03,15
SRR29679823,cached,0.0,/root/autodl-tmp/RSV-A-v_nogenotype/data/processed_data_v2/sensitivity_analysis/cliquesnv/TF003_T15/PRJNA1130896/SRR29679823/SRR29679823.fasta,/root/autodl-tmp/RSV-A-v_nogenotype/data/processed_data_v2/sensitivity_analysis/cliquesnv/TF003_T15/PRJNA1130896/SRR29679823/SRR29679823.json,/root/autodl-tmp/RSV-A-v_nogenotype/data/processed_data_v2/sensitivity_analysis/cliquesnv/TF003_T15/PRJNA1130896/SRR29679823/cliquesnv.log,PRJNA1130896,United States,TF003_T15,0.03,15
SRR29679826,cached,0.0,/root/autodl-tmp/RSV-A-v_nogenotype/data/processed_data_v2/sensitivity_analysis/cliquesnv/TF003_T15/PRJNA1130896/SRR29679826/SRR29679826.fasta,/root/autodl-tmp/RSV-A-v_nogenotype/data/processed_data_v2/sensitivity_analysis/cliquesnv/TF003_T15/PRJNA1130896/SRR29679826/SRR29679826.json,/root/autodl-tmp/RSV-A-v_nogenotype/data/processed_data_v2/sensitivity_analysis/cliquesnv/TF003_T15/PRJNA1130896/SRR29679826/cliquesnv.log,PRJNA1130896,United States,TF003_T15,0.03,15
SRR29679833,cached,0.0,/root/autodl-tmp/RSV-A-v_nogenotype/data/processed_data_v2/sensitivity_analysis/cliquesnv/TF003_T15/PRJNA1130896/SRR29679833/SRR29679833.fasta,/root/autodl-tmp/RSV-A-v_nogenotype/data/processed_data_v2/sensitivity_analysis/cliquesnv/TF003_T15/PRJNA1130896/SRR29679833/SRR29679833.json,/root/autodl-tmp/RSV-A-v_nogenotype/data/processed_data_v2/sensitivity_analysis/cliquesnv/TF003_T15/PRJNA1130896/SRR29679833/cliquesnv.log,PRJNA1130896,United States,TF003_T15,0.03,15
SRR29679837,cached,0.0,/root/autodl-tmp/RSV-A-v_nogenotype/data/processed_data_v2/sensitivity_analysis/cliquesnv/TF003_T15/PRJNA1130896/SRR29679837/SRR29679837.fasta,/root/autodl-tmp/RSV-A-v_nogenotype/data/processed_data_v2/sensitivity_analysis/cliquesnv/TF003_T15/PRJNA1130896/SRR29679837/SRR29679837.json,/root/autodl-tmp/RSV-A-v_nogenotype/data/processed_data_v2/sensitivity_analysis/cliquesnv/TF003_T15/PRJNA1130896/SRR29679837/cliquesnv.log,PRJNA1130896,United States,TF003_T15,0.03,15
SRR29679834,cached,0.0,/root/autodl-tmp/RSV-A-v_nogenotype/data/processed_data_v2/sensitivity_analysis/cliquesnv/TF003_T15/PRJNA1130896/SRR29679834/SRR29679834.fasta,/root/autodl-tmp/RSV-A-v_nogenotype/data/processed_data_v2/sensitivity_analysis/cliquesnv/TF003_T15/PRJNA1130896/SRR29679834/SRR29679834.json,/root/autodl-tmp/RSV-A-v_nogenotype/data/processed_data_v2/sensitivity_analysis/cliquesnv/TF003_T15/PRJNA1130896/SRR29679834/cliquesnv.log,PRJNA1130896,United States,TF003_T15,0.03,15
SRR29679830,cached,0.0,/root/autodl-tmp/RSV-A-v_nogenotype/data/processed_data_v2/sensitivity_analysis/cliquesnv/TF003_T15/PRJNA1130896/SRR29679830/SRR29679830.fasta,/root/autodl-tmp/RSV-A-v_nogenotype/data/processed_data_v2/sensitivity_analysis/cliquesnv/TF003_T15/PRJNA1130896/SRR29679830/SRR29679830.json,/root/autodl-tmp/RSV-A-v_nogenotype/data/processed_data_v2/sensitivity_analysis/cliquesnv/TF003_T15/PRJNA1130896/SRR29679830/cliquesnv.log,PRJNA1130896,United States,TF003_T15,0.03,15
SRR29679842,cached,0.0,/root/autodl-tmp/RSV-A-v_nogenotype/data/processed_data_v2/sensitivity_analysis/cliquesnv/TF003_T15/PRJNA1130896/SRR29679842/SRR29679842.fasta,/root/autodl-tmp/RSV-A-v_nogenotype/data/processed_data_v2/sensitivity_analysis/cliquesnv/TF003_T15/PRJNA1130896/SRR29679842/SRR29679842.json,/root/autodl-tmp/RSV-A-v_nogenotype/data/processed_data_v2/sensitivity_analysis/cliquesnv/TF003_T15/PRJNA1130896/SRR29679842/cliquesnv.log,PRJNA1130896,United States,TF003_T15,0.03,15
SRR29679753,cached,0.0,/root/autodl-tmp/RSV-A-v_nogenotype/data/processed_data_v2/sensitivity_analysis/cliquesnv/TF003_T15/PRJNA1130896/SRR29679753/SRR29679753.fasta,/root/autodl-tmp/RSV-A-v_nogenotype/data/processed_data_v2/sensitivity_analysis/cliquesnv/TF003_T15/PRJNA1130896/SRR29679753/SRR29679753.json,/root/autodl-tmp/RSV-A-v_nogenotype/data/processed_data_v2/sensitivity_analysis/cliquesnv/TF003_T15/PRJNA1130896/SRR29679753/cliquesnv.log,PRJNA1130896,United States,TF003_T15,0.03,15
SRR29679854,cached,0.0,/root/autodl-tmp/RSV-A-v_nogenotype/data/processed_data_v2/sensitivity_analysis/cliquesnv/TF003_T15/PRJNA1130896/SRR29679854/SRR29679854.fasta,/root/autodl-tmp/RSV-A-v_nogenotype/data/processed_data_v2/sensitivity_analysis/cliquesnv/TF003_T15/PRJNA1130896/SRR29679854/SRR29679854.json,/root/autodl-tmp/RSV-A-v_nogenotype/data/processed_data_v2/sensitivity_analysis/cliquesnv/TF003_T15/PRJNA1130896/SRR29679854/cliquesnv.log,PRJNA1130896,United States,TF003_T15,0.03,15
SRR29679843,cached,0.0,/root/autodl-tmp/RSV-A-v_nogenotype/data/processed_data_v2/sensitivity_analysis/cliquesnv/TF003_T15/PRJNA1130896/SRR29679843/SRR29679843.fasta,/root/autodl-tmp/RSV-A-v_nogenotype/data/processed_data_v2/sensitivity_analysis/cliquesnv/TF003_T15/PRJNA1130896/SRR29679843/SRR29679843.json,/root/autodl-tmp/RSV-A-v_nogenotype/data/processed_data_v2/sensitivity_analysis/cliquesnv/TF003_T15/PRJNA1130896/SRR29679843/cliquesnv.log,PRJNA1130896,United States,TF003_T15,0.03,15
SRR29692818,cached,0.0,/root/autodl-tmp/RSV-A-v_nogenotype/data/processed_data_v2/sensitivity_analysis/cliquesnv/TF003_T15/PRJNA1130896/SRR29692818/SRR29692818.fasta,/root/autodl-tmp/RSV-A-v_nogenotype/data/processed_data_v2/sensitivity_analysis/cliquesnv/TF003_T15/PRJNA1130896/SRR29692818/SRR29692818.json,/root/autodl-tmp/RSV-A-v_nogenotype/data/processed_data_v2/sensitivity_analysis/cliquesnv/TF003_T15/PRJNA1130896/SRR29692818/cliquesnv.log,PRJNA1130896,United States,TF003_T15,0.03,15
SRR29679852,cached,0.0,/root/autodl-tmp/RSV-A-v_nogenotype/data/processed_data_v2/sensitivity_analysis/cliquesnv/TF003_T15/PRJNA1130896/SRR29679852/SRR29679852.fasta,/root/autodl-tmp/RSV-A-v_nogenotype/data/processed_data_v2/sensitivity_analysis/cliquesnv/TF003_T15/PRJNA1130896/SRR29679852/SRR29679852.json,/root/autodl-tmp/RSV-A-v_nogenotype/data/processed_data_v2/sensitivity_analysis/cliquesnv/TF003_T15/PRJNA1130896/SRR29679852/cliquesnv.log,PRJNA1130896,United States,TF003_T15,0.03,15
SRR29679844,cached,0.0,/root/autodl-tmp/RSV-A-v_nogenotype/data/processed_data_v2/sensitivity_analysis/cliquesnv/TF003_T15/PRJNA1130896/SRR29679844/SRR29679844.fasta,/root/autodl-tmp/RSV-A-v_nogenotype/data/processed_data_v2/sensitivity_analysis/cliquesnv/TF003_T15/PRJNA1130896/SRR29679844/SRR29679844.json,/root/autodl-tmp/RSV-A-v_nogenotype/data/processed_data_v2/sensitivity_analysis/cliquesnv/TF003_T15/PRJNA1130896/SRR29679844/cliquesnv.log,PRJNA1130896,United States,TF003_T15,0.03,15
SRR29692831,cached,0.0,/root/autodl-tmp/RSV-A-v_nogenotype/data/processed_data_v2/sensitivity_analysis/cliquesnv/TF003_T15/PRJNA1130896/SRR29692831/SRR29692831.fasta,/root/autodl-tmp/RSV-A-v_nogenotype/data/processed_data_v2/sensitivity_analysis/cliquesnv/TF003_T15/PRJNA1130896/SRR29692831/SRR29692831.json,/root/autodl-tmp/RSV-A-v_nogenotype/data/processed_data_v2/sensitivity_analysis/cliquesnv/TF003_T15/PRJNA1130896/SRR29692831/cliquesnv.log,PRJNA1130896,United States,TF003_T15,0.03,15
SRR29692828,cached,0.0,/root/autodl-tmp/RSV-A-v_nogenotype/data/processed_data_v2/sensitivity_analysis/cliquesnv/TF003_T15/PRJNA1130896/SRR29692828/SRR29692828.fasta,/root/autodl-tmp/RSV-A-v_nogenotype/data/processed_data_v2/sensitivity_analysis/cliquesnv/TF003_T15/PRJNA1130896/SRR29692828/SRR29692828.json,/root/autodl-tmp/RSV-A-v_nogenotype/data/processed_data_v2/sensitivity_analysis/cliquesnv/TF003_T15/PRJNA1130896/SRR29692828/cliquesnv.log,PRJNA1130896,United States,TF003_T15,0.03,15
SRR29679851,cached,0.0,/root/autodl-tmp/RSV-A-v_nogenotype/data/processed_data_v2/sensitivity_analysis/cliquesnv/TF003_T15/PRJNA1130896/SRR29679851/SRR29679851.fasta,/root/autodl-tmp/RSV-A-v_nogenotype/data/processed_data_v2/sensitivity_analysis/cliquesnv/TF003_T15/PRJNA1130896/SRR29679851/SRR29679851.json,/root/autodl-tmp/RSV-A-v_nogenotype/data/processed_data_v2/sensitivity_analysis/cliquesnv/TF003_T15/PRJNA1130896/SRR29679851/cliquesnv.log,PRJNA1130896,United States,TF003_T15,0.03,15
SRR29679864,cached,0.0,/root/autodl-tmp/RSV-A-v_nogenotype/data/processed_data_v2/sensitivity_analysis/cliquesnv/TF003_T15/PRJNA1130896/SRR29679864/SRR29679864.fasta,/root/autodl-tmp/RSV-A-v_nogenotype/data/processed_data_v2/sensitivity_analysis/cliquesnv/TF003_T15/PRJNA1130896/SRR29679864/SRR29679864.json,/root/autodl-tmp/RSV-A-v_nogenotype/data/processed_data_v2/sensitivity_analysis/cliquesnv/TF003_T15/PRJNA1130896/SRR29679864/cliquesnv.log,PRJNA1130896,United States,TF003_T15,0.03,15
SRR29692857,cached,0.0,/root/autodl-tmp/RSV-A-v_nogenotype/data/processed_data_v2/sensitivity_analysis/cliquesnv/TF003_T15/PRJNA1130896/SRR29692857/SRR29692857.fasta,/root/autodl-tmp/RSV-A-v_nogenotype/data/processed_data_v2/sensitivity_analysis/cliquesnv/TF003_T15/PRJNA1130896/SRR29692857/SRR29692857.json,/root/autodl-tmp/RSV-A-v_nogenotype/data/processed_data_v2/sensitivity_analysis/cliquesnv/TF003_T15/PRJNA1130896/SRR29692857/cliquesnv.log,PRJNA1130896,United States,TF003_T15,0.03,15
SRR29692865,cached,0.0,/root/autodl-tmp/RSV-A-v_nogenotype/data/processed_data_v2/sensitivity_analysis/cliquesnv/TF003_T15/PRJNA1130896/SRR29692865/SRR29692865.fasta,/root/autodl-tmp/RSV-A-v_nogenotype/data/processed_data_v2/sensitivity_analysis/cliquesnv/TF003_T15/PRJNA1130896/SRR29692865/SRR29692865.json,/root/autodl-tmp/RSV-A-v_nogenotype/data/processed_data_v2/sensitivity_analysis/cliquesnv/TF003_T15/PRJNA1130896/SRR29692865/cliquesnv.log,PRJNA1130896,United States,TF003_T15,0.03,15
SRR29679874,cached,0.0,/root/autodl-tmp/RSV-A-v_nogenotype/data/processed_data_v2/sensitivity_analysis/cliquesnv/TF003_T15/PRJNA1130896/SRR29679874/SRR29679874.fasta,/root/autodl-tmp/RSV-A-v_nogenotype/data/processed_data_v2/sensitivity_analysis/cliquesnv/TF003_T15/PRJNA1130896/SRR29679874/SRR29679874.json,/root/autodl-tmp/RSV-A-v_nogenotype/data/processed_data_v2/sensitivity_analysis/cliquesnv/TF003_T15/PRJNA1130896/SRR29679874/cliquesnv.log,PRJNA1130896,United States,TF003_T15,0.03,15
SRR29692887,cached,0.0,/root/autodl-tmp/RSV-A-v_nogenotype/data/processed_data_v2/sensitivity_analysis/cliquesnv/TF003_T15/PRJNA1130896/SRR29692887/SRR29692887.fasta,/root/autodl-tmp/RSV-A-v_nogenotype/data/processed_data_v2/sensitivity_analysis/cliquesnv/TF003_T15/PRJNA1130896/SRR29692887/SRR29692887.json,/root/autodl-tmp/RSV-A-v_nogenotype/data/processed_data_v2/sensitivity_analysis/cliquesnv/TF003_T15/PRJNA1130896/SRR29692887/cliquesnv.log,PRJNA1130896,United States,TF003_T15,0.03,15
SRR29692880,cached,0.0,/root/autodl-tmp/RSV-A-v_nogenotype/data/processed_data_v2/sensitivity_analysis/cliquesnv/TF003_T15/PRJNA1130896/SRR29692880/SRR29692880.fasta,/root/autodl-tmp/RSV-A-v_nogenotype/data/processed_data_v2/sensitivity_analysis/cliquesnv/TF003_T15/PRJNA1130896/SRR29692880/SRR29692880.json,/root/autodl-tmp/RSV-A-v_nogenotype/data/processed_data_v2/sensitivity_analysis/cliquesnv/TF003_T15/PRJNA1130896/SRR29692880/cliquesnv.log,PRJNA1130896,United States,TF003_T15,0.03,15
SRR29692881,cached,0.0,/root/autodl-tmp/RSV-A-v_nogenotype/data/processed_data_v2/sensitivity_analysis/cliquesnv/TF003_T15/PRJNA1130896/SRR29692881/SRR29692881.fasta,/root/autodl-tmp/RSV-A-v_nogenotype/data/processed_data_v2/sensitivity_analysis/cliquesnv/TF003_T15/PRJNA1130896/SRR29692881/SRR29692881.json,/root/autodl-tmp/RSV-A-v_nogenotype/data/processed_data_v2/sensitivity_analysis/cliquesnv/TF003_T15/PRJNA1130896/SRR29692881/cliquesnv.log,PRJNA1130896,United States,TF003_T15,0.03,15
SRR29692873,cached,0.0,/root/autodl-tmp/RSV-A-v_nogenotype/data/processed_data_v2/sensitivity_analysis/cliquesnv/TF003_T15/PRJNA1130896/SRR29692873/SRR29692873.fasta,/root/autodl-tmp/RSV-A-v_nogenotype/data/processed_data_v2/sensitivity_analysis/cliquesnv/TF003_T15/PRJNA1130896/SRR29692873/SRR29692873.json,/root/autodl-tmp/RSV-A-v_nogenotype/data/processed_data_v2/sensitivity_analysis/cliquesnv/TF003_T15/PRJNA1130896/SRR29692873/cliquesnv.log,PRJNA1130896,United States,TF003_T15,0.03,15
SRR29692884,cached,0.0,/root/autodl-tmp/RSV-A-v_nogenotype/data/processed_data_v2/sensitivity_analysis/cliquesnv/TF003_T15/PRJNA1130896/SRR29692884/SRR29692884.fasta,/root/autodl-tmp/RSV-A-v_nogenotype/data/processed_data_v2/sensitivity_analysis/cliquesnv/TF003_T15/PRJNA1130896/SRR29692884/SRR29692884.json,/root/autodl-tmp/RSV-A-v_nogenotype/data/processed_data_v2/sensitivity_analysis/cliquesnv/TF003_T15/PRJNA1130896/SRR29692884/cliquesnv.log,PRJNA1130896,United States,TF003_T15,0.03,15
SRR29692875,cached,0.0,/root/autodl-tmp/RSV-A-v_nogenotype/data/processed_data_v2/sensitivity_analysis/cliquesnv/TF003_T15/PRJNA1130896/SRR29692875/SRR29692875.fasta,/root/autodl-tmp/RSV-A-v_nogenotype/data/processed_data_v2/sensitivity_analysis/cliquesnv/TF003_T15/PRJNA1130896/SRR29692875/SRR29692875.json,/root/autodl-tmp/RSV-A-v_nogenotype/data/processed_data_v2/sensitivity_analysis/cliquesnv/TF003_T15/PRJNA1130896/SRR29692875/cliquesnv.log,PRJNA1130896,United States,TF003_T15,0.03,15
SRR29692824,cached,0.0,/root/autodl-tmp/RSV-A-v_nogenotype/data/processed_data_v2/sensitivity_analysis/cliquesnv/TF003_T15/PRJNA1130896/SRR29692824/SRR29692824.fasta,/root/autodl-tmp/RSV-A-v_nogenotype/data/processed_data_v2/sensitivity_analysis/cliquesnv/TF003_T15/PRJNA1130896/SRR29692824/SRR29692824.json,/root/autodl-tmp/RSV-A-v_nogenotype/data/processed_data_v2/sensitivity_analysis/cliquesnv/TF003_T15/PRJNA1130896/SRR29692824/cliquesnv.log,PRJNA1130896,United States,TF003_T15,0.03,15
SRR29692854,cached,0.0,/root/autodl-tmp/RSV-A-v_nogenotype/data/processed_data_v2/sensitivity_analysis/cliquesnv/TF003_T15/PRJNA1130896/SRR29692854/SRR29692854.fasta,/root/autodl-tmp/RSV-A-v_nogenotype/data/processed_data_v2/sensitivity_analysis/cliquesnv/TF003_T15/PRJNA1130896/SRR29692854/SRR29692854.json,/root/autodl-tmp/RSV-A-v_nogenotype/data/processed_data_v2/sensitivity_analysis/cliquesnv/TF003_T15/PRJNA1130896/SRR29692854/cliquesnv.log,PRJNA1130896,United States,TF003_T15,0.03,15
SRR29692889,cached,0.0,/root/autodl-tmp/RSV-A-v_nogenotype/data/processed_data_v2/sensitivity_analysis/cliquesnv/TF003_T15/PRJNA1130896/SRR29692889/SRR29692889.fasta,/root/autodl-tmp/RSV-A-v_nogenotype/data/processed_data_v2/sensitivity_analysis/cliquesnv/TF003_T15/PRJNA1130896/SRR29692889/SRR29692889.json,/root/autodl-tmp/RSV-A-v_nogenotype/data/processed_data_v2/sensitivity_analysis/cliquesnv/TF003_T15/PRJNA1130896/SRR29692889/cliquesnv.log,PRJNA1130896,United States,TF003_T15,0.03,15
SRR29692935,cached,0.0,/root/autodl-tmp/RSV-A-v_nogenotype/data/processed_data_v2/sensitivity_analysis/cliquesnv/TF003_T15/PRJNA1130896/SRR29692935/SRR29692935.fasta,/root/autodl-tmp/RSV-A-v_nogenotype/data/processed_data_v2/sensitivity_analysis/cliquesnv/TF003_T15/PRJNA1130896/SRR29692935/SRR29692935.json,/root/autodl-tmp/RSV-A-v_nogenotype/data/processed_data_v2/sensitivity_analysis/cliquesnv/TF003_T15/PRJNA1130896/SRR29692935/cliquesnv.log,PRJNA1130896,United States,TF003_T15,0.03,15
SRR29692943,cached,0.0,/root/autodl-tmp/RSV-A-v_nogenotype/data/processed_data_v2/sensitivity_analysis/cliquesnv/TF003_T15/PRJNA1130896/SRR29692943/SRR29692943.fasta,/root/autodl-tmp/RSV-A-v_nogenotype/data/processed_data_v2/sensitivity_analysis/cliquesnv/TF003_T15/PRJNA1130896/SRR29692943/SRR29692943.json,/root/autodl-tmp/RSV-A-v_nogenotype/data/processed_data_v2/sensitivity_analysis/cliquesnv/TF003_T15/PRJNA1130896/SRR29692943/cliquesnv.log,PRJNA1130896,United States,TF003_T15,0.03,15
SRR29692928,cached,0.0,/root/autodl-tmp/RSV-A-v_nogenotype/data/processed_data_v2/sensitivity_analysis/cliquesnv/TF003_T15/PRJNA1130896/SRR29692928/SRR29692928.fasta,/root/autodl-tmp/RSV-A-v_nogenotype/data/processed_data_v2/sensitivity_analysis/cliquesnv/TF003_T15/PRJNA1130896/SRR29692928/SRR29692928.json,/root/autodl-tmp/RSV-A-v_nogenotype/data/processed_data_v2/sensitivity_analysis/cliquesnv/TF003_T15/PRJNA1130896/SRR29692928/cliquesnv.log,PRJNA1130896,United States,TF003_T15,0.03,15
SRR29692967,cached,0.0,/root/autodl-tmp/RSV-A-v_nogenotype/data/processed_data_v2/sensitivity_analysis/cliquesnv/TF003_T15/PRJNA1130896/SRR29692967/SRR29692967.fasta,/root/autodl-tmp/RSV-A-v_nogenotype/data/processed_data_v2/sensitivity_analysis/cliquesnv/TF003_T15/PRJNA1130896/SRR29692967/SRR29692967.json,/root/autodl-tmp/RSV-A-v_nogenotype/data/processed_data_v2/sensitivity_analysis/cliquesnv/TF003_T15/PRJNA1130896/SRR29692967/cliquesnv.log,PRJNA1130896,United States,TF003_T15,0.03,15
SRR29692926,cached,0.0,/root/autodl-tmp/RSV-A-v_nogenotype/data/processed_data_v2/sensitivity_analysis/cliquesnv/TF003_T15/PRJNA1130896/SRR29692926/SRR29692926.fasta,/root/autodl-tmp/RSV-A-v_nogenotype/data/processed_data_v2/sensitivity_analysis/cliquesnv/TF003_T15/PRJNA1130896/SRR29692926/SRR29692926.json,/root/autodl-tmp/RSV-A-v_nogenotype/data/processed_data_v2/sensitivity_analysis/cliquesnv/TF003_T15/PRJNA1130896/SRR29692926/cliquesnv.log,PRJNA1130896,United States,TF003_T15,0.03,15
SRR29692933,cached,0.0,/root/autodl-tmp/RSV-A-v_nogenotype/data/processed_data_v2/sensitivity_analysis/cliquesnv/TF003_T15/PRJNA1130896/SRR29692933/SRR29692933.fasta,/root/autodl-tmp/RSV-A-v_nogenotype/data/processed_data_v2/sensitivity_analysis/cliquesnv/TF003_T15/PRJNA1130896/SRR29692933/SRR29692933.json,/root/autodl-tmp/RSV-A-v_nogenotype/data/processed_data_v2/sensitivity_analysis/cliquesnv/TF003_T15/PRJNA1130896/SRR29692933/cliquesnv.log,PRJNA1130896,United States,TF003_T15,0.03,15
SRR29692941,cached,0.0,/root/autodl-tmp/RSV-A-v_nogenotype/data/processed_data_v2/sensitivity_analysis/cliquesnv/TF003_T15/PRJNA1130896/SRR29692941/SRR29692941.fasta,/root/autodl-tmp/RSV-A-v_nogenotype/data/processed_data_v2/sensitivity_analysis/cliquesnv/TF003_T15/PRJNA1130896/SRR29692941/SRR29692941.json,/root/autodl-tmp/RSV-A-v_nogenotype/data/processed_data_v2/sensitivity_analysis/cliquesnv/TF003_T15/PRJNA1130896/SRR29692941/cliquesnv.log,PRJNA1130896,United States,TF003_T15,0.03,15
SRR29692939,cached,0.0,/root/autodl-tmp/RSV-A-v_nogenotype/data/processed_data_v2/sensitivity_analysis/cliquesnv/TF003_T15/PRJNA1130896/SRR29692939/SRR29692939.fasta,/root/autodl-tmp/RSV-A-v_nogenotype/data/processed_data_v2/sensitivity_analysis/cliquesnv/TF003_T15/PRJNA1130896/SRR29692939/SRR29692939.json,/root/autodl-tmp/RSV-A-v_nogenotype/data/processed_data_v2/sensitivity_analysis/cliquesnv/TF003_T15/PRJNA1130896/SRR29692939/cliquesnv.log,PRJNA1130896,United States,TF003_T15,0.03,15
SRR29692936,cached,0.0,/root/autodl-tmp/RSV-A-v_nogenotype/data/processed_data_v2/sensitivity_analysis/cliquesnv/TF003_T15/PRJNA1130896/SRR29692936/SRR29692936.fasta,/root/autodl-tmp/RSV-A-v_nogenotype/data/processed_data_v2/sensitivity_analysis/cliquesnv/TF003_T15/PRJNA1130896/SRR29692936/SRR29692936.json,/root/autodl-tmp/RSV-A-v_nogenotype/data/processed_data_v2/sensitivity_analysis/cliquesnv/TF003_T15/PRJNA1130896/SRR29692936/cliquesnv.log,PRJNA1130896,United States,TF003_T15,0.03,15
SRR29692965,cached,0.0,/root/autodl-tmp/RSV-A-v_nogenotype/data/processed_data_v2/sensitivity_analysis/cliquesnv/TF003_T15/PRJNA1130896/SRR29692965/SRR29692965.fasta,/root/autodl-tmp/RSV-A-v_nogenotype/data/processed_data_v2/sensitivity_analysis/cliquesnv/TF003_T15/PRJNA1130896/SRR29692965/SRR29692965.json,/root/autodl-tmp/RSV-A-v_nogenotype/data/processed_data_v2/sensitivity_analysis/cliquesnv/TF003_T15/PRJNA1130896/SRR29692965/cliquesnv.log,PRJNA1130896,United States,TF003_T15,0.03,15
SRR29692975,cached,0.0,/root/autodl-tmp/RSV-A-v_nogenotype/data/processed_data_v2/sensitivity_analysis/cliquesnv/TF003_T15/PRJNA1130896/SRR29692975/SRR29692975.fasta,/root/autodl-tmp/RSV-A-v_nogenotype/data/processed_data_v2/sensitivity_analysis/cliquesnv/TF003_T15/PRJNA1130896/SRR29692975/SRR29692975.json,/root/autodl-tmp/RSV-A-v_nogenotype/data/processed_data_v2/sensitivity_analysis/cliquesnv/TF003_T15/PRJNA1130896/SRR29692975/cliquesnv.log,PRJNA1130896,United States,TF003_T15,0.03,15
SRR29692989,cached,0.0,/root/autodl-tmp/RSV-A-v_nogenotype/data/processed_data_v2/sensitivity_analysis/cliquesnv/TF003_T15/PRJNA1130896/SRR29692989/SRR29692989.fasta,/root/autodl-tmp/RSV-A-v_nogenotype/data/processed_data_v2/sensitivity_analysis/cliquesnv/TF003_T15/PRJNA1130896/SRR29692989/SRR29692989.json,/root/autodl-tmp/RSV-A-v_nogenotype/data/processed_data_v2/sensitivity_analysis/cliquesnv/TF003_T15/PRJNA1130896/SRR29692989/cliquesnv.log,PRJNA1130896,United States,TF003_T15,0.03,15
SRR29692981,cached,0.0,/root/autodl-tmp/RSV-A-v_nogenotype/data/processed_data_v2/sensitivity_analysis/cliquesnv/TF003_T15/PRJNA1130896/SRR29692981/SRR29692981.fasta,/root/autodl-tmp/RSV-A-v_nogenotype/data/processed_data_v2/sensitivity_analysis/cliquesnv/TF003_T15/PRJNA1130896/SRR29692981/SRR29692981.json,/root/autodl-tmp/RSV-A-v_nogenotype/data/processed_data_v2/sensitivity_analysis/cliquesnv/TF003_T15/PRJNA1130896/SRR29692981/cliquesnv.log,PRJNA1130896,United States,TF003_T15,0.03,15
SRR29692984,cached,0.0,/root/autodl-tmp/RSV-A-v_nogenotype/data/processed_data_v2/sensitivity_analysis/cliquesnv/TF003_T15/PRJNA1130896/SRR29692984/SRR29692984.fasta,/root/autodl-tmp/RSV-A-v_nogenotype/data/processed_data_v2/sensitivity_analysis/cliquesnv/TF003_T15/PRJNA1130896/SRR29692984/SRR29692984.json,/root/autodl-tmp/RSV-A-v_nogenotype/data/processed_data_v2/sensitivity_analysis/cliquesnv/TF003_T15/PRJNA1130896/SRR29692984/cliquesnv.log,PRJNA1130896,United States,TF003_T15,0.03,15
SRR29692977,cached,0.0,/root/autodl-tmp/RSV-A-v_nogenotype/data/processed_data_v2/sensitivity_analysis/cliquesnv/TF003_T15/PRJNA1130896/SRR29692977/SRR29692977.fasta,/root/autodl-tmp/RSV-A-v_nogenotype/data/processed_data_v2/sensitivity_analysis/cliquesnv/TF003_T15/PRJNA1130896/SRR29692977/SRR29692977.json,/root/autodl-tmp/RSV-A-v_nogenotype/data/processed_data_v2/sensitivity_analysis/cliquesnv/TF003_T15/PRJNA1130896/SRR29692977/cliquesnv.log,PRJNA1130896,United States,TF003_T15,0.03,15
SRR29692998,cached,0.0,/root/autodl-tmp/RSV-A-v_nogenotype/data/processed_data_v2/sensitivity_analysis/cliquesnv/TF003_T15/PRJNA1130896/SRR29692998/SRR29692998.fasta,/root/autodl-tmp/RSV-A-v_nogenotype/data/processed_data_v2/sensitivity_analysis/cliquesnv/TF003_T15/PRJNA1130896/SRR29692998/SRR29692998.json,/root/autodl-tmp/RSV-A-v_nogenotype/data/processed_data_v2/sensitivity_analysis/cliquesnv/TF003_T15/PRJNA1130896/SRR29692998/cliquesnv.log,PRJNA1130896,United States,TF003_T15,0.03,15
SRR29693057,cached,0.0,/root/autodl-tmp/RSV-A-v_nogenotype/data/processed_data_v2/sensitivity_analysis/cliquesnv/TF003_T15/PRJNA1130896/SRR29693057/SRR29693057.fasta,/root/autodl-tmp/RSV-A-v_nogenotype/data/processed_data_v2/sensitivity_analysis/cliquesnv/TF003_T15/PRJNA1130896/SRR29693057/SRR29693057.json,/root/autodl-tmp/RSV-A-v_nogenotype/data/processed_data_v2/sensitivity_analysis/cliquesnv/TF003_T15/PRJNA1130896/SRR29693057/cliquesnv.log,PRJNA1130896,United States,TF003_T15,0.03,15
SRR29693058,cached,0.0,/root/autodl-tmp/RSV-A-v_nogenotype/data/processed_data_v2/sensitivity_analysis/cliquesnv/TF003_T15/PRJNA1130896/SRR29693058/SRR29693058.fasta,/root/autodl-tmp/RSV-A-v_nogenotype/data/processed_data_v2/sensitivity_analysis/cliquesnv/TF003_T15/PRJNA1130896/SRR29693058/SRR29693058.json,/root/autodl-tmp/RSV-A-v_nogenotype/data/processed_data_v2/sensitivity_analysis/cliquesnv/TF003_T15/PRJNA1130896/SRR29693058/cliquesnv.log,PRJNA1130896,United States,TF003_T15,0.03,15
SRR29693059,cached,0.0,/root/autodl-tmp/RSV-A-v_nogenotype/data/processed_data_v2/sensitivity_analysis/cliquesnv/TF003_T15/PRJNA1130896/SRR29693059/SRR29693059.fasta,/root/autodl-tmp/RSV-A-v_nogenotype/data/processed_data_v2/sensitivity_analysis/cliquesnv/TF003_T15/PRJNA1130896/SRR29693059/SRR29693059.json,/root/autodl-tmp/RSV-A-v_nogenotype/data/processed_data_v2/sensitivity_analysis/cliquesnv/TF003_T15/PRJNA1130896/SRR29693059/cliquesnv.log,PRJNA1130896,United States,TF003_T15,0.03,15
SRR29692974,cached,0.0,/root/autodl-tmp/RSV-A-v_nogenotype/data/processed_data_v2/sensitivity_analysis/cliquesnv/TF003_T15/PRJNA1130896/SRR29692974/SRR29692974.fasta,/root/autodl-tmp/RSV-A-v_nogenotype/data/processed_data_v2/sensitivity_analysis/cliquesnv/TF003_T15/PRJNA1130896/SRR29692974/SRR29692974.json,/root/autodl-tmp/RSV-A-v_nogenotype/data/processed_data_v2/sensitivity_analysis/cliquesnv/TF003_T15/PRJNA1130896/SRR29692974/cliquesnv.log,PRJNA1130896,United States,TF003_T15,0.03,15
SRR29692985,cached,0.0,/root/autodl-tmp/RSV-A-v_nogenotype/data/processed_data_v2/sensitivity_analysis/cliquesnv/TF003_T15/PRJNA1130896/SRR29692985/SRR29692985.fasta,/root/autodl-tmp/RSV-A-v_nogenotype/data/processed_data_v2/sensitivity_analysis/cliquesnv/TF003_T15/PRJNA1130896/SRR29692985/SRR29692985.json,/root/autodl-tmp/RSV-A-v_nogenotype/data/processed_data_v2/sensitivity_analysis/cliquesnv/TF003_T15/PRJNA1130896/SRR29692985/cliquesnv.log,PRJNA1130896,United States,TF003_T15,0.03,15
SRR29692991,cached,0.0,/root/autodl-tmp/RSV-A-v_nogenotype/data/processed_data_v2/sensitivity_analysis/cliquesnv/TF003_T15/PRJNA1130896/SRR29692991/SRR29692991.fasta,/root/autodl-tmp/RSV-A-v_nogenotype/data/processed_data_v2/sensitivity_analysis/cliquesnv/TF003_T15/PRJNA1130896/SRR29692991/SRR29692991.json,/root/autodl-tmp/RSV-A-v_nogenotype/data/processed_data_v2/sensitivity_analysis/cliquesnv/TF003_T15/PRJNA1130896/SRR29692991/cliquesnv.log,PRJNA1130896,United States,TF003_T15,0.03,15
SRR29692929,cached,0.0,/root/autodl-tmp/RSV-A-v_nogenotype/data/processed_data_v2/sensitivity_analysis/cliquesnv/TF003_T15/PRJNA1130896/SRR29692929/SRR29692929.fasta,/root/autodl-tmp/RSV-A-v_nogenotype/data/processed_data_v2/sensitivity_analysis/cliquesnv/TF003_T15/PRJNA1130896/SRR29692929/SRR29692929.json,/root/autodl-tmp/RSV-A-v_nogenotype/data/processed_data_v2/sensitivity_analysis/cliquesnv/TF003_T15/PRJNA1130896/SRR29692929/cliquesnv.log,PRJNA1130896,United States,TF003_T15,0.03,15
SRR29693060,cached,0.0,/root/autodl-tmp/RSV-A-v_nogenotype/data/processed_data_v2/sensitivity_analysis/cliquesnv/TF003_T15/PRJNA1130896/SRR29693060/SRR29693060.fasta,/root/autodl-tmp/RSV-A-v_nogenotype/data/processed_data_v2/sensitivity_analysis/cliquesnv/TF003_T15/PRJNA1130896/SRR29693060/SRR29693060.json,/root/autodl-tmp/RSV-A-v_nogenotype/data/processed_data_v2/sensitivity_analysis/cliquesnv/TF003_T15/PRJNA1130896/SRR29693060/cliquesnv.log,PRJNA1130896,United States,TF003_T15,0.03,15
SRR29692982,cached,0.0,/root/autodl-tmp/RSV-A-v_nogenotype/data/processed_data_v2/sensitivity_analysis/cliquesnv/TF003_T15/PRJNA1130896/SRR29692982/SRR29692982.fasta,/root/autodl-tmp/RSV-A-v_nogenotype/data/processed_data_v2/sensitivity_analysis/cliquesnv/TF003_T15/PRJNA1130896/SRR29692982/SRR29692982.json,/root/autodl-tmp/RSV-A-v_nogenotype/data/processed_data_v2/sensitivity_analysis/cliquesnv/TF003_T15/PRJNA1130896/SRR29692982/cliquesnv.log,PRJNA1130896,United States,TF003_T15,0.03,15
SRR26779976,cached,0.0,/root/autodl-tmp/RSV-A-v_nogenotype/data/processed_data_v2/sensitivity_analysis/cliquesnv/TF002_T10/PRJNA1037681/SRR26779976/SRR26779976.fasta,/root/autodl-tmp/RSV-A-v_nogenotype/data/processed_data_v2/sensitivity_analysis/cliquesnv/TF002_T10/PRJNA1037681/SRR26779976/SRR26779976.json,/root/autodl-tmp/RSV-A-v_nogenotype/data/processed_data_v2/sensitivity_analysis/cliquesnv/TF002_T10/PRJNA1037681/SRR26779976/cliquesnv.log,PRJNA1037681,Australia,TF002_T10,0.02,10
SRR26779994,cached,0.0,/root/autodl-tmp/RSV-A-v_nogenotype/data/processed_data_v2/sensitivity_analysis/cliquesnv/TF002_T10/PRJNA1037681/SRR26779994/SRR26779994.fasta,/root/autodl-tmp/RSV-A-v_nogenotype/data/processed_data_v2/sensitivity_analysis/cliquesnv/TF002_T10/PRJNA1037681/SRR26779994/SRR26779994.json,/root/autodl-tmp/RSV-A-v_nogenotype/data/processed_data_v2/sensitivity_analysis/cliquesnv/TF002_T10/PRJNA1037681/SRR26779994/cliquesnv.log,PRJNA1037681,Australia,TF002_T10,0.02,10
SRR26779980,cached,0.0,/root/autodl-tmp/RSV-A-v_nogenotype/data/processed_data_v2/sensitivity_analysis/cliquesnv/TF002_T10/PRJNA1037681/SRR26779980/SRR26779980.fasta,/root/autodl-tmp/RSV-A-v_nogenotype/data/processed_data_v2/sensitivity_analysis/cliquesnv/TF002_T10/PRJNA1037681/SRR26779980/SRR26779980.json,/root/autodl-tmp/RSV-A-v_nogenotype/data/processed_data_v2/sensitivity_analysis/cliquesnv/TF002_T10/PRJNA1037681/SRR26779980/cliquesnv.log,PRJNA1037681,Australia,TF002_T10,0.02,10
SRR26780031,cached,0.0,/root/autodl-tmp/RSV-A-v_nogenotype/data/processed_data_v2/sensitivity_analysis/cliquesnv/TF002_T10/PRJNA1037681/SRR26780031/SRR26780031.fasta,/root/autodl-tmp/RSV-A-v_nogenotype/data/processed_data_v2/sensitivity_analysis/cliquesnv/TF002_T10/PRJNA1037681/SRR26780031/SRR26780031.json,/root/autodl-tmp/RSV-A-v_nogenotype/data/processed_data_v2/sensitivity_analysis/cliquesnv/TF002_T10/PRJNA1037681/SRR26780031/cliquesnv.log,PRJNA1037681,Australia,TF002_T10,0.02,10
SRR26780110,cached,0.0,/root/autodl-tmp/RSV-A-v_nogenotype/data/processed_data_v2/sensitivity_analysis/cliquesnv/TF002_T10/PRJNA1037681/SRR26780110/SRR26780110.fasta,/root/autodl-tmp/RSV-A-v_nogenotype/data/processed_data_v2/sensitivity_analysis/cliquesnv/TF002_T10/PRJNA1037681/SRR26780110/SRR26780110.json,/root/autodl-tmp/RSV-A-v_nogenotype/data/processed_data_v2/sensitivity_analysis/cliquesnv/TF002_T10/PRJNA1037681/SRR26780110/cliquesnv.log,PRJNA1037681,Australia,TF002_T10,0.02,10
SRR26779981,cached,0.0,/root/autodl-tmp/RSV-A-v_nogenotype/data/processed_data_v2/sensitivity_analysis/cliquesnv/TF002_T10/PRJNA1037681/SRR26779981/SRR26779981.fasta,/root/autodl-tmp/RSV-A-v_nogenotype/data/processed_data_v2/sensitivity_analysis/cliquesnv/TF002_T10/PRJNA1037681/SRR26779981/SRR26779981.json,/root/autodl-tmp/RSV-A-v_nogenotype/data/processed_data_v2/sensitivity_analysis/cliquesnv/TF002_T10/PRJNA1037681/SRR26779981/cliquesnv.log,PRJNA1037681,Australia,TF002_T10,0.02,10
SRR26779973,cached,0.0,/root/autodl-tmp/RSV-A-v_nogenotype/data/processed_data_v2/sensitivity_analysis/cliquesnv/TF002_T10/PRJNA1037681/SRR26779973/SRR26779973.fasta,/root/autodl-tmp/RSV-A-v_nogenotype/data/processed_data_v2/sensitivity_analysis/cliquesnv/TF002_T10/PRJNA1037681/SRR26779973/SRR26779973.json,/root/autodl-tmp/RSV-A-v_nogenotype/data/processed_data_v2/sensitivity_analysis/cliquesnv/TF002_T10/PRJNA1037681/SRR26779973/cliquesnv.log,PRJNA1037681,Australia,TF002_T10,0.02,10
SRR26779985,cached,0.0,/root/autodl-tmp/RSV-A-v_nogenotype/data/processed_data_v2/sensitivity_analysis/cliquesnv/TF002_T10/PRJNA1037681/SRR26779985/SRR26779985.fasta,/root/autodl-tmp/RSV-A-v_nogenotype/data/processed_data_v2/sensitivity_analysis/cliquesnv/TF002_T10/PRJNA1037681/SRR26779985/SRR26779985.json,/root/autodl-tmp/RSV-A-v_nogenotype/data/processed_data_v2/sensitivity_analysis/cliquesnv/TF002_T10/PRJNA1037681/SRR26779985/cliquesnv.log,PRJNA1037681,Australia,TF002_T10,0.02,10
SRR26780067,cached,0.0,/root/autodl-tmp/RSV-A-v_nogenotype/data/processed_data_v2/sensitivity_analysis/cliquesnv/TF002_T10/PRJNA1037681/SRR26780067/SRR26780067.fasta,/root/autodl-tmp/RSV-A-v_nogenotype/data/processed_data_v2/sensitivity_analysis/cliquesnv/TF002_T10/PRJNA1037681/SRR26780067/SRR26780067.json,/root/autodl-tmp/RSV-A-v_nogenotype/data/processed_data_v2/sensitivity_analysis/cliquesnv/TF002_T10/PRJNA1037681/SRR26780067/cliquesnv.log,PRJNA1037681,Australia,TF002_T10,0.02,10
SRR26779974,cached,0.0,/root/autodl-tmp/RSV-A-v_nogenotype/data/processed_data_v2/sensitivity_analysis/cliquesnv/TF002_T10/PRJNA1037681/SRR26779974/SRR26779974.fasta,/root/autodl-tmp/RSV-A-v_nogenotype/data/processed_data_v2/sensitivity_analysis/cliquesnv/TF002_T10/PRJNA1037681/SRR26779974/SRR26779974.json,/root/autodl-tmp/RSV-A-v_nogenotype/data/processed_data_v2/sensitivity_analysis/cliquesnv/TF002_T10/PRJNA1037681/SRR26779974/cliquesnv.log,PRJNA1037681,Australia,TF002_T10,0.02,10
SRR26780112,cached,0.0,/root/autodl-tmp/RSV-A-v_nogenotype/data/processed_data_v2/sensitivity_analysis/cliquesnv/TF002_T10/PRJNA1037681/SRR26780112/SRR26780112.fasta,/root/autodl-tmp/RSV-A-v_nogenotype/data/processed_data_v2/sensitivity_analysis/cliquesnv/TF002_T10/PRJNA1037681/SRR26780112/SRR26780112.json,/root/autodl-tmp/RSV-A-v_nogenotype/data/processed_data_v2/sensitivity_analysis/cliquesnv/TF002_T10/PRJNA1037681/SRR26780112/cliquesnv.log,PRJNA1037681,Australia,TF002_T10,0.02,10
SRR26780048,cached,0.0,/root/autodl-tmp/RSV-A-v_nogenotype/data/processed_data_v2/sensitivity_analysis/cliquesnv/TF002_T10/PRJNA1037681/SRR26780048/SRR26780048.fasta,/root/autodl-tmp/RSV-A-v_nogenotype/data/processed_data_v2/sensitivity_analysis/cliquesnv/TF002_T10/PRJNA1037681/SRR26780048/SRR26780048.json,/root/autodl-tmp/RSV-A-v_nogenotype/data/processed_data_v2/sensitivity_analysis/cliquesnv/TF002_T10/PRJNA1037681/SRR26780048/cliquesnv.log,PRJNA1037681,Australia,TF002_T10,0.02,10
SRR26780115,cached,0.0,/root/autodl-tmp/RSV-A-v_nogenotype/data/processed_data_v2/sensitivity_analysis/cliquesnv/TF002_T10/PRJNA1037681/SRR26780115/SRR26780115.fasta,/root/autodl-tmp/RSV-A-v_nogenotype/data/processed_data_v2/sensitivity_analysis/cliquesnv/TF002_T10/PRJNA1037681/SRR26780115/SRR26780115.json,/root/autodl-tmp/RSV-A-v_nogenotype/data/processed_data_v2/sensitivity_analysis/cliquesnv/TF002_T10/PRJNA1037681/SRR26780115/cliquesnv.log,PRJNA1037681,Australia,TF002_T10,0.02,10
SRR26780044,cached,0.0,/root/autodl-tmp/RSV-A-v_nogenotype/data/processed_data_v2/sensitivity_analysis/cliquesnv/TF002_T10/PRJNA1037681/SRR26780044/SRR26780044.fasta,/root/autodl-tmp/RSV-A-v_nogenotype/data/processed_data_v2/sensitivity_analysis/cliquesnv/TF002_T10/PRJNA1037681/SRR26780044/SRR26780044.json,/root/autodl-tmp/RSV-A-v_nogenotype/data/processed_data_v2/sensitivity_analysis/cliquesnv/TF002_T10/PRJNA1037681/SRR26780044/cliquesnv.log,PRJNA1037681,Australia,TF002_T10,0.02,10
SRR26779989,cached,0.0,/root/autodl-tmp/RSV-A-v_nogenotype/data/processed_data_v2/sensitivity_analysis/cliquesnv/TF002_T10/PRJNA1037681/SRR26779989/SRR26779989.fasta,/root/autodl-tmp/RSV-A-v_nogenotype/data/processed_data_v2/sensitivity_analysis/cliquesnv/TF002_T10/PRJNA1037681/SRR26779989/SRR26779989.json,/root/autodl-tmp/RSV-A-v_nogenotype/data/processed_data_v2/sensitivity_analysis/cliquesnv/TF002_T10/PRJNA1037681/SRR26779989/cliquesnv.log,PRJNA1037681,Australia,TF002_T10,0.02,10
SRR26780041,cached,0.0,/root/autodl-tmp/RSV-A-v_nogenotype/data/processed_data_v2/sensitivity_analysis/cliquesnv/TF002_T10/PRJNA1037681/SRR26780041/SRR26780041.fasta,/root/autodl-tmp/RSV-A-v_nogenotype/data/processed_data_v2/sensitivity_analysis/cliquesnv/TF002_T10/PRJNA1037681/SRR26780041/SRR26780041.json,/root/autodl-tmp/RSV-A-v_nogenotype/data/processed_data_v2/sensitivity_analysis/cliquesnv/TF002_T10/PRJNA1037681/SRR26780041/cliquesnv.log,PRJNA1037681,Australia,TF002_T10,0.02,10
SRR26780042,cached,0.0,/root/autodl-tmp/RSV-A-v_nogenotype/data/processed_data_v2/sensitivity_analysis/cliquesnv/TF002_T10/PRJNA1037681/SRR26780042/SRR26780042.fasta,/root/autodl-tmp/RSV-A-v_nogenotype/data/processed_data_v2/sensitivity_analysis/cliquesnv/TF002_T10/PRJNA1037681/SRR26780042/SRR26780042.json,/root/autodl-tmp/RSV-A-v_nogenotype/data/processed_data_v2/sensitivity_analysis/cliquesnv/TF002_T10/PRJNA1037681/SRR26780042/cliquesnv.log,PRJNA1037681,Australia,TF002_T10,0.02,10
SRR26780033,cached,0.0,/root/autodl-tmp/RSV-A-v_nogenotype/data/processed_data_v2/sensitivity_analysis/cliquesnv/TF002_T10/PRJNA1037681/SRR26780033/SRR26780033.fasta,/root/autodl-tmp/RSV-A-v_nogenotype/data/processed_data_v2/sensitivity_analysis/cliquesnv/TF002_T10/PRJNA1037681/SRR26780033/SRR26780033.json,/root/autodl-tmp/RSV-A-v_nogenotype/data/processed_data_v2/sensitivity_analysis/cliquesnv/TF002_T10/PRJNA1037681/SRR26780033/cliquesnv.log,PRJNA1037681,Australia,TF002_T10,0.02,10
SRR26779971,cached,0.0,/root/autodl-tmp/RSV-A-v_nogenotype/data/processed_data_v2/sensitivity_analysis/cliquesnv/TF002_T10/PRJNA1037681/SRR26779971/SRR26779971.fasta,/root/autodl-tmp/RSV-A-v_nogenotype/data/processed_data_v2/sensitivity_analysis/cliquesnv/TF002_T10/PRJNA1037681/SRR26779971/SRR26779971.json,/root/autodl-tmp/RSV-A-v_nogenotype/data/processed_data_v2/sensitivity_analysis/cliquesnv/TF002_T10/PRJNA1037681/SRR26779971/cliquesnv.log,PRJNA1037681,Australia,TF002_T10,0.02,10
SRR26780046,cached,0.0,/root/autodl-tmp/RSV-A-v_nogenotype/data/processed_data_v2/sensitivity_analysis/cliquesnv/TF002_T10/PRJNA1037681/SRR26780046/SRR26780046.fasta,/root/autodl-tmp/RSV-A-v_nogenotype/data/processed_data_v2/sensitivity_analysis/cliquesnv/TF002_T10/PRJNA1037681/SRR26780046/SRR26780046.json,/root/autodl-tmp/RSV-A-v_nogenotype/data/processed_data_v2/sensitivity_analysis/cliquesnv/TF002_T10/PRJNA1037681/SRR26780046/cliquesnv.log,PRJNA1037681,Australia,TF002_T10,0.02,10
SRR26780034,cached,0.0,/root/autodl-tmp/RSV-A-v_nogenotype/data/processed_data_v2/sensitivity_analysis/cliquesnv/TF002_T10/PRJNA1037681/SRR26780034/SRR26780034.fasta,/root/autodl-tmp/RSV-A-v_nogenotype/data/processed_data_v2/sensitivity_analysis/cliquesnv/TF002_T10/PRJNA1037681/SRR26780034/SRR26780034.json,/root/autodl-tmp/RSV-A-v_nogenotype/data/processed_data_v2/sensitivity_analysis/cliquesnv/TF002_T10/PRJNA1037681/SRR26780034/cliquesnv.log,PRJNA1037681,Australia,TF002_T10,0.02,10
SRR26780117,cached,0.0,/root/autodl-tmp/RSV-A-v_nogenotype/data/processed_data_v2/sensitivity_analysis/cliquesnv/TF002_T10/PRJNA1037681/SRR26780117/SRR26780117.fasta,/root/autodl-tmp/RSV-A-v_nogenotype/data/processed_data_v2/sensitivity_analysis/cliquesnv/TF002_T10/PRJNA1037681/SRR26780117/SRR26780117.json,/root/autodl-tmp/RSV-A-v_nogenotype/data/processed_data_v2/sensitivity_analysis/cliquesnv/TF002_T10/PRJNA1037681/SRR26780117/cliquesnv.log,PRJNA1037681,Australia,TF002_T10,0.02,10
SRR26780119,cached,0.0,/root/autodl-tmp/RSV-A-v_nogenotype/data/processed_data_v2/sensitivity_analysis/cliquesnv/TF002_T10/PRJNA1037681/SRR26780119/SRR26780119.fasta,/root/autodl-tmp/RSV-A-v_nogenotype/data/processed_data_v2/sensitivity_analysis/cliquesnv/TF002_T10/PRJNA1037681/SRR26780119/SRR26780119.json,/root/autodl-tmp/RSV-A-v_nogenotype/data/processed_data_v2/sensitivity_analysis/cliquesnv/TF002_T10/PRJNA1037681/SRR26780119/cliquesnv.log,PRJNA1037681,Australia,TF002_T10,0.02,10
SRR26780126,cached,0.0,/root/autodl-tmp/RSV-A-v_nogenotype/data/processed_data_v2/sensitivity_analysis/cliquesnv/TF002_T10/PRJNA1037681/SRR26780126/SRR26780126.fasta,/root/autodl-tmp/RSV-A-v_nogenotype/data/processed_data_v2/sensitivity_analysis/cliquesnv/TF002_T10/PRJNA1037681/SRR26780126/SRR26780126.json,/root/autodl-tmp/RSV-A-v_nogenotype/data/processed_data_v2/sensitivity_analysis/cliquesnv/TF002_T10/PRJNA1037681/SRR26780126/cliquesnv.log,PRJNA1037681,Australia,TF002_T10,0.02,10
SRR26780123,cached,0.0,/root/autodl-tmp/RSV-A-v_nogenotype/data/processed_data_v2/sensitivity_analysis/cliquesnv/TF002_T10/PRJNA1037681/SRR26780123/SRR26780123.fasta,/root/autodl-tmp/RSV-A-v_nogenotype/data/processed_data_v2/sensitivity_analysis/cliquesnv/TF002_T10/PRJNA1037681/SRR26780123/SRR26780123.json,/root/autodl-tmp/RSV-A-v_nogenotype/data/processed_data_v2/sensitivity_analysis/cliquesnv/TF002_T10/PRJNA1037681/SRR26780123/cliquesnv.log,PRJNA1037681,Australia,TF002_T10,0.02,10
SRR26780127,cached,0.0,/root/autodl-tmp/RSV-A-v_nogenotype/data/processed_data_v2/sensitivity_analysis/cliquesnv/TF002_T10/PRJNA1037681/SRR26780127/SRR26780127.fasta,/root/autodl-tmp/RSV-A-v_nogenotype/data/processed_data_v2/sensitivity_analysis/cliquesnv/TF002_T10/PRJNA1037681/SRR26780127/SRR26780127.json,/root/autodl-tmp/RSV-A-v_nogenotype/data/processed_data_v2/sensitivity_analysis/cliquesnv/TF002_T10/PRJNA1037681/SRR26780127/cliquesnv.log,PRJNA1037681,Australia,TF002_T10,0.02,10
SRR26780050,cached,0.0,/root/autodl-tmp/RSV-A-v_nogenotype/data/processed_data_v2/sensitivity_analysis/cliquesnv/TF002_T10/PRJNA1037681/SRR26780050/SRR26780050.fasta,/root/autodl-tmp/RSV-A-v_nogenotype/data/processed_data_v2/sensitivity_analysis/cliquesnv/TF002_T10/PRJNA1037681/SRR26780050/SRR26780050.json,/root/autodl-tmp/RSV-A-v_nogenotype/data/processed_data_v2/sensitivity_analysis/cliquesnv/TF002_T10/PRJNA1037681/SRR26780050/cliquesnv.log,PRJNA1037681,Australia,TF002_T10,0.02,10
SRR26780187,cached,0.0,/root/autodl-tmp/RSV-A-v_nogenotype/data/processed_data_v2/sensitivity_analysis/cliquesnv/TF002_T10/PRJNA1037681/SRR26780187/SRR26780187.fasta,/root/autodl-tmp/RSV-A-v_nogenotype/data/processed_data_v2/sensitivity_analysis/cliquesnv/TF002_T10/PRJNA1037681/SRR26780187/SRR26780187.json,/root/autodl-tmp/RSV-A-v_nogenotype/data/processed_data_v2/sensitivity_analysis/cliquesnv/TF002_T10/PRJNA1037681/SRR26780187/cliquesnv.log,PRJNA1037681,Australia,TF002_T10,0.02,10
SRR26780205,cached,0.0,/root/autodl-tmp/RSV-A-v_nogenotype/data/processed_data_v2/sensitivity_analysis/cliquesnv/TF002_T10/PRJNA1037681/SRR26780205/SRR26780205.fasta,/root/autodl-tmp/RSV-A-v_nogenotype/data/processed_data_v2/sensitivity_analysis/cliquesnv/TF002_T10/PRJNA1037681/SRR26780205/SRR26780205.json,/root/autodl-tmp/RSV-A-v_nogenotype/data/processed_data_v2/sensitivity_analysis/cliquesnv/TF002_T10/PRJNA1037681/SRR26780205/cliquesnv.log,PRJNA1037681,Australia,TF002_T10,0.02,10
SRR26780146,cached,0.0,/root/autodl-tmp/RSV-A-v_nogenotype/data/processed_data_v2/sensitivity_analysis/cliquesnv/TF002_T10/PRJNA1037681/SRR26780146/SRR26780146.fasta,/root/autodl-tmp/RSV-A-v_nogenotype/data/processed_data_v2/sensitivity_analysis/cliquesnv/TF002_T10/PRJNA1037681/SRR26780146/SRR26780146.json,/root/autodl-tmp/RSV-A-v_nogenotype/data/processed_data_v2/sensitivity_analysis/cliquesnv/TF002_T10/PRJNA1037681/SRR26780146/cliquesnv.log,PRJNA1037681,Australia,TF002_T10,0.02,10
SRR26780216,cached,0.0,/root/autodl-tmp/RSV-A-v_nogenotype/data/processed_data_v2/sensitivity_analysis/cliquesnv/TF002_T10/PRJNA1037681/SRR26780216/SRR26780216.fasta,/root/autodl-tmp/RSV-A-v_nogenotype/data/processed_data_v2/sensitivity_analysis/cliquesnv/TF002_T10/PRJNA1037681/SRR26780216/SRR26780216.json,/root/autodl-tmp/RSV-A-v_nogenotype/data/processed_data_v2/sensitivity_analysis/cliquesnv/TF002_T10/PRJNA1037681/SRR26780216/cliquesnv.log,PRJNA1037681,Australia,TF002_T10,0.02,10
SRR26780213,cached,0.0,/root/autodl-tmp/RSV-A-v_nogenotype/data/processed_data_v2/sensitivity_analysis/cliquesnv/TF002_T10/PRJNA1037681/SRR26780213/SRR26780213.fasta,/root/autodl-tmp/RSV-A-v_nogenotype/data/processed_data_v2/sensitivity_analysis/cliquesnv/TF002_T10/PRJNA1037681/SRR26780213/SRR26780213.json,/root/autodl-tmp/RSV-A-v_nogenotype/data/processed_data_v2/sensitivity_analysis/cliquesnv/TF002_T10/PRJNA1037681/SRR26780213/cliquesnv.log,PRJNA1037681,Australia,TF002_T10,0.02,10
SRR26780211,cached,0.0,/root/autodl-tmp/RSV-A-v_nogenotype/data/processed_data_v2/sensitivity_analysis/cliquesnv/TF002_T10/PRJNA1037681/SRR26780211/SRR26780211.fasta,/root/autodl-tmp/RSV-A-v_nogenotype/data/processed_data_v2/sensitivity_analysis/cliquesnv/TF002_T10/PRJNA1037681/SRR26780211/SRR26780211.json,/root/autodl-tmp/RSV-A-v_nogenotype/data/processed_data_v2/sensitivity_analysis/cliquesnv/TF002_T10/PRJNA1037681/SRR26780211/cliquesnv.log,PRJNA1037681,Australia,TF002_T10,0.02,10
SRR26780217,cached,0.0,/root/autodl-tmp/RSV-A-v_nogenotype/data/processed_data_v2/sensitivity_analysis/cliquesnv/TF002_T10/PRJNA1037681/SRR26780217/SRR26780217.fasta,/root/autodl-tmp/RSV-A-v_nogenotype/data/processed_data_v2/sensitivity_analysis/cliquesnv/TF002_T10/PRJNA1037681/SRR26780217/SRR26780217.json,/root/autodl-tmp/RSV-A-v_nogenotype/data/processed_data_v2/sensitivity_analysis/cliquesnv/TF002_T10/PRJNA1037681/SRR26780217/cliquesnv.log,PRJNA1037681,Australia,TF002_T10,0.02,10
SRR26780219,cached,0.0,/root/autodl-tmp/RSV-A-v_nogenotype/data/processed_data_v2/sensitivity_analysis/cliquesnv/TF002_T10/PRJNA1037681/SRR26780219/SRR26780219.fasta,/root/autodl-tmp/RSV-A-v_nogenotype/data/processed_data_v2/sensitivity_analysis/cliquesnv/TF002_T10/PRJNA1037681/SRR26780219/SRR26780219.json,/root/autodl-tmp/RSV-A-v_nogenotype/data/processed_data_v2/sensitivity_analysis/cliquesnv/TF002_T10/PRJNA1037681/SRR26780219/cliquesnv.log,PRJNA1037681,Australia,TF002_T10,0.02,10
SRR26780206,cached,0.0,/root/autodl-tmp/RSV-A-v_nogenotype/data/processed_data_v2/sensitivity_analysis/cliquesnv/TF002_T10/PRJNA1037681/SRR26780206/SRR26780206.fasta,/root/autodl-tmp/RSV-A-v_nogenotype/data/processed_data_v2/sensitivity_analysis/cliquesnv/TF002_T10/PRJNA1037681/SRR26780206/SRR26780206.json,/root/autodl-tmp/RSV-A-v_nogenotype/data/processed_data_v2/sensitivity_analysis/cliquesnv/TF002_T10/PRJNA1037681/SRR26780206/cliquesnv.log,PRJNA1037681,Australia,TF002_T10,0.02,10
SRR26780237,cached,0.0,/root/autodl-tmp/RSV-A-v_nogenotype/data/processed_data_v2/sensitivity_analysis/cliquesnv/TF002_T10/PRJNA1037681/SRR26780237/SRR26780237.fasta,/root/autodl-tmp/RSV-A-v_nogenotype/data/processed_data_v2/sensitivity_analysis/cliquesnv/TF002_T10/PRJNA1037681/SRR26780237/SRR26780237.json,/root/autodl-tmp/RSV-A-v_nogenotype/data/processed_data_v2/sensitivity_analysis/cliquesnv/TF002_T10/PRJNA1037681/SRR26780237/cliquesnv.log,PRJNA1037681,Australia,TF002_T10,0.02,10
SRR29679720,cached,0.0,/root/autodl-tmp/RSV-A-v_nogenotype/data/processed_data_v2/sensitivity_analysis/cliquesnv/TF002_T10/PRJNA1130896/SRR29679720/SRR29679720.fasta,/root/autodl-tmp/RSV-A-v_nogenotype/data/processed_data_v2/sensitivity_analysis/cliquesnv/TF002_T10/PRJNA1130896/SRR29679720/SRR29679720.json,/root/autodl-tmp/RSV-A-v_nogenotype/data/processed_data_v2/sensitivity_analysis/cliquesnv/TF002_T10/PRJNA1130896/SRR29679720/cliquesnv.log,PRJNA1130896,United States,TF002_T10,0.02,10
SRR29679728,cached,0.0,/root/autodl-tmp/RSV-A-v_nogenotype/data/processed_data_v2/sensitivity_analysis/cliquesnv/TF002_T10/PRJNA1130896/SRR29679728/SRR29679728.fasta,/root/autodl-tmp/RSV-A-v_nogenotype/data/processed_data_v2/sensitivity_analysis/cliquesnv/TF002_T10/PRJNA1130896/SRR29679728/SRR29679728.json,/root/autodl-tmp/RSV-A-v_nogenotype/data/processed_data_v2/sensitivity_analysis/cliquesnv/TF002_T10/PRJNA1130896/SRR29679728/cliquesnv.log,PRJNA1130896,United States,TF002_T10,0.02,10
SRR29679754,cached,0.0,/root/autodl-tmp/RSV-A-v_nogenotype/data/processed_data_v2/sensitivity_analysis/cliquesnv/TF002_T10/PRJNA1130896/SRR29679754/SRR29679754.fasta,/root/autodl-tmp/RSV-A-v_nogenotype/data/processed_data_v2/sensitivity_analysis/cliquesnv/TF002_T10/PRJNA1130896/SRR29679754/SRR29679754.json,/root/autodl-tmp/RSV-A-v_nogenotype/data/processed_data_v2/sensitivity_analysis/cliquesnv/TF002_T10/PRJNA1130896/SRR29679754/cliquesnv.log,PRJNA1130896,United States,TF002_T10,0.02,10
SRR29679732,cached,0.0,/root/autodl-tmp/RSV-A-v_nogenotype/data/processed_data_v2/sensitivity_analysis/cliquesnv/TF002_T10/PRJNA1130896/SRR29679732/SRR29679732.fasta,/root/autodl-tmp/RSV-A-v_nogenotype/data/processed_data_v2/sensitivity_analysis/cliquesnv/TF002_T10/PRJNA1130896/SRR29679732/SRR29679732.json,/root/autodl-tmp/RSV-A-v_nogenotype/data/processed_data_v2/sensitivity_analysis/cliquesnv/TF002_T10/PRJNA1130896/SRR29679732/cliquesnv.log,PRJNA1130896,United States,TF002_T10,0.02,10
SRR29679712,cached,0.0,/root/autodl-tmp/RSV-A-v_nogenotype/data/processed_data_v2/sensitivity_analysis/cliquesnv/TF002_T10/PRJNA1130896/SRR29679712/SRR29679712.fasta,/root/autodl-tmp/RSV-A-v_nogenotype/data/processed_data_v2/sensitivity_analysis/cliquesnv/TF002_T10/PRJNA1130896/SRR29679712/SRR29679712.json,/root/autodl-tmp/RSV-A-v_nogenotype/data/processed_data_v2/sensitivity_analysis/cliquesnv/TF002_T10/PRJNA1130896/SRR29679712/cliquesnv.log,PRJNA1130896,United States,TF002_T10,0.02,10
SRR29679709,cached,0.0,/root/autodl-tmp/RSV-A-v_nogenotype/data/processed_data_v2/sensitivity_analysis/cliquesnv/TF002_T10/PRJNA1130896/SRR29679709/SRR29679709.fasta,/root/autodl-tmp/RSV-A-v_nogenotype/data/processed_data_v2/sensitivity_analysis/cliquesnv/TF002_T10/PRJNA1130896/SRR29679709/SRR29679709.json,/root/autodl-tmp/RSV-A-v_nogenotype/data/processed_data_v2/sensitivity_analysis/cliquesnv/TF002_T10/PRJNA1130896/SRR29679709/cliquesnv.log,PRJNA1130896,United States,TF002_T10,0.02,10
SRR29679716,cached,0.0,/root/autodl-tmp/RSV-A-v_nogenotype/data/processed_data_v2/sensitivity_analysis/cliquesnv/TF002_T10/PRJNA1130896/SRR29679716/SRR29679716.fasta,/root/autodl-tmp/RSV-A-v_nogenotype/data/processed_data_v2/sensitivity_analysis/cliquesnv/TF002_T10/PRJNA1130896/SRR29679716/SRR29679716.json,/root/autodl-tmp/RSV-A-v_nogenotype/data/processed_data_v2/sensitivity_analysis/cliquesnv/TF002_T10/PRJNA1130896/SRR29679716/cliquesnv.log,PRJNA1130896,United States,TF002_T10,0.02,10
SRR29679731,cached,0.0,/root/autodl-tmp/RSV-A-v_nogenotype/data/processed_data_v2/sensitivity_analysis/cliquesnv/TF002_T10/PRJNA1130896/SRR29679731/SRR29679731.fasta,/root/autodl-tmp/RSV-A-v_nogenotype/data/processed_data_v2/sensitivity_analysis/cliquesnv/TF002_T10/PRJNA1130896/SRR29679731/SRR29679731.json,/root/autodl-tmp/RSV-A-v_nogenotype/data/processed_data_v2/sensitivity_analysis/cliquesnv/TF002_T10/PRJNA1130896/SRR29679731/cliquesnv.log,PRJNA1130896,United States,TF002_T10,0.02,10
SRR29679738,cached,0.0,/root/autodl-tmp/RSV-A-v_nogenotype/data/processed_data_v2/sensitivity_analysis/cliquesnv/TF002_T10/PRJNA1130896/SRR29679738/SRR29679738.fasta,/root/autodl-tmp/RSV-A-v_nogenotype/data/processed_data_v2/sensitivity_analysis/cliquesnv/TF002_T10/PRJNA1130896/SRR29679738/SRR29679738.json,/root/autodl-tmp/RSV-A-v_nogenotype/data/processed_data_v2/sensitivity_analysis/cliquesnv/TF002_T10/PRJNA1130896/SRR29679738/cliquesnv.log,PRJNA1130896,United States,TF002_T10,0.02,10
SRR29679809,cached,0.0,/root/autodl-tmp/RSV-A-v_nogenotype/data/processed_data_v2/sensitivity_analysis/cliquesnv/TF002_T10/PRJNA1130896/SRR29679809/SRR29679809.fasta,/root/autodl-tmp/RSV-A-v_nogenotype/data/processed_data_v2/sensitivity_analysis/cliquesnv/TF002_T10/PRJNA1130896/SRR29679809/SRR29679809.json,/root/autodl-tmp/RSV-A-v_nogenotype/data/processed_data_v2/sensitivity_analysis/cliquesnv/TF002_T10/PRJNA1130896/SRR29679809/cliquesnv.log,PRJNA1130896,United States,TF002_T10,0.02,10
SRR29679704,cached,0.0,/root/autodl-tmp/RSV-A-v_nogenotype/data/processed_data_v2/sensitivity_analysis/cliquesnv/TF002_T10/PRJNA1130896/SRR29679704/SRR29679704.fasta,/root/autodl-tmp/RSV-A-v_nogenotype/data/processed_data_v2/sensitivity_analysis/cliquesnv/TF002_T10/PRJNA1130896/SRR29679704/SRR29679704.json,/root/autodl-tmp/RSV-A-v_nogenotype/data/processed_data_v2/sensitivity_analysis/cliquesnv/TF002_T10/PRJNA1130896/SRR29679704/cliquesnv.log,PRJNA1130896,United States,TF002_T10,0.02,10
SRR29679723,cached,0.0,/root/autodl-tmp/RSV-A-v_nogenotype/data/processed_data_v2/sensitivity_analysis/cliquesnv/TF002_T10/PRJNA1130896/SRR29679723/SRR29679723.fasta,/root/autodl-tmp/RSV-A-v_nogenotype/data/processed_data_v2/sensitivity_analysis/cliquesnv/TF002_T10/PRJNA1130896/SRR29679723/SRR29679723.json,/root/autodl-tmp/RSV-A-v_nogenotype/data/processed_data_v2/sensitivity_analysis/cliquesnv/TF002_T10/PRJNA1130896/SRR29679723/cliquesnv.log,PRJNA1130896,United States,TF002_T10,0.02,10
SRR29679713,cached,0.0,/root/autodl-tmp/RSV-A-v_nogenotype/data/processed_data_v2/sensitivity_analysis/cliquesnv/TF002_T10/PRJNA1130896/SRR29679713/SRR29679713.fasta,/root/autodl-tmp/RSV-A-v_nogenotype/data/processed_data_v2/sensitivity_analysis/cliquesnv/TF002_T10/PRJNA1130896/SRR29679713/SRR29679713.json,/root/autodl-tmp/RSV-A-v_nogenotype/data/processed_data_v2/sensitivity_analysis/cliquesnv/TF002_T10/PRJNA1130896/SRR29679713/cliquesnv.log,PRJNA1130896,United States,TF002_T10,0.02,10
SRR29679737,cached,0.0,/root/autodl-tmp/RSV-A-v_nogenotype/data/processed_data_v2/sensitivity_analysis/cliquesnv/TF002_T10/PRJNA1130896/SRR29679737/SRR29679737.fasta,/root/autodl-tmp/RSV-A-v_nogenotype/data/processed_data_v2/sensitivity_analysis/cliquesnv/TF002_T10/PRJNA1130896/SRR29679737/SRR29679737.json,/root/autodl-tmp/RSV-A-v_nogenotype/data/processed_data_v2/sensitivity_analysis/cliquesnv/TF002_T10/PRJNA1130896/SRR29679737/cliquesnv.log,PRJNA1130896,United States,TF002_T10,0.02,10
SRR29679706,cached,0.0,/root/autodl-tmp/RSV-A-v_nogenotype/data/processed_data_v2/sensitivity_analysis/cliquesnv/TF002_T10/PRJNA1130896/SRR29679706/SRR29679706.fasta,/root/autodl-tmp/RSV-A-v_nogenotype/data/processed_data_v2/sensitivity_analysis/cliquesnv/TF002_T10/PRJNA1130896/SRR29679706/SRR29679706.json,/root/autodl-tmp/RSV-A-v_nogenotype/data/processed_data_v2/sensitivity_analysis/cliquesnv/TF002_T10/PRJNA1130896/SRR29679706/cliquesnv.log,PRJNA1130896,United States,TF002_T10,0.02,10
SRR29679729,cached,0.0,/root/autodl-tmp/RSV-A-v_nogenotype/data/processed_data_v2/sensitivity_analysis/cliquesnv/TF002_T10/PRJNA1130896/SRR29679729/SRR29679729.fasta,/root/autodl-tmp/RSV-A-v_nogenotype/data/processed_data_v2/sensitivity_analysis/cliquesnv/TF002_T10/PRJNA1130896/SRR29679729/SRR29679729.json,/root/autodl-tmp/RSV-A-v_nogenotype/data/processed_data_v2/sensitivity_analysis/cliquesnv/TF002_T10/PRJNA1130896/SRR29679729/cliquesnv.log,PRJNA1130896,United States,TF002_T10,0.02,10
SRR29679721,cached,0.0,/root/autodl-tmp/RSV-A-v_nogenotype/data/processed_data_v2/sensitivity_analysis/cliquesnv/TF002_T10/PRJNA1130896/SRR29679721/SRR29679721.fasta,/root/autodl-tmp/RSV-A-v_nogenotype/data/processed_data_v2/sensitivity_analysis/cliquesnv/TF002_T10/PRJNA1130896/SRR29679721/SRR29679721.json,/root/autodl-tmp/RSV-A-v_nogenotype/data/processed_data_v2/sensitivity_analysis/cliquesnv/TF002_T10/PRJNA1130896/SRR29679721/cliquesnv.log,PRJNA1130896,United States,TF002_T10,0.02,10
SRR29679753,cached,0.0,/root/autodl-tmp/RSV-A-v_nogenotype/data/processed_data_v2/sensitivity_analysis/cliquesnv/TF002_T10/PRJNA1130896/SRR29679753/SRR29679753.fasta,/root/autodl-tmp/RSV-A-v_nogenotype/data/processed_data_v2/sensitivity_analysis/cliquesnv/TF002_T10/PRJNA1130896/SRR29679753/SRR29679753.json,/root/autodl-tmp/RSV-A-v_nogenotype/data/processed_data_v2/sensitivity_analysis/cliquesnv/TF002_T10/PRJNA1130896/SRR29679753/cliquesnv.log,PRJNA1130896,United States,TF002_T10,0.02,10
SRR29679814,cached,0.0,/root/autodl-tmp/RSV-A-v_nogenotype/data/processed_data_v2/sensitivity_analysis/cliquesnv/TF002_T10/PRJNA1130896/SRR29679814/SRR29679814.fasta,/root/autodl-tmp/RSV-A-v_nogenotype/data/processed_data_v2/sensitivity_analysis/cliquesnv/TF002_T10/PRJNA1130896/SRR29679814/SRR29679814.json,/root/autodl-tmp/RSV-A-v_nogenotype/data/processed_data_v2/sensitivity_analysis/cliquesnv/TF002_T10/PRJNA1130896/SRR29679814/cliquesnv.log,PRJNA1130896,United States,TF002_T10,0.02,10
SRR29679823,cached,0.0,/root/autodl-tmp/RSV-A-v_nogenotype/data/processed_data_v2/sensitivity_analysis/cliquesnv/TF002_T10/PRJNA1130896/SRR29679823/SRR29679823.fasta,/root/autodl-tmp/RSV-A-v_nogenotype/data/processed_data_v2/sensitivity_analysis/cliquesnv/TF002_T10/PRJNA1130896/SRR29679823/SRR29679823.json,/root/autodl-tmp/RSV-A-v_nogenotype/data/processed_data_v2/sensitivity_analysis/cliquesnv/TF002_T10/PRJNA1130896/SRR29679823/cliquesnv.log,PRJNA1130896,United States,TF002_T10,0.02,10
SRR29679830,cached,0.0,/root/autodl-tmp/RSV-A-v_nogenotype/data/processed_data_v2/sensitivity_analysis/cliquesnv/TF002_T10/PRJNA1130896/SRR29679830/SRR29679830.fasta,/root/autodl-tmp/RSV-A-v_nogenotype/data/processed_data_v2/sensitivity_analysis/cliquesnv/TF002_T10/PRJNA1130896/SRR29679830/SRR29679830.json,/root/autodl-tmp/RSV-A-v_nogenotype/data/processed_data_v2/sensitivity_analysis/cliquesnv/TF002_T10/PRJNA1130896/SRR29679830/cliquesnv.log,PRJNA1130896,United States,TF002_T10,0.02,10
SRR29679837,cached,0.0,/root/autodl-tmp/RSV-A-v_nogenotype/data/processed_data_v2/sensitivity_analysis/cliquesnv/TF002_T10/PRJNA1130896/SRR29679837/SRR29679837.fasta,/root/autodl-tmp/RSV-A-v_nogenotype/data/processed_data_v2/sensitivity_analysis/cliquesnv/TF002_T10/PRJNA1130896/SRR29679837/SRR29679837.json,/root/autodl-tmp/RSV-A-v_nogenotype/data/processed_data_v2/sensitivity_analysis/cliquesnv/TF002_T10/PRJNA1130896/SRR29679837/cliquesnv.log,PRJNA1130896,United States,TF002_T10,0.02,10
SRR29679833,cached,0.0,/root/autodl-tmp/RSV-A-v_nogenotype/data/processed_data_v2/sensitivity_analysis/cliquesnv/TF002_T10/PRJNA1130896/SRR29679833/SRR29679833.fasta,/root/autodl-tmp/RSV-A-v_nogenotype/data/processed_data_v2/sensitivity_analysis/cliquesnv/TF002_T10/PRJNA1130896/SRR29679833/SRR29679833.json,/root/autodl-tmp/RSV-A-v_nogenotype/data/processed_data_v2/sensitivity_analysis/cliquesnv/TF002_T10/PRJNA1130896/SRR29679833/cliquesnv.log,PRJNA1130896,United States,TF002_T10,0.02,10
SRR29679843,cached,0.0,/root/autodl-tmp/RSV-A-v_nogenotype/data/processed_data_v2/sensitivity_analysis/cliquesnv/TF002_T10/PRJNA1130896/SRR29679843/SRR29679843.fasta,/root/autodl-tmp/RSV-A-v_nogenotype/data/processed_data_v2/sensitivity_analysis/cliquesnv/TF002_T10/PRJNA1130896/SRR29679843/SRR29679843.json,/root/autodl-tmp/RSV-A-v_nogenotype/data/processed_data_v2/sensitivity_analysis/cliquesnv/TF002_T10/PRJNA1130896/SRR29679843/cliquesnv.log,PRJNA1130896,United States,TF002_T10,0.02,10
SRR29679826,cached,0.0,/root/autodl-tmp/RSV-A-v_nogenotype/data/processed_data_v2/sensitivity_analysis/cliquesnv/TF002_T10/PRJNA1130896/SRR29679826/SRR29679826.fasta,/root/autodl-tmp/RSV-A-v_nogenotype/data/processed_data_v2/sensitivity_analysis/cliquesnv/TF002_T10/PRJNA1130896/SRR29679826/SRR29679826.json,/root/autodl-tmp/RSV-A-v_nogenotype/data/processed_data_v2/sensitivity_analysis/cliquesnv/TF002_T10/PRJNA1130896/SRR29679826/cliquesnv.log,PRJNA1130896,United States,TF002_T10,0.02,10
SRR29679842,cached,0.0,/root/autodl-tmp/RSV-A-v_nogenotype/data/processed_data_v2/sensitivity_analysis/cliquesnv/TF002_T10/PRJNA1130896/SRR29679842/SRR29679842.fasta,/root/autodl-tmp/RSV-A-v_nogenotype/data/processed_data_v2/sensitivity_analysis/cliquesnv/TF002_T10/PRJNA1130896/SRR29679842/SRR29679842.json,/root/autodl-tmp/RSV-A-v_nogenotype/data/processed_data_v2/sensitivity_analysis/cliquesnv/TF002_T10/PRJNA1130896/SRR29679842/cliquesnv.log,PRJNA1130896,United States,TF002_T10,0.02,10
SRR29679864,cached,0.0,/root/autodl-tmp/RSV-A-v_nogenotype/data/processed_data_v2/sensitivity_analysis/cliquesnv/TF002_T10/PRJNA1130896/SRR29679864/SRR29679864.fasta,/root/autodl-tmp/RSV-A-v_nogenotype/data/processed_data_v2/sensitivity_analysis/cliquesnv/TF002_T10/PRJNA1130896/SRR29679864/SRR29679864.json,/root/autodl-tmp/RSV-A-v_nogenotype/data/processed_data_v2/sensitivity_analysis/cliquesnv/TF002_T10/PRJNA1130896/SRR29679864/cliquesnv.log,PRJNA1130896,United States,TF002_T10,0.02,10
SRR29679874,cached,0.0,/root/autodl-tmp/RSV-A-v_nogenotype/data/processed_data_v2/sensitivity_analysis/cliquesnv/TF002_T10/PRJNA1130896/SRR29679874/SRR29679874.fasta,/root/autodl-tmp/RSV-A-v_nogenotype/data/processed_data_v2/sensitivity_analysis/cliquesnv/TF002_T10/PRJNA1130896/SRR29679874/SRR29679874.json,/root/autodl-tmp/RSV-A-v_nogenotype/data/processed_data_v2/sensitivity_analysis/cliquesnv/TF002_T10/PRJNA1130896/SRR29679874/cliquesnv.log,PRJNA1130896,United States,TF002_T10,0.02,10
SRR29692818,cached,0.0,/root/autodl-tmp/RSV-A-v_nogenotype/data/processed_data_v2/sensitivity_analysis/cliquesnv/TF002_T10/PRJNA1130896/SRR29692818/SRR29692818.fasta,/root/autodl-tmp/RSV-A-v_nogenotype/data/processed_data_v2/sensitivity_analysis/cliquesnv/TF002_T10/PRJNA1130896/SRR29692818/SRR29692818.json,/root/autodl-tmp/RSV-A-v_nogenotype/data/processed_data_v2/sensitivity_analysis/cliquesnv/TF002_T10/PRJNA1130896/SRR29692818/cliquesnv.log,PRJNA1130896,United States,TF002_T10,0.02,10
SRR29679834,cached,0.0,/root/autodl-tmp/RSV-A-v_nogenotype/data/processed_data_v2/sensitivity_analysis/cliquesnv/TF002_T10/PRJNA1130896/SRR29679834/SRR29679834.fasta,/root/autodl-tmp/RSV-A-v_nogenotype/data/processed_data_v2/sensitivity_analysis/cliquesnv/TF002_T10/PRJNA1130896/SRR29679834/SRR29679834.json,/root/autodl-tmp/RSV-A-v_nogenotype/data/processed_data_v2/sensitivity_analysis/cliquesnv/TF002_T10/PRJNA1130896/SRR29679834/cliquesnv.log,PRJNA1130896,United States,TF002_T10,0.02,10
SRR29692824,cached,0.0,/root/autodl-tmp/RSV-A-v_nogenotype/data/processed_data_v2/sensitivity_analysis/cliquesnv/TF002_T10/PRJNA1130896/SRR29692824/SRR29692824.fasta,/root/autodl-tmp/RSV-A-v_nogenotype/data/processed_data_v2/sensitivity_analysis/cliquesnv/TF002_T10/PRJNA1130896/SRR29692824/SRR29692824.json,/root/autodl-tmp/RSV-A-v_nogenotype/data/processed_data_v2/sensitivity_analysis/cliquesnv/TF002_T10/PRJNA1130896/SRR29692824/cliquesnv.log,PRJNA1130896,United States,TF002_T10,0.02,10
SRR29692831,cached,0.0,/root/autodl-tmp/RSV-A-v_nogenotype/data/processed_data_v2/sensitivity_analysis/cliquesnv/TF002_T10/PRJNA1130896/SRR29692831/SRR29692831.fasta,/root/autodl-tmp/RSV-A-v_nogenotype/data/processed_data_v2/sensitivity_analysis/cliquesnv/TF002_T10/PRJNA1130896/SRR29692831/SRR29692831.json,/root/autodl-tmp/RSV-A-v_nogenotype/data/processed_data_v2/sensitivity_analysis/cliquesnv/TF002_T10/PRJNA1130896/SRR29692831/cliquesnv.log,PRJNA1130896,United States,TF002_T10,0.02,10
SRR29692828,cached,0.0,/root/autodl-tmp/RSV-A-v_nogenotype/data/processed_data_v2/sensitivity_analysis/cliquesnv/TF002_T10/PRJNA1130896/SRR29692828/SRR29692828.fasta,/root/autodl-tmp/RSV-A-v_nogenotype/data/processed_data_v2/sensitivity_analysis/cliquesnv/TF002_T10/PRJNA1130896/SRR29692828/SRR29692828.json,/root/autodl-tmp/RSV-A-v_nogenotype/data/processed_data_v2/sensitivity_analysis/cliquesnv/TF002_T10/PRJNA1130896/SRR29692828/cliquesnv.log,PRJNA1130896,United States,TF002_T10,0.02,10
SRR29679852,cached,0.0,/root/autodl-tmp/RSV-A-v_nogenotype/data/processed_data_v2/sensitivity_analysis/cliquesnv/TF002_T10/PRJNA1130896/SRR29679852/SRR29679852.fasta,/root/autodl-tmp/RSV-A-v_nogenotype/data/processed_data_v2/sensitivity_analysis/cliquesnv/TF002_T10/PRJNA1130896/SRR29679852/SRR29679852.json,/root/autodl-tmp/RSV-A-v_nogenotype/data/processed_data_v2/sensitivity_analysis/cliquesnv/TF002_T10/PRJNA1130896/SRR29679852/cliquesnv.log,PRJNA1130896,United States,TF002_T10,0.02,10
SRR29692873,cached,0.0,/root/autodl-tmp/RSV-A-v_nogenotype/data/processed_data_v2/sensitivity_analysis/cliquesnv/TF002_T10/PRJNA1130896/SRR29692873/SRR29692873.fasta,/root/autodl-tmp/RSV-A-v_nogenotype/data/processed_data_v2/sensitivity_analysis/cliquesnv/TF002_T10/PRJNA1130896/SRR29692873/SRR29692873.json,/root/autodl-tmp/RSV-A-v_nogenotype/data/processed_data_v2/sensitivity_analysis/cliquesnv/TF002_T10/PRJNA1130896/SRR29692873/cliquesnv.log,PRJNA1130896,United States,TF002_T10,0.02,10
SRR29679854,cached,0.0,/root/autodl-tmp/RSV-A-v_nogenotype/data/processed_data_v2/sensitivity_analysis/cliquesnv/TF002_T10/PRJNA1130896/SRR29679854/SRR29679854.fasta,/root/autodl-tmp/RSV-A-v_nogenotype/data/processed_data_v2/sensitivity_analysis/cliquesnv/TF002_T10/PRJNA1130896/SRR29679854/SRR29679854.json,/root/autodl-tmp/RSV-A-v_nogenotype/data/processed_data_v2/sensitivity_analysis/cliquesnv/TF002_T10/PRJNA1130896/SRR29679854/cliquesnv.log,PRJNA1130896,United States,TF002_T10,0.02,10
SRR29692854,cached,0.0,/root/autodl-tmp/RSV-A-v_nogenotype/data/processed_data_v2/sensitivity_analysis/cliquesnv/TF002_T10/PRJNA1130896/SRR29692854/SRR29692854.fasta,/root/autodl-tmp/RSV-A-v_nogenotype/data/processed_data_v2/sensitivity_analysis/cliquesnv/TF002_T10/PRJNA1130896/SRR29692854/SRR29692854.json,/root/autodl-tmp/RSV-A-v_nogenotype/data/processed_data_v2/sensitivity_analysis/cliquesnv/TF002_T10/PRJNA1130896/SRR29692854/cliquesnv.log,PRJNA1130896,United States,TF002_T10,0.02,10
SRR29692857,cached,0.0,/root/autodl-tmp/RSV-A-v_nogenotype/data/processed_data_v2/sensitivity_analysis/cliquesnv/TF002_T10/PRJNA1130896/SRR29692857/SRR29692857.fasta,/root/autodl-tmp/RSV-A-v_nogenotype/data/processed_data_v2/sensitivity_analysis/cliquesnv/TF002_T10/PRJNA1130896/SRR29692857/SRR29692857.json,/root/autodl-tmp/RSV-A-v_nogenotype/data/processed_data_v2/sensitivity_analysis/cliquesnv/TF002_T10/PRJNA1130896/SRR29692857/cliquesnv.log,PRJNA1130896,United States,TF002_T10,0.02,10
SRR29679851,cached,0.0,/root/autodl-tmp/RSV-A-v_nogenotype/data/processed_data_v2/sensitivity_analysis/cliquesnv/TF002_T10/PRJNA1130896/SRR29679851/SRR29679851.fasta,/root/autodl-tmp/RSV-A-v_nogenotype/data/processed_data_v2/sensitivity_analysis/cliquesnv/TF002_T10/PRJNA1130896/SRR29679851/SRR29679851.json,/root/autodl-tmp/RSV-A-v_nogenotype/data/processed_data_v2/sensitivity_analysis/cliquesnv/TF002_T10/PRJNA1130896/SRR29679851/cliquesnv.log,PRJNA1130896,United States,TF002_T10,0.02,10
SRR29692865,cached,0.0,/root/autodl-tmp/RSV-A-v_nogenotype/data/processed_data_v2/sensitivity_analysis/cliquesnv/TF002_T10/PRJNA1130896/SRR29692865/SRR29692865.fasta,/root/autodl-tmp/RSV-A-v_nogenotype/data/processed_data_v2/sensitivity_analysis/cliquesnv/TF002_T10/PRJNA1130896/SRR29692865/SRR29692865.json,/root/autodl-tmp/RSV-A-v_nogenotype/data/processed_data_v2/sensitivity_analysis/cliquesnv/TF002_T10/PRJNA1130896/SRR29692865/cliquesnv.log,PRJNA1130896,United States,TF002_T10,0.02,10
SRR29692881,cached,0.0,/root/autodl-tmp/RSV-A-v_nogenotype/data/processed_data_v2/sensitivity_analysis/cliquesnv/TF002_T10/PRJNA1130896/SRR29692881/SRR29692881.fasta,/root/autodl-tmp/RSV-A-v_nogenotype/data/processed_data_v2/sensitivity_analysis/cliquesnv/TF002_T10/PRJNA1130896/SRR29692881/SRR29692881.json,/root/autodl-tmp/RSV-A-v_nogenotype/data/processed_data_v2/sensitivity_analysis/cliquesnv/TF002_T10/PRJNA1130896/SRR29692881/cliquesnv.log,PRJNA1130896,United States,TF002_T10,0.02,10
SRR29692880,cached,0.0,/root/autodl-tmp/RSV-A-v_nogenotype/data/processed_data_v2/sensitivity_analysis/cliquesnv/TF002_T10/PRJNA1130896/SRR29692880/SRR29692880.fasta,/root/autodl-tmp/RSV-A-v_nogenotype/data/processed_data_v2/sensitivity_analysis/cliquesnv/TF002_T10/PRJNA1130896/SRR29692880/SRR29692880.json,/root/autodl-tmp/RSV-A-v_nogenotype/data/processed_data_v2/sensitivity_analysis/cliquesnv/TF002_T10/PRJNA1130896/SRR29692880/cliquesnv.log,PRJNA1130896,United States,TF002_T10,0.02,10
SRR29692875,cached,0.0,/root/autodl-tmp/RSV-A-v_nogenotype/data/processed_data_v2/sensitivity_analysis/cliquesnv/TF002_T10/PRJNA1130896/SRR29692875/SRR29692875.fasta,/root/autodl-tmp/RSV-A-v_nogenotype/data/processed_data_v2/sensitivity_analysis/cliquesnv/TF002_T10/PRJNA1130896/SRR29692875/SRR29692875.json,/root/autodl-tmp/RSV-A-v_nogenotype/data/processed_data_v2/sensitivity_analysis/cliquesnv/TF002_T10/PRJNA1130896/SRR29692875/cliquesnv.log,PRJNA1130896,United States,TF002_T10,0.02,10
SRR29692933,cached,0.0,/root/autodl-tmp/RSV-A-v_nogenotype/data/processed_data_v2/sensitivity_analysis/cliquesnv/TF002_T10/PRJNA1130896/SRR29692933/SRR29692933.fasta,/root/autodl-tmp/RSV-A-v_nogenotype/data/processed_data_v2/sensitivity_analysis/cliquesnv/TF002_T10/PRJNA1130896/SRR29692933/SRR29692933.json,/root/autodl-tmp/RSV-A-v_nogenotype/data/processed_data_v2/sensitivity_analysis/cliquesnv/TF002_T10/PRJNA1130896/SRR29692933/cliquesnv.log,PRJNA1130896,United States,TF002_T10,0.02,10
SRR29679844,cached,0.0,/root/autodl-tmp/RSV-A-v_nogenotype/data/processed_data_v2/sensitivity_analysis/cliquesnv/TF002_T10/PRJNA1130896/SRR29679844/SRR29679844.fasta,/root/autodl-tmp/RSV-A-v_nogenotype/data/processed_data_v2/sensitivity_analysis/cliquesnv/TF002_T10/PRJNA1130896/SRR29679844/SRR29679844.json,/root/autodl-tmp/RSV-A-v_nogenotype/data/processed_data_v2/sensitivity_analysis/cliquesnv/TF002_T10/PRJNA1130896/SRR29679844/cliquesnv.log,PRJNA1130896,United States,TF002_T10,0.02,10
SRR29692936,cached,0.0,/root/autodl-tmp/RSV-A-v_nogenotype/data/processed_data_v2/sensitivity_analysis/cliquesnv/TF002_T10/PRJNA1130896/SRR29692936/SRR29692936.fasta,/root/autodl-tmp/RSV-A-v_nogenotype/data/processed_data_v2/sensitivity_analysis/cliquesnv/TF002_T10/PRJNA1130896/SRR29692936/SRR29692936.json,/root/autodl-tmp/RSV-A-v_nogenotype/data/processed_data_v2/sensitivity_analysis/cliquesnv/TF002_T10/PRJNA1130896/SRR29692936/cliquesnv.log,PRJNA1130896,United States,TF002_T10,0.02,10
SRR29692887,cached,0.0,/root/autodl-tmp/RSV-A-v_nogenotype/data/processed_data_v2/sensitivity_analysis/cliquesnv/TF002_T10/PRJNA1130896/SRR29692887/SRR29692887.fasta,/root/autodl-tmp/RSV-A-v_nogenotype/data/processed_data_v2/sensitivity_analysis/cliquesnv/TF002_T10/PRJNA1130896/SRR29692887/SRR29692887.json,/root/autodl-tmp/RSV-A-v_nogenotype/data/processed_data_v2/sensitivity_analysis/cliquesnv/TF002_T10/PRJNA1130896/SRR29692887/cliquesnv.log,PRJNA1130896,United States,TF002_T10,0.02,10
SRR29692941,cached,0.0,/root/autodl-tmp/RSV-A-v_nogenotype/data/processed_data_v2/sensitivity_analysis/cliquesnv/TF002_T10/PRJNA1130896/SRR29692941/SRR29692941.fasta,/root/autodl-tmp/RSV-A-v_nogenotype/data/processed_data_v2/sensitivity_analysis/cliquesnv/TF002_T10/PRJNA1130896/SRR29692941/SRR29692941.json,/root/autodl-tmp/RSV-A-v_nogenotype/data/processed_data_v2/sensitivity_analysis/cliquesnv/TF002_T10/PRJNA1130896/SRR29692941/cliquesnv.log,PRJNA1130896,United States,TF002_T10,0.02,10
SRR29692935,cached,0.0,/root/autodl-tmp/RSV-A-v_nogenotype/data/processed_data_v2/sensitivity_analysis/cliquesnv/TF002_T10/PRJNA1130896/SRR29692935/SRR29692935.fasta,/root/autodl-tmp/RSV-A-v_nogenotype/data/processed_data_v2/sensitivity_analysis/cliquesnv/TF002_T10/PRJNA1130896/SRR29692935/SRR29692935.json,/root/autodl-tmp/RSV-A-v_nogenotype/data/processed_data_v2/sensitivity_analysis/cliquesnv/TF002_T10/PRJNA1130896/SRR29692935/cliquesnv.log,PRJNA1130896,United States,TF002_T10,0.02,10
SRR29692965,cached,0.0,/root/autodl-tmp/RSV-A-v_nogenotype/data/processed_data_v2/sensitivity_analysis/cliquesnv/TF002_T10/PRJNA1130896/SRR29692965/SRR29692965.fasta,/root/autodl-tmp/RSV-A-v_nogenotype/data/processed_data_v2/sensitivity_analysis/cliquesnv/TF002_T10/PRJNA1130896/SRR29692965/SRR29692965.json,/root/autodl-tmp/RSV-A-v_nogenotype/data/processed_data_v2/sensitivity_analysis/cliquesnv/TF002_T10/PRJNA1130896/SRR29692965/cliquesnv.log,PRJNA1130896,United States,TF002_T10,0.02,10
SRR29692943,cached,0.0,/root/autodl-tmp/RSV-A-v_nogenotype/data/processed_data_v2/sensitivity_analysis/cliquesnv/TF002_T10/PRJNA1130896/SRR29692943/SRR29692943.fasta,/root/autodl-tmp/RSV-A-v_nogenotype/data/processed_data_v2/sensitivity_analysis/cliquesnv/TF002_T10/PRJNA1130896/SRR29692943/SRR29692943.json,/root/autodl-tmp/RSV-A-v_nogenotype/data/processed_data_v2/sensitivity_analysis/cliquesnv/TF002_T10/PRJNA1130896/SRR29692943/cliquesnv.log,PRJNA1130896,United States,TF002_T10,0.02,10
SRR29692884,cached,0.0,/root/autodl-tmp/RSV-A-v_nogenotype/data/processed_data_v2/sensitivity_analysis/cliquesnv/TF002_T10/PRJNA1130896/SRR29692884/SRR29692884.fasta,/root/autodl-tmp/RSV-A-v_nogenotype/data/processed_data_v2/sensitivity_analysis/cliquesnv/TF002_T10/PRJNA1130896/SRR29692884/SRR29692884.json,/root/autodl-tmp/RSV-A-v_nogenotype/data/processed_data_v2/sensitivity_analysis/cliquesnv/TF002_T10/PRJNA1130896/SRR29692884/cliquesnv.log,PRJNA1130896,United States,TF002_T10,0.02,10
SRR29692974,cached,0.0,/root/autodl-tmp/RSV-A-v_nogenotype/data/processed_data_v2/sensitivity_analysis/cliquesnv/TF002_T10/PRJNA1130896/SRR29692974/SRR29692974.fasta,/root/autodl-tmp/RSV-A-v_nogenotype/data/processed_data_v2/sensitivity_analysis/cliquesnv/TF002_T10/PRJNA1130896/SRR29692974/SRR29692974.json,/root/autodl-tmp/RSV-A-v_nogenotype/data/processed_data_v2/sensitivity_analysis/cliquesnv/TF002_T10/PRJNA1130896/SRR29692974/cliquesnv.log,PRJNA1130896,United States,TF002_T10,0.02,10
SRR29692975,cached,0.0,/root/autodl-tmp/RSV-A-v_nogenotype/data/processed_data_v2/sensitivity_analysis/cliquesnv/TF002_T10/PRJNA1130896/SRR29692975/SRR29692975.fasta,/root/autodl-tmp/RSV-A-v_nogenotype/data/processed_data_v2/sensitivity_analysis/cliquesnv/TF002_T10/PRJNA1130896/SRR29692975/SRR29692975.json,/root/autodl-tmp/RSV-A-v_nogenotype/data/processed_data_v2/sensitivity_analysis/cliquesnv/TF002_T10/PRJNA1130896/SRR29692975/cliquesnv.log,PRJNA1130896,United States,TF002_T10,0.02,10
SRR29692928,cached,0.0,/root/autodl-tmp/RSV-A-v_nogenotype/data/processed_data_v2/sensitivity_analysis/cliquesnv/TF002_T10/PRJNA1130896/SRR29692928/SRR29692928.fasta,/root/autodl-tmp/RSV-A-v_nogenotype/data/processed_data_v2/sensitivity_analysis/cliquesnv/TF002_T10/PRJNA1130896/SRR29692928/SRR29692928.json,/root/autodl-tmp/RSV-A-v_nogenotype/data/processed_data_v2/sensitivity_analysis/cliquesnv/TF002_T10/PRJNA1130896/SRR29692928/cliquesnv.log,PRJNA1130896,United States,TF002_T10,0.02,10
SRR29692982,cached,0.0,/root/autodl-tmp/RSV-A-v_nogenotype/data/processed_data_v2/sensitivity_analysis/cliquesnv/TF002_T10/PRJNA1130896/SRR29692982/SRR29692982.fasta,/root/autodl-tmp/RSV-A-v_nogenotype/data/processed_data_v2/sensitivity_analysis/cliquesnv/TF002_T10/PRJNA1130896/SRR29692982/SRR29692982.json,/root/autodl-tmp/RSV-A-v_nogenotype/data/processed_data_v2/sensitivity_analysis/cliquesnv/TF002_T10/PRJNA1130896/SRR29692982/cliquesnv.log,PRJNA1130896,United States,TF002_T10,0.02,10
SRR29692926,cached,0.0,/root/autodl-tmp/RSV-A-v_nogenotype/data/processed_data_v2/sensitivity_analysis/cliquesnv/TF002_T10/PRJNA1130896/SRR29692926/SRR29692926.fasta,/root/autodl-tmp/RSV-A-v_nogenotype/data/processed_data_v2/sensitivity_analysis/cliquesnv/TF002_T10/PRJNA1130896/SRR29692926/SRR29692926.json,/root/autodl-tmp/RSV-A-v_nogenotype/data/processed_data_v2/sensitivity_analysis/cliquesnv/TF002_T10/PRJNA1130896/SRR29692926/cliquesnv.log,PRJNA1130896,United States,TF002_T10,0.02,10
SRR29692977,cached,0.0,/root/autodl-tmp/RSV-A-v_nogenotype/data/processed_data_v2/sensitivity_analysis/cliquesnv/TF002_T10/PRJNA1130896/SRR29692977/SRR29692977.fasta,/root/autodl-tmp/RSV-A-v_nogenotype/data/processed_data_v2/sensitivity_analysis/cliquesnv/TF002_T10/PRJNA1130896/SRR29692977/SRR29692977.json,/root/autodl-tmp/RSV-A-v_nogenotype/data/processed_data_v2/sensitivity_analysis/cliquesnv/TF002_T10/PRJNA1130896/SRR29692977/cliquesnv.log,PRJNA1130896,United States,TF002_T10,0.02,10
SRR29692989,cached,0.0,/root/autodl-tmp/RSV-A-v_nogenotype/data/processed_data_v2/sensitivity_analysis/cliquesnv/TF002_T10/PRJNA1130896/SRR29692989/SRR29692989.fasta,/root/autodl-tmp/RSV-A-v_nogenotype/data/processed_data_v2/sensitivity_analysis/cliquesnv/TF002_T10/PRJNA1130896/SRR29692989/SRR29692989.json,/root/autodl-tmp/RSV-A-v_nogenotype/data/processed_data_v2/sensitivity_analysis/cliquesnv/TF002_T10/PRJNA1130896/SRR29692989/cliquesnv.log,PRJNA1130896,United States,TF002_T10,0.02,10
SRR29692984,cached,0.0,/root/autodl-tmp/RSV-A-v_nogenotype/data/processed_data_v2/sensitivity_analysis/cliquesnv/TF002_T10/PRJNA1130896/SRR29692984/SRR29692984.fasta,/root/autodl-tmp/RSV-A-v_nogenotype/data/processed_data_v2/sensitivity_analysis/cliquesnv/TF002_T10/PRJNA1130896/SRR29692984/SRR29692984.json,/root/autodl-tmp/RSV-A-v_nogenotype/data/processed_data_v2/sensitivity_analysis/cliquesnv/TF002_T10/PRJNA1130896/SRR29692984/cliquesnv.log,PRJNA1130896,United States,TF002_T10,0.02,10
SRR29692985,cached,0.0,/root/autodl-tmp/RSV-A-v_nogenotype/data/processed_data_v2/sensitivity_analysis/cliquesnv/TF002_T10/PRJNA1130896/SRR29692985/SRR29692985.fasta,/root/autodl-tmp/RSV-A-v_nogenotype/data/processed_data_v2/sensitivity_analysis/cliquesnv/TF002_T10/PRJNA1130896/SRR29692985/SRR29692985.json,/root/autodl-tmp/RSV-A-v_nogenotype/data/processed_data_v2/sensitivity_analysis/cliquesnv/TF002_T10/PRJNA1130896/SRR29692985/cliquesnv.log,PRJNA1130896,United States,TF002_T10,0.02,10
SRR29692929,cached,0.0,/root/autodl-tmp/RSV-A-v_nogenotype/data/processed_data_v2/sensitivity_analysis/cliquesnv/TF002_T10/PRJNA1130896/SRR29692929/SRR29692929.fasta,/root/autodl-tmp/RSV-A-v_nogenotype/data/processed_data_v2/sensitivity_analysis/cliquesnv/TF002_T10/PRJNA1130896/SRR29692929/SRR29692929.json,/root/autodl-tmp/RSV-A-v_nogenotype/data/processed_data_v2/sensitivity_analysis/cliquesnv/TF002_T10/PRJNA1130896/SRR29692929/cliquesnv.log,PRJNA1130896,United States,TF002_T10,0.02,10
SRR29693058,cached,0.0,/root/autodl-tmp/RSV-A-v_nogenotype/data/processed_data_v2/sensitivity_analysis/cliquesnv/TF002_T10/PRJNA1130896/SRR29693058/SRR29693058.fasta,/root/autodl-tmp/RSV-A-v_nogenotype/data/processed_data_v2/sensitivity_analysis/cliquesnv/TF002_T10/PRJNA1130896/SRR29693058/SRR29693058.json,/root/autodl-tmp/RSV-A-v_nogenotype/data/processed_data_v2/sensitivity_analysis/cliquesnv/TF002_T10/PRJNA1130896/SRR29693058/cliquesnv.log,PRJNA1130896,United States,TF002_T10,0.02,10
SRR29692967,cached,0.0,/root/autodl-tmp/RSV-A-v_nogenotype/data/processed_data_v2/sensitivity_analysis/cliquesnv/TF002_T10/PRJNA1130896/SRR29692967/SRR29692967.fasta,/root/autodl-tmp/RSV-A-v_nogenotype/data/processed_data_v2/sensitivity_analysis/cliquesnv/TF002_T10/PRJNA1130896/SRR29692967/SRR29692967.json,/root/autodl-tmp/RSV-A-v_nogenotype/data/processed_data_v2/sensitivity_analysis/cliquesnv/TF002_T10/PRJNA1130896/SRR29692967/cliquesnv.log,PRJNA1130896,United States,TF002_T10,0.02,10
SRR29692981,cached,0.0,/root/autodl-tmp/RSV-A-v_nogenotype/data/processed_data_v2/sensitivity_analysis/cliquesnv/TF002_T10/PRJNA1130896/SRR29692981/SRR29692981.fasta,/root/autodl-tmp/RSV-A-v_nogenotype/data/processed_data_v2/sensitivity_analysis/cliquesnv/TF002_T10/PRJNA1130896/SRR29692981/SRR29692981.json,/root/autodl-tmp/RSV-A-v_nogenotype/data/processed_data_v2/sensitivity_analysis/cliquesnv/TF002_T10/PRJNA1130896/SRR29692981/cliquesnv.log,PRJNA1130896,United States,TF002_T10,0.02,10
SRR29692991,cached,0.0,/root/autodl-tmp/RSV-A-v_nogenotype/data/processed_data_v2/sensitivity_analysis/cliquesnv/TF002_T10/PRJNA1130896/SRR29692991/SRR29692991.fasta,/root/autodl-tmp/RSV-A-v_nogenotype/data/processed_data_v2/sensitivity_analysis/cliquesnv/TF002_T10/PRJNA1130896/SRR29692991/SRR29692991.json,/root/autodl-tmp/RSV-A-v_nogenotype/data/processed_data_v2/sensitivity_analysis/cliquesnv/TF002_T10/PRJNA1130896/SRR29692991/cliquesnv.log,PRJNA1130896,United States,TF002_T10,0.02,10
SRR29692889,cached,0.0,/root/autodl-tmp/RSV-A-v_nogenotype/data/processed_data_v2/sensitivity_analysis/cliquesnv/TF002_T10/PRJNA1130896/SRR29692889/SRR29692889.fasta,/root/autodl-tmp/RSV-A-v_nogenotype/data/processed_data_v2/sensitivity_analysis/cliquesnv/TF002_T10/PRJNA1130896/SRR29692889/SRR29692889.json,/root/autodl-tmp/RSV-A-v_nogenotype/data/processed_data_v2/sensitivity_analysis/cliquesnv/TF002_T10/PRJNA1130896/SRR29692889/cliquesnv.log,PRJNA1130896,United States,TF002_T10,0.02,10
SRR29693057,cached,0.0,/root/autodl-tmp/RSV-A-v_nogenotype/data/processed_data_v2/sensitivity_analysis/cliquesnv/TF002_T10/PRJNA1130896/SRR29693057/SRR29693057.fasta,/root/autodl-tmp/RSV-A-v_nogenotype/data/processed_data_v2/sensitivity_analysis/cliquesnv/TF002_T10/PRJNA1130896/SRR29693057/SRR29693057.json,/root/autodl-tmp/RSV-A-v_nogenotype/data/processed_data_v2/sensitivity_analysis/cliquesnv/TF002_T10/PRJNA1130896/SRR29693057/cliquesnv.log,PRJNA1130896,United States,TF002_T10,0.02,10
SRR29693059,cached,0.0,/root/autodl-tmp/RSV-A-v_nogenotype/data/processed_data_v2/sensitivity_analysis/cliquesnv/TF002_T10/PRJNA1130896/SRR29693059/SRR29693059.fasta,/root/autodl-tmp/RSV-A-v_nogenotype/data/processed_data_v2/sensitivity_analysis/cliquesnv/TF002_T10/PRJNA1130896/SRR29693059/SRR29693059.json,/root/autodl-tmp/RSV-A-v_nogenotype/data/processed_data_v2/sensitivity_analysis/cliquesnv/TF002_T10/PRJNA1130896/SRR29693059/cliquesnv.log,PRJNA1130896,United States,TF002_T10,0.02,10
SRR29692998,cached,0.0,/root/autodl-tmp/RSV-A-v_nogenotype/data/processed_data_v2/sensitivity_analysis/cliquesnv/TF002_T10/PRJNA1130896/SRR29692998/SRR29692998.fasta,/root/autodl-tmp/RSV-A-v_nogenotype/data/processed_data_v2/sensitivity_analysis/cliquesnv/TF002_T10/PRJNA1130896/SRR29692998/SRR29692998.json,/root/autodl-tmp/RSV-A-v_nogenotype/data/processed_data_v2/sensitivity_analysis/cliquesnv/TF002_T10/PRJNA1130896/SRR29692998/cliquesnv.log,PRJNA1130896,United States,TF002_T10,0.02,10
SRR29692939,cached,0.0,/root/autodl-tmp/RSV-A-v_nogenotype/data/processed_data_v2/sensitivity_analysis/cliquesnv/TF002_T10/PRJNA1130896/SRR29692939/SRR29692939.fasta,/root/autodl-tmp/RSV-A-v_nogenotype/data/processed_data_v2/sensitivity_analysis/cliquesnv/TF002_T10/PRJNA1130896/SRR29692939/SRR29692939.json,/root/autodl-tmp/RSV-A-v_nogenotype/data/processed_data_v2/sensitivity_analysis/cliquesnv/TF002_T10/PRJNA1130896/SRR29692939/cliquesnv.log,PRJNA1130896,United States,TF002_T10,0.02,10
SRR29693060,cached,0.0,/root/autodl-tmp/RSV-A-v_nogenotype/data/processed_data_v2/sensitivity_analysis/cliquesnv/TF002_T10/PRJNA1130896/SRR29693060/SRR29693060.fasta,/root/autodl-tmp/RSV-A-v_nogenotype/data/processed_data_v2/sensitivity_analysis/cliquesnv/TF002_T10/PRJNA1130896/SRR29693060/SRR29693060.json,/root/autodl-tmp/RSV-A-v_nogenotype/data/processed_data_v2/sensitivity_analysis/cliquesnv/TF002_T10/PRJNA1130896/SRR29693060/cliquesnv.log,PRJNA1130896,United States,TF002_T10,0.02,10
SRR26779981,cached,0.0,/root/autodl-tmp/RSV-A-v_nogenotype/data/processed_data_v2/sensitivity_analysis/cliquesnv/TF005_T10/PRJNA1037681/SRR26779981/SRR26779981.fasta,/root/autodl-tmp/RSV-A-v_nogenotype/data/processed_data_v2/sensitivity_analysis/cliquesnv/TF005_T10/PRJNA1037681/SRR26779981/SRR26779981.json,/root/autodl-tmp/RSV-A-v_nogenotype/data/processed_data_v2/sensitivity_analysis/cliquesnv/TF005_T10/PRJNA1037681/SRR26779981/cliquesnv.log,PRJNA1037681,Australia,TF005_T10,0.05,10
SRR26779973,cached,0.0,/root/autodl-tmp/RSV-A-v_nogenotype/data/processed_data_v2/sensitivity_analysis/cliquesnv/TF005_T10/PRJNA1037681/SRR26779973/SRR26779973.fasta,/root/autodl-tmp/RSV-A-v_nogenotype/data/processed_data_v2/sensitivity_analysis/cliquesnv/TF005_T10/PRJNA1037681/SRR26779973/SRR26779973.json,/root/autodl-tmp/RSV-A-v_nogenotype/data/processed_data_v2/sensitivity_analysis/cliquesnv/TF005_T10/PRJNA1037681/SRR26779973/cliquesnv.log,PRJNA1037681,Australia,TF005_T10,0.05,10
SRR26780033,cached,0.0,/root/autodl-tmp/RSV-A-v_nogenotype/data/processed_data_v2/sensitivity_analysis/cliquesnv/TF005_T10/PRJNA1037681/SRR26780033/SRR26780033.fasta,/root/autodl-tmp/RSV-A-v_nogenotype/data/processed_data_v2/sensitivity_analysis/cliquesnv/TF005_T10/PRJNA1037681/SRR26780033/SRR26780033.json,/root/autodl-tmp/RSV-A-v_nogenotype/data/processed_data_v2/sensitivity_analysis/cliquesnv/TF005_T10/PRJNA1037681/SRR26780033/cliquesnv.log,PRJNA1037681,Australia,TF005_T10,0.05,10
SRR26780067,cached,0.0,/root/autodl-tmp/RSV-A-v_nogenotype/data/processed_data_v2/sensitivity_analysis/cliquesnv/TF005_T10/PRJNA1037681/SRR26780067/SRR26780067.fasta,/root/autodl-tmp/RSV-A-v_nogenotype/data/processed_data_v2/sensitivity_analysis/cliquesnv/TF005_T10/PRJNA1037681/SRR26780067/SRR26780067.json,/root/autodl-tmp/RSV-A-v_nogenotype/data/processed_data_v2/sensitivity_analysis/cliquesnv/TF005_T10/PRJNA1037681/SRR26780067/cliquesnv.log,PRJNA1037681,Australia,TF005_T10,0.05,10
SRR26779976,cached,0.0,/root/autodl-tmp/RSV-A-v_nogenotype/data/processed_data_v2/sensitivity_analysis/cliquesnv/TF005_T10/PRJNA1037681/SRR26779976/SRR26779976.fasta,/root/autodl-tmp/RSV-A-v_nogenotype/data/processed_data_v2/sensitivity_analysis/cliquesnv/TF005_T10/PRJNA1037681/SRR26779976/SRR26779976.json,/root/autodl-tmp/RSV-A-v_nogenotype/data/processed_data_v2/sensitivity_analysis/cliquesnv/TF005_T10/PRJNA1037681/SRR26779976/cliquesnv.log,PRJNA1037681,Australia,TF005_T10,0.05,10
SRR26780050,cached,0.0,/root/autodl-tmp/RSV-A-v_nogenotype/data/processed_data_v2/sensitivity_analysis/cliquesnv/TF005_T10/PRJNA1037681/SRR26780050/SRR26780050.fasta,/root/autodl-tmp/RSV-A-v_nogenotype/data/processed_data_v2/sensitivity_analysis/cliquesnv/TF005_T10/PRJNA1037681/SRR26780050/SRR26780050.json,/root/autodl-tmp/RSV-A-v_nogenotype/data/processed_data_v2/sensitivity_analysis/cliquesnv/TF005_T10/PRJNA1037681/SRR26780050/cliquesnv.log,PRJNA1037681,Australia,TF005_T10,0.05,10
SRR26779994,cached,0.0,/root/autodl-tmp/RSV-A-v_nogenotype/data/processed_data_v2/sensitivity_analysis/cliquesnv/TF005_T10/PRJNA1037681/SRR26779994/SRR26779994.fasta,/root/autodl-tmp/RSV-A-v_nogenotype/data/processed_data_v2/sensitivity_analysis/cliquesnv/TF005_T10/PRJNA1037681/SRR26779994/SRR26779994.json,/root/autodl-tmp/RSV-A-v_nogenotype/data/processed_data_v2/sensitivity_analysis/cliquesnv/TF005_T10/PRJNA1037681/SRR26779994/cliquesnv.log,PRJNA1037681,Australia,TF005_T10,0.05,10
SRR26780044,cached,0.0,/root/autodl-tmp/RSV-A-v_nogenotype/data/processed_data_v2/sensitivity_analysis/cliquesnv/TF005_T10/PRJNA1037681/SRR26780044/SRR26780044.fasta,/root/autodl-tmp/RSV-A-v_nogenotype/data/processed_data_v2/sensitivity_analysis/cliquesnv/TF005_T10/PRJNA1037681/SRR26780044/SRR26780044.json,/root/autodl-tmp/RSV-A-v_nogenotype/data/processed_data_v2/sensitivity_analysis/cliquesnv/TF005_T10/PRJNA1037681/SRR26780044/cliquesnv.log,PRJNA1037681,Australia,TF005_T10,0.05,10
SRR26779971,cached,0.0,/root/autodl-tmp/RSV-A-v_nogenotype/data/processed_data_v2/sensitivity_analysis/cliquesnv/TF005_T10/PRJNA1037681/SRR26779971/SRR26779971.fasta,/root/autodl-tmp/RSV-A-v_nogenotype/data/processed_data_v2/sensitivity_analysis/cliquesnv/TF005_T10/PRJNA1037681/SRR26779971/SRR26779971.json,/root/autodl-tmp/RSV-A-v_nogenotype/data/processed_data_v2/sensitivity_analysis/cliquesnv/TF005_T10/PRJNA1037681/SRR26779971/cliquesnv.log,PRJNA1037681,Australia,TF005_T10,0.05,10
SRR26779989,cached,0.0,/root/autodl-tmp/RSV-A-v_nogenotype/data/processed_data_v2/sensitivity_analysis/cliquesnv/TF005_T10/PRJNA1037681/SRR26779989/SRR26779989.fasta,/root/autodl-tmp/RSV-A-v_nogenotype/data/processed_data_v2/sensitivity_analysis/cliquesnv/TF005_T10/PRJNA1037681/SRR26779989/SRR26779989.json,/root/autodl-tmp/RSV-A-v_nogenotype/data/processed_data_v2/sensitivity_analysis/cliquesnv/TF005_T10/PRJNA1037681/SRR26779989/cliquesnv.log,PRJNA1037681,Australia,TF005_T10,0.05,10
SRR26780042,cached,0.0,/root/autodl-tmp/RSV-A-v_nogenotype/data/processed_data_v2/sensitivity_analysis/cliquesnv/TF005_T10/PRJNA1037681/SRR26780042/SRR26780042.fasta,/root/autodl-tmp/RSV-A-v_nogenotype/data/processed_data_v2/sensitivity_analysis/cliquesnv/TF005_T10/PRJNA1037681/SRR26780042/SRR26780042.json,/root/autodl-tmp/RSV-A-v_nogenotype/data/processed_data_v2/sensitivity_analysis/cliquesnv/TF005_T10/PRJNA1037681/SRR26780042/cliquesnv.log,PRJNA1037681,Australia,TF005_T10,0.05,10
SRR26779980,cached,0.0,/root/autodl-tmp/RSV-A-v_nogenotype/data/processed_data_v2/sensitivity_analysis/cliquesnv/TF005_T10/PRJNA1037681/SRR26779980/SRR26779980.fasta,/root/autodl-tmp/RSV-A-v_nogenotype/data/processed_data_v2/sensitivity_analysis/cliquesnv/TF005_T10/PRJNA1037681/SRR26779980/SRR26779980.json,/root/autodl-tmp/RSV-A-v_nogenotype/data/processed_data_v2/sensitivity_analysis/cliquesnv/TF005_T10/PRJNA1037681/SRR26779980/cliquesnv.log,PRJNA1037681,Australia,TF005_T10,0.05,10
SRR26780048,cached,0.0,/root/autodl-tmp/RSV-A-v_nogenotype/data/processed_data_v2/sensitivity_analysis/cliquesnv/TF005_T10/PRJNA1037681/SRR26780048/SRR26780048.fasta,/root/autodl-tmp/RSV-A-v_nogenotype/data/processed_data_v2/sensitivity_analysis/cliquesnv/TF005_T10/PRJNA1037681/SRR26780048/SRR26780048.json,/root/autodl-tmp/RSV-A-v_nogenotype/data/processed_data_v2/sensitivity_analysis/cliquesnv/TF005_T10/PRJNA1037681/SRR26780048/cliquesnv.log,PRJNA1037681,Australia,TF005_T10,0.05,10
SRR26780034,cached,0.0,/root/autodl-tmp/RSV-A-v_nogenotype/data/processed_data_v2/sensitivity_analysis/cliquesnv/TF005_T10/PRJNA1037681/SRR26780034/SRR26780034.fasta,/root/autodl-tmp/RSV-A-v_nogenotype/data/processed_data_v2/sensitivity_analysis/cliquesnv/TF005_T10/PRJNA1037681/SRR26780034/SRR26780034.json,/root/autodl-tmp/RSV-A-v_nogenotype/data/processed_data_v2/sensitivity_analysis/cliquesnv/TF005_T10/PRJNA1037681/SRR26780034/cliquesnv.log,PRJNA1037681,Australia,TF005_T10,0.05,10
SRR26780110,cached,0.0,/root/autodl-tmp/RSV-A-v_nogenotype/data/processed_data_v2/sensitivity_analysis/cliquesnv/TF005_T10/PRJNA1037681/SRR26780110/SRR26780110.fasta,/root/autodl-tmp/RSV-A-v_nogenotype/data/processed_data_v2/sensitivity_analysis/cliquesnv/TF005_T10/PRJNA1037681/SRR26780110/SRR26780110.json,/root/autodl-tmp/RSV-A-v_nogenotype/data/processed_data_v2/sensitivity_analysis/cliquesnv/TF005_T10/PRJNA1037681/SRR26780110/cliquesnv.log,PRJNA1037681,Australia,TF005_T10,0.05,10
SRR26779985,cached,0.0,/root/autodl-tmp/RSV-A-v_nogenotype/data/processed_data_v2/sensitivity_analysis/cliquesnv/TF005_T10/PRJNA1037681/SRR26779985/SRR26779985.fasta,/root/autodl-tmp/RSV-A-v_nogenotype/data/processed_data_v2/sensitivity_analysis/cliquesnv/TF005_T10/PRJNA1037681/SRR26779985/SRR26779985.json,/root/autodl-tmp/RSV-A-v_nogenotype/data/processed_data_v2/sensitivity_analysis/cliquesnv/TF005_T10/PRJNA1037681/SRR26779985/cliquesnv.log,PRJNA1037681,Australia,TF005_T10,0.05,10
SRR26780115,cached,0.0,/root/autodl-tmp/RSV-A-v_nogenotype/data/processed_data_v2/sensitivity_analysis/cliquesnv/TF005_T10/PRJNA1037681/SRR26780115/SRR26780115.fasta,/root/autodl-tmp/RSV-A-v_nogenotype/data/processed_data_v2/sensitivity_analysis/cliquesnv/TF005_T10/PRJNA1037681/SRR26780115/SRR26780115.json,/root/autodl-tmp/RSV-A-v_nogenotype/data/processed_data_v2/sensitivity_analysis/cliquesnv/TF005_T10/PRJNA1037681/SRR26780115/cliquesnv.log,PRJNA1037681,Australia,TF005_T10,0.05,10
SRR26779974,cached,0.0,/root/autodl-tmp/RSV-A-v_nogenotype/data/processed_data_v2/sensitivity_analysis/cliquesnv/TF005_T10/PRJNA1037681/SRR26779974/SRR26779974.fasta,/root/autodl-tmp/RSV-A-v_nogenotype/data/processed_data_v2/sensitivity_analysis/cliquesnv/TF005_T10/PRJNA1037681/SRR26779974/SRR26779974.json,/root/autodl-tmp/RSV-A-v_nogenotype/data/processed_data_v2/sensitivity_analysis/cliquesnv/TF005_T10/PRJNA1037681/SRR26779974/cliquesnv.log,PRJNA1037681,Australia,TF005_T10,0.05,10
SRR26780112,cached,0.0,/root/autodl-tmp/RSV-A-v_nogenotype/data/processed_data_v2/sensitivity_analysis/cliquesnv/TF005_T10/PRJNA1037681/SRR26780112/SRR26780112.fasta,/root/autodl-tmp/RSV-A-v_nogenotype/data/processed_data_v2/sensitivity_analysis/cliquesnv/TF005_T10/PRJNA1037681/SRR26780112/SRR26780112.json,/root/autodl-tmp/RSV-A-v_nogenotype/data/processed_data_v2/sensitivity_analysis/cliquesnv/TF005_T10/PRJNA1037681/SRR26780112/cliquesnv.log,PRJNA1037681,Australia,TF005_T10,0.05,10
SRR26780031,cached,0.0,/root/autodl-tmp/RSV-A-v_nogenotype/data/processed_data_v2/sensitivity_analysis/cliquesnv/TF005_T10/PRJNA1037681/SRR26780031/SRR26780031.fasta,/root/autodl-tmp/RSV-A-v_nogenotype/data/processed_data_v2/sensitivity_analysis/cliquesnv/TF005_T10/PRJNA1037681/SRR26780031/SRR26780031.json,/root/autodl-tmp/RSV-A-v_nogenotype/data/processed_data_v2/sensitivity_analysis/cliquesnv/TF005_T10/PRJNA1037681/SRR26780031/cliquesnv.log,PRJNA1037681,Australia,TF005_T10,0.05,10
SRR26780041,cached,0.0,/root/autodl-tmp/RSV-A-v_nogenotype/data/processed_data_v2/sensitivity_analysis/cliquesnv/TF005_T10/PRJNA1037681/SRR26780041/SRR26780041.fasta,/root/autodl-tmp/RSV-A-v_nogenotype/data/processed_data_v2/sensitivity_analysis/cliquesnv/TF005_T10/PRJNA1037681/SRR26780041/SRR26780041.json,/root/autodl-tmp/RSV-A-v_nogenotype/data/processed_data_v2/sensitivity_analysis/cliquesnv/TF005_T10/PRJNA1037681/SRR26780041/cliquesnv.log,PRJNA1037681,Australia,TF005_T10,0.05,10
SRR26780046,cached,0.0,/root/autodl-tmp/RSV-A-v_nogenotype/data/processed_data_v2/sensitivity_analysis/cliquesnv/TF005_T10/PRJNA1037681/SRR26780046/SRR26780046.fasta,/root/autodl-tmp/RSV-A-v_nogenotype/data/processed_data_v2/sensitivity_analysis/cliquesnv/TF005_T10/PRJNA1037681/SRR26780046/SRR26780046.json,/root/autodl-tmp/RSV-A-v_nogenotype/data/processed_data_v2/sensitivity_analysis/cliquesnv/TF005_T10/PRJNA1037681/SRR26780046/cliquesnv.log,PRJNA1037681,Australia,TF005_T10,0.05,10
SRR26780119,cached,0.0,/root/autodl-tmp/RSV-A-v_nogenotype/data/processed_data_v2/sensitivity_analysis/cliquesnv/TF005_T10/PRJNA1037681/SRR26780119/SRR26780119.fasta,/root/autodl-tmp/RSV-A-v_nogenotype/data/processed_data_v2/sensitivity_analysis/cliquesnv/TF005_T10/PRJNA1037681/SRR26780119/SRR26780119.json,/root/autodl-tmp/RSV-A-v_nogenotype/data/processed_data_v2/sensitivity_analysis/cliquesnv/TF005_T10/PRJNA1037681/SRR26780119/cliquesnv.log,PRJNA1037681,Australia,TF005_T10,0.05,10
SRR26780123,cached,0.0,/root/autodl-tmp/RSV-A-v_nogenotype/data/processed_data_v2/sensitivity_analysis/cliquesnv/TF005_T10/PRJNA1037681/SRR26780123/SRR26780123.fasta,/root/autodl-tmp/RSV-A-v_nogenotype/data/processed_data_v2/sensitivity_analysis/cliquesnv/TF005_T10/PRJNA1037681/SRR26780123/SRR26780123.json,/root/autodl-tmp/RSV-A-v_nogenotype/data/processed_data_v2/sensitivity_analysis/cliquesnv/TF005_T10/PRJNA1037681/SRR26780123/cliquesnv.log,PRJNA1037681,Australia,TF005_T10,0.05,10
SRR26780117,cached,0.0,/root/autodl-tmp/RSV-A-v_nogenotype/data/processed_data_v2/sensitivity_analysis/cliquesnv/TF005_T10/PRJNA1037681/SRR26780117/SRR26780117.fasta,/root/autodl-tmp/RSV-A-v_nogenotype/data/processed_data_v2/sensitivity_analysis/cliquesnv/TF005_T10/PRJNA1037681/SRR26780117/SRR26780117.json,/root/autodl-tmp/RSV-A-v_nogenotype/data/processed_data_v2/sensitivity_analysis/cliquesnv/TF005_T10/PRJNA1037681/SRR26780117/cliquesnv.log,PRJNA1037681,Australia,TF005_T10,0.05,10
SRR26780146,cached,0.0,/root/autodl-tmp/RSV-A-v_nogenotype/data/processed_data_v2/sensitivity_analysis/cliquesnv/TF005_T10/PRJNA1037681/SRR26780146/SRR26780146.fasta,/root/autodl-tmp/RSV-A-v_nogenotype/data/processed_data_v2/sensitivity_analysis/cliquesnv/TF005_T10/PRJNA1037681/SRR26780146/SRR26780146.json,/root/autodl-tmp/RSV-A-v_nogenotype/data/processed_data_v2/sensitivity_analysis/cliquesnv/TF005_T10/PRJNA1037681/SRR26780146/cliquesnv.log,PRJNA1037681,Australia,TF005_T10,0.05,10
SRR26780205,cached,0.0,/root/autodl-tmp/RSV-A-v_nogenotype/data/processed_data_v2/sensitivity_analysis/cliquesnv/TF005_T10/PRJNA1037681/SRR26780205/SRR26780205.fasta,/root/autodl-tmp/RSV-A-v_nogenotype/data/processed_data_v2/sensitivity_analysis/cliquesnv/TF005_T10/PRJNA1037681/SRR26780205/SRR26780205.json,/root/autodl-tmp/RSV-A-v_nogenotype/data/processed_data_v2/sensitivity_analysis/cliquesnv/TF005_T10/PRJNA1037681/SRR26780205/cliquesnv.log,PRJNA1037681,Australia,TF005_T10,0.05,10
SRR26780187,cached,0.0,/root/autodl-tmp/RSV-A-v_nogenotype/data/processed_data_v2/sensitivity_analysis/cliquesnv/TF005_T10/PRJNA1037681/SRR26780187/SRR26780187.fasta,/root/autodl-tmp/RSV-A-v_nogenotype/data/processed_data_v2/sensitivity_analysis/cliquesnv/TF005_T10/PRJNA1037681/SRR26780187/SRR26780187.json,/root/autodl-tmp/RSV-A-v_nogenotype/data/processed_data_v2/sensitivity_analysis/cliquesnv/TF005_T10/PRJNA1037681/SRR26780187/cliquesnv.log,PRJNA1037681,Australia,TF005_T10,0.05,10
SRR26780126,cached,0.0,/root/autodl-tmp/RSV-A-v_nogenotype/data/processed_data_v2/sensitivity_analysis/cliquesnv/TF005_T10/PRJNA1037681/SRR26780126/SRR26780126.fasta,/root/autodl-tmp/RSV-A-v_nogenotype/data/processed_data_v2/sensitivity_analysis/cliquesnv/TF005_T10/PRJNA1037681/SRR26780126/SRR26780126.json,/root/autodl-tmp/RSV-A-v_nogenotype/data/processed_data_v2/sensitivity_analysis/cliquesnv/TF005_T10/PRJNA1037681/SRR26780126/cliquesnv.log,PRJNA1037681,Australia,TF005_T10,0.05,10
SRR26780206,cached,0.0,/root/autodl-tmp/RSV-A-v_nogenotype/data/processed_data_v2/sensitivity_analysis/cliquesnv/TF005_T10/PRJNA1037681/SRR26780206/SRR26780206.fasta,/root/autodl-tmp/RSV-A-v_nogenotype/data/processed_data_v2/sensitivity_analysis/cliquesnv/TF005_T10/PRJNA1037681/SRR26780206/SRR26780206.json,/root/autodl-tmp/RSV-A-v_nogenotype/data/processed_data_v2/sensitivity_analysis/cliquesnv/TF005_T10/PRJNA1037681/SRR26780206/cliquesnv.log,PRJNA1037681,Australia,TF005_T10,0.05,10
SRR26780216,cached,0.0,/root/autodl-tmp/RSV-A-v_nogenotype/data/processed_data_v2/sensitivity_analysis/cliquesnv/TF005_T10/PRJNA1037681/SRR26780216/SRR26780216.fasta,/root/autodl-tmp/RSV-A-v_nogenotype/data/processed_data_v2/sensitivity_analysis/cliquesnv/TF005_T10/PRJNA1037681/SRR26780216/SRR26780216.json,/root/autodl-tmp/RSV-A-v_nogenotype/data/processed_data_v2/sensitivity_analysis/cliquesnv/TF005_T10/PRJNA1037681/SRR26780216/cliquesnv.log,PRJNA1037681,Australia,TF005_T10,0.05,10
SRR26780219,cached,0.0,/root/autodl-tmp/RSV-A-v_nogenotype/data/processed_data_v2/sensitivity_analysis/cliquesnv/TF005_T10/PRJNA1037681/SRR26780219/SRR26780219.fasta,/root/autodl-tmp/RSV-A-v_nogenotype/data/processed_data_v2/sensitivity_analysis/cliquesnv/TF005_T10/PRJNA1037681/SRR26780219/SRR26780219.json,/root/autodl-tmp/RSV-A-v_nogenotype/data/processed_data_v2/sensitivity_analysis/cliquesnv/TF005_T10/PRJNA1037681/SRR26780219/cliquesnv.log,PRJNA1037681,Australia,TF005_T10,0.05,10
SRR26780213,cached,0.0,/root/autodl-tmp/RSV-A-v_nogenotype/data/processed_data_v2/sensitivity_analysis/cliquesnv/TF005_T10/PRJNA1037681/SRR26780213/SRR26780213.fasta,/root/autodl-tmp/RSV-A-v_nogenotype/data/processed_data_v2/sensitivity_analysis/cliquesnv/TF005_T10/PRJNA1037681/SRR26780213/SRR26780213.json,/root/autodl-tmp/RSV-A-v_nogenotype/data/processed_data_v2/sensitivity_analysis/cliquesnv/TF005_T10/PRJNA1037681/SRR26780213/cliquesnv.log,PRJNA1037681,Australia,TF005_T10,0.05,10
SRR26780237,cached,0.0,/root/autodl-tmp/RSV-A-v_nogenotype/data/processed_data_v2/sensitivity_analysis/cliquesnv/TF005_T10/PRJNA1037681/SRR26780237/SRR26780237.fasta,/root/autodl-tmp/RSV-A-v_nogenotype/data/processed_data_v2/sensitivity_analysis/cliquesnv/TF005_T10/PRJNA1037681/SRR26780237/SRR26780237.json,/root/autodl-tmp/RSV-A-v_nogenotype/data/processed_data_v2/sensitivity_analysis/cliquesnv/TF005_T10/PRJNA1037681/SRR26780237/cliquesnv.log,PRJNA1037681,Australia,TF005_T10,0.05,10
SRR26780217,cached,0.0,/root/autodl-tmp/RSV-A-v_nogenotype/data/processed_data_v2/sensitivity_analysis/cliquesnv/TF005_T10/PRJNA1037681/SRR26780217/SRR26780217.fasta,/root/autodl-tmp/RSV-A-v_nogenotype/data/processed_data_v2/sensitivity_analysis/cliquesnv/TF005_T10/PRJNA1037681/SRR26780217/SRR26780217.json,/root/autodl-tmp/RSV-A-v_nogenotype/data/processed_data_v2/sensitivity_analysis/cliquesnv/TF005_T10/PRJNA1037681/SRR26780217/cliquesnv.log,PRJNA1037681,Australia,TF005_T10,0.05,10
SRR26780211,cached,0.0,/root/autodl-tmp/RSV-A-v_nogenotype/data/processed_data_v2/sensitivity_analysis/cliquesnv/TF005_T10/PRJNA1037681/SRR26780211/SRR26780211.fasta,/root/autodl-tmp/RSV-A-v_nogenotype/data/processed_data_v2/sensitivity_analysis/cliquesnv/TF005_T10/PRJNA1037681/SRR26780211/SRR26780211.json,/root/autodl-tmp/RSV-A-v_nogenotype/data/processed_data_v2/sensitivity_analysis/cliquesnv/TF005_T10/PRJNA1037681/SRR26780211/cliquesnv.log,PRJNA1037681,Australia,TF005_T10,0.05,10
SRR26780127,cached,0.0,/root/autodl-tmp/RSV-A-v_nogenotype/data/processed_data_v2/sensitivity_analysis/cliquesnv/TF005_T10/PRJNA1037681/SRR26780127/SRR26780127.fasta,/root/autodl-tmp/RSV-A-v_nogenotype/data/processed_data_v2/sensitivity_analysis/cliquesnv/TF005_T10/PRJNA1037681/SRR26780127/SRR26780127.json,/root/autodl-tmp/RSV-A-v_nogenotype/data/processed_data_v2/sensitivity_analysis/cliquesnv/TF005_T10/PRJNA1037681/SRR26780127/cliquesnv.log,PRJNA1037681,Australia,TF005_T10,0.05,10
SRR29679721,cached,0.0,/root/autodl-tmp/RSV-A-v_nogenotype/data/processed_data_v2/sensitivity_analysis/cliquesnv/TF005_T10/PRJNA1130896/SRR29679721/SRR29679721.fasta,/root/autodl-tmp/RSV-A-v_nogenotype/data/processed_data_v2/sensitivity_analysis/cliquesnv/TF005_T10/PRJNA1130896/SRR29679721/SRR29679721.json,/root/autodl-tmp/RSV-A-v_nogenotype/data/processed_data_v2/sensitivity_analysis/cliquesnv/TF005_T10/PRJNA1130896/SRR29679721/cliquesnv.log,PRJNA1130896,United States,TF005_T10,0.05,10
SRR29679753,cached,0.0,/root/autodl-tmp/RSV-A-v_nogenotype/data/processed_data_v2/sensitivity_analysis/cliquesnv/TF005_T10/PRJNA1130896/SRR29679753/SRR29679753.fasta,/root/autodl-tmp/RSV-A-v_nogenotype/data/processed_data_v2/sensitivity_analysis/cliquesnv/TF005_T10/PRJNA1130896/SRR29679753/SRR29679753.json,/root/autodl-tmp/RSV-A-v_nogenotype/data/processed_data_v2/sensitivity_analysis/cliquesnv/TF005_T10/PRJNA1130896/SRR29679753/cliquesnv.log,PRJNA1130896,United States,TF005_T10,0.05,10
SRR29679712,cached,0.0,/root/autodl-tmp/RSV-A-v_nogenotype/data/processed_data_v2/sensitivity_analysis/cliquesnv/TF005_T10/PRJNA1130896/SRR29679712/SRR29679712.fasta,/root/autodl-tmp/RSV-A-v_nogenotype/data/processed_data_v2/sensitivity_analysis/cliquesnv/TF005_T10/PRJNA1130896/SRR29679712/SRR29679712.json,/root/autodl-tmp/RSV-A-v_nogenotype/data/processed_data_v2/sensitivity_analysis/cliquesnv/TF005_T10/PRJNA1130896/SRR29679712/cliquesnv.log,PRJNA1130896,United States,TF005_T10,0.05,10
SRR29679731,cached,0.0,/root/autodl-tmp/RSV-A-v_nogenotype/data/processed_data_v2/sensitivity_analysis/cliquesnv/TF005_T10/PRJNA1130896/SRR29679731/SRR29679731.fasta,/root/autodl-tmp/RSV-A-v_nogenotype/data/processed_data_v2/sensitivity_analysis/cliquesnv/TF005_T10/PRJNA1130896/SRR29679731/SRR29679731.json,/root/autodl-tmp/RSV-A-v_nogenotype/data/processed_data_v2/sensitivity_analysis/cliquesnv/TF005_T10/PRJNA1130896/SRR29679731/cliquesnv.log,PRJNA1130896,United States,TF005_T10,0.05,10
SRR29679720,cached,0.0,/root/autodl-tmp/RSV-A-v_nogenotype/data/processed_data_v2/sensitivity_analysis/cliquesnv/TF005_T10/PRJNA1130896/SRR29679720/SRR29679720.fasta,/root/autodl-tmp/RSV-A-v_nogenotype/data/processed_data_v2/sensitivity_analysis/cliquesnv/TF005_T10/PRJNA1130896/SRR29679720/SRR29679720.json,/root/autodl-tmp/RSV-A-v_nogenotype/data/processed_data_v2/sensitivity_analysis/cliquesnv/TF005_T10/PRJNA1130896/SRR29679720/cliquesnv.log,PRJNA1130896,United States,TF005_T10,0.05,10
SRR29679704,cached,0.0,/root/autodl-tmp/RSV-A-v_nogenotype/data/processed_data_v2/sensitivity_analysis/cliquesnv/TF005_T10/PRJNA1130896/SRR29679704/SRR29679704.fasta,/root/autodl-tmp/RSV-A-v_nogenotype/data/processed_data_v2/sensitivity_analysis/cliquesnv/TF005_T10/PRJNA1130896/SRR29679704/SRR29679704.json,/root/autodl-tmp/RSV-A-v_nogenotype/data/processed_data_v2/sensitivity_analysis/cliquesnv/TF005_T10/PRJNA1130896/SRR29679704/cliquesnv.log,PRJNA1130896,United States,TF005_T10,0.05,10
SRR29679732,cached,0.0,/root/autodl-tmp/RSV-A-v_nogenotype/data/processed_data_v2/sensitivity_analysis/cliquesnv/TF005_T10/PRJNA1130896/SRR29679732/SRR29679732.fasta,/root/autodl-tmp/RSV-A-v_nogenotype/data/processed_data_v2/sensitivity_analysis/cliquesnv/TF005_T10/PRJNA1130896/SRR29679732/SRR29679732.json,/root/autodl-tmp/RSV-A-v_nogenotype/data/processed_data_v2/sensitivity_analysis/cliquesnv/TF005_T10/PRJNA1130896/SRR29679732/cliquesnv.log,PRJNA1130896,United States,TF005_T10,0.05,10
SRR29679706,cached,0.0,/root/autodl-tmp/RSV-A-v_nogenotype/data/processed_data_v2/sensitivity_analysis/cliquesnv/TF005_T10/PRJNA1130896/SRR29679706/SRR29679706.fasta,/root/autodl-tmp/RSV-A-v_nogenotype/data/processed_data_v2/sensitivity_analysis/cliquesnv/TF005_T10/PRJNA1130896/SRR29679706/SRR29679706.json,/root/autodl-tmp/RSV-A-v_nogenotype/data/processed_data_v2/sensitivity_analysis/cliquesnv/TF005_T10/PRJNA1130896/SRR29679706/cliquesnv.log,PRJNA1130896,United States,TF005_T10,0.05,10
SRR29679809,cached,0.0,/root/autodl-tmp/RSV-A-v_nogenotype/data/processed_data_v2/sensitivity_analysis/cliquesnv/TF005_T10/PRJNA1130896/SRR29679809/SRR29679809.fasta,/root/autodl-tmp/RSV-A-v_nogenotype/data/processed_data_v2/sensitivity_analysis/cliquesnv/TF005_T10/PRJNA1130896/SRR29679809/SRR29679809.json,/root/autodl-tmp/RSV-A-v_nogenotype/data/processed_data_v2/sensitivity_analysis/cliquesnv/TF005_T10/PRJNA1130896/SRR29679809/cliquesnv.log,PRJNA1130896,United States,TF005_T10,0.05,10
SRR29679716,cached,0.0,/root/autodl-tmp/RSV-A-v_nogenotype/data/processed_data_v2/sensitivity_analysis/cliquesnv/TF005_T10/PRJNA1130896/SRR29679716/SRR29679716.fasta,/root/autodl-tmp/RSV-A-v_nogenotype/data/processed_data_v2/sensitivity_analysis/cliquesnv/TF005_T10/PRJNA1130896/SRR29679716/SRR29679716.json,/root/autodl-tmp/RSV-A-v_nogenotype/data/processed_data_v2/sensitivity_analysis/cliquesnv/TF005_T10/PRJNA1130896/SRR29679716/cliquesnv.log,PRJNA1130896,United States,TF005_T10,0.05,10
SRR29679737,cached,0.0,/root/autodl-tmp/RSV-A-v_nogenotype/data/processed_data_v2/sensitivity_analysis/cliquesnv/TF005_T10/PRJNA1130896/SRR29679737/SRR29679737.fasta,/root/autodl-tmp/RSV-A-v_nogenotype/data/processed_data_v2/sensitivity_analysis/cliquesnv/TF005_T10/PRJNA1130896/SRR29679737/SRR29679737.json,/root/autodl-tmp/RSV-A-v_nogenotype/data/processed_data_v2/sensitivity_analysis/cliquesnv/TF005_T10/PRJNA1130896/SRR29679737/cliquesnv.log,PRJNA1130896,United States,TF005_T10,0.05,10
SRR29679754,cached,0.0,/root/autodl-tmp/RSV-A-v_nogenotype/data/processed_data_v2/sensitivity_analysis/cliquesnv/TF005_T10/PRJNA1130896/SRR29679754/SRR29679754.fasta,/root/autodl-tmp/RSV-A-v_nogenotype/data/processed_data_v2/sensitivity_analysis/cliquesnv/TF005_T10/PRJNA1130896/SRR29679754/SRR29679754.json,/root/autodl-tmp/RSV-A-v_nogenotype/data/processed_data_v2/sensitivity_analysis/cliquesnv/TF005_T10/PRJNA1130896/SRR29679754/cliquesnv.log,PRJNA1130896,United States,TF005_T10,0.05,10
SRR29679713,cached,0.0,/root/autodl-tmp/RSV-A-v_nogenotype/data/processed_data_v2/sensitivity_analysis/cliquesnv/TF005_T10/PRJNA1130896/SRR29679713/SRR29679713.fasta,/root/autodl-tmp/RSV-A-v_nogenotype/data/processed_data_v2/sensitivity_analysis/cliquesnv/TF005_T10/PRJNA1130896/SRR29679713/SRR29679713.json,/root/autodl-tmp/RSV-A-v_nogenotype/data/processed_data_v2/sensitivity_analysis/cliquesnv/TF005_T10/PRJNA1130896/SRR29679713/cliquesnv.log,PRJNA1130896,United States,TF005_T10,0.05,10
SRR29679728,cached,0.0,/root/autodl-tmp/RSV-A-v_nogenotype/data/processed_data_v2/sensitivity_analysis/cliquesnv/TF005_T10/PRJNA1130896/SRR29679728/SRR29679728.fasta,/root/autodl-tmp/RSV-A-v_nogenotype/data/processed_data_v2/sensitivity_analysis/cliquesnv/TF005_T10/PRJNA1130896/SRR29679728/SRR29679728.json,/root/autodl-tmp/RSV-A-v_nogenotype/data/processed_data_v2/sensitivity_analysis/cliquesnv/TF005_T10/PRJNA1130896/SRR29679728/cliquesnv.log,PRJNA1130896,United States,TF005_T10,0.05,10
SRR29679723,cached,0.0,/root/autodl-tmp/RSV-A-v_nogenotype/data/processed_data_v2/sensitivity_analysis/cliquesnv/TF005_T10/PRJNA1130896/SRR29679723/SRR29679723.fasta,/root/autodl-tmp/RSV-A-v_nogenotype/data/processed_data_v2/sensitivity_analysis/cliquesnv/TF005_T10/PRJNA1130896/SRR29679723/SRR29679723.json,/root/autodl-tmp/RSV-A-v_nogenotype/data/processed_data_v2/sensitivity_analysis/cliquesnv/TF005_T10/PRJNA1130896/SRR29679723/cliquesnv.log,PRJNA1130896,United States,TF005_T10,0.05,10
SRR29679738,cached,0.0,/root/autodl-tmp/RSV-A-v_nogenotype/data/processed_data_v2/sensitivity_analysis/cliquesnv/TF005_T10/PRJNA1130896/SRR29679738/SRR29679738.fasta,/root/autodl-tmp/RSV-A-v_nogenotype/data/processed_data_v2/sensitivity_analysis/cliquesnv/TF005_T10/PRJNA1130896/SRR29679738/SRR29679738.json,/root/autodl-tmp/RSV-A-v_nogenotype/data/processed_data_v2/sensitivity_analysis/cliquesnv/TF005_T10/PRJNA1130896/SRR29679738/cliquesnv.log,PRJNA1130896,United States,TF005_T10,0.05,10
SRR29679729,cached,0.0,/root/autodl-tmp/RSV-A-v_nogenotype/data/processed_data_v2/sensitivity_analysis/cliquesnv/TF005_T10/PRJNA1130896/SRR29679729/SRR29679729.fasta,/root/autodl-tmp/RSV-A-v_nogenotype/data/processed_data_v2/sensitivity_analysis/cliquesnv/TF005_T10/PRJNA1130896/SRR29679729/SRR29679729.json,/root/autodl-tmp/RSV-A-v_nogenotype/data/processed_data_v2/sensitivity_analysis/cliquesnv/TF005_T10/PRJNA1130896/SRR29679729/cliquesnv.log,PRJNA1130896,United States,TF005_T10,0.05,10
SRR29679709,cached,0.0,/root/autodl-tmp/RSV-A-v_nogenotype/data/processed_data_v2/sensitivity_analysis/cliquesnv/TF005_T10/PRJNA1130896/SRR29679709/SRR29679709.fasta,/root/autodl-tmp/RSV-A-v_nogenotype/data/processed_data_v2/sensitivity_analysis/cliquesnv/TF005_T10/PRJNA1130896/SRR29679709/SRR29679709.json,/root/autodl-tmp/RSV-A-v_nogenotype/data/processed_data_v2/sensitivity_analysis/cliquesnv/TF005_T10/PRJNA1130896/SRR29679709/cliquesnv.log,PRJNA1130896,United States,TF005_T10,0.05,10
SRR29679823,cached,0.0,/root/autodl-tmp/RSV-A-v_nogenotype/data/processed_data_v2/sensitivity_analysis/cliquesnv/TF005_T10/PRJNA1130896/SRR29679823/SRR29679823.fasta,/root/autodl-tmp/RSV-A-v_nogenotype/data/processed_data_v2/sensitivity_analysis/cliquesnv/TF005_T10/PRJNA1130896/SRR29679823/SRR29679823.json,/root/autodl-tmp/RSV-A-v_nogenotype/data/processed_data_v2/sensitivity_analysis/cliquesnv/TF005_T10/PRJNA1130896/SRR29679823/cliquesnv.log,PRJNA1130896,United States,TF005_T10,0.05,10
SRR29679830,cached,0.0,/root/autodl-tmp/RSV-A-v_nogenotype/data/processed_data_v2/sensitivity_analysis/cliquesnv/TF005_T10/PRJNA1130896/SRR29679830/SRR29679830.fasta,/root/autodl-tmp/RSV-A-v_nogenotype/data/processed_data_v2/sensitivity_analysis/cliquesnv/TF005_T10/PRJNA1130896/SRR29679830/SRR29679830.json,/root/autodl-tmp/RSV-A-v_nogenotype/data/processed_data_v2/sensitivity_analysis/cliquesnv/TF005_T10/PRJNA1130896/SRR29679830/cliquesnv.log,PRJNA1130896,United States,TF005_T10,0.05,10
SRR29679834,cached,0.0,/root/autodl-tmp/RSV-A-v_nogenotype/data/processed_data_v2/sensitivity_analysis/cliquesnv/TF005_T10/PRJNA1130896/SRR29679834/SRR29679834.fasta,/root/autodl-tmp/RSV-A-v_nogenotype/data/processed_data_v2/sensitivity_analysis/cliquesnv/TF005_T10/PRJNA1130896/SRR29679834/SRR29679834.json,/root/autodl-tmp/RSV-A-v_nogenotype/data/processed_data_v2/sensitivity_analysis/cliquesnv/TF005_T10/PRJNA1130896/SRR29679834/cliquesnv.log,PRJNA1130896,United States,TF005_T10,0.05,10
SRR29679826,cached,0.0,/root/autodl-tmp/RSV-A-v_nogenotype/data/processed_data_v2/sensitivity_analysis/cliquesnv/TF005_T10/PRJNA1130896/SRR29679826/SRR29679826.fasta,/root/autodl-tmp/RSV-A-v_nogenotype/data/processed_data_v2/sensitivity_analysis/cliquesnv/TF005_T10/PRJNA1130896/SRR29679826/SRR29679826.json,/root/autodl-tmp/RSV-A-v_nogenotype/data/processed_data_v2/sensitivity_analysis/cliquesnv/TF005_T10/PRJNA1130896/SRR29679826/cliquesnv.log,PRJNA1130896,United States,TF005_T10,0.05,10
SRR29679837,cached,0.0,/root/autodl-tmp/RSV-A-v_nogenotype/data/processed_data_v2/sensitivity_analysis/cliquesnv/TF005_T10/PRJNA1130896/SRR29679837/SRR29679837.fasta,/root/autodl-tmp/RSV-A-v_nogenotype/data/processed_data_v2/sensitivity_analysis/cliquesnv/TF005_T10/PRJNA1130896/SRR29679837/SRR29679837.json,/root/autodl-tmp/RSV-A-v_nogenotype/data/processed_data_v2/sensitivity_analysis/cliquesnv/TF005_T10/PRJNA1130896/SRR29679837/cliquesnv.log,PRJNA1130896,United States,TF005_T10,0.05,10
SRR29679844,cached,0.0,/root/autodl-tmp/RSV-A-v_nogenotype/data/processed_data_v2/sensitivity_analysis/cliquesnv/TF005_T10/PRJNA1130896/SRR29679844/SRR29679844.fasta,/root/autodl-tmp/RSV-A-v_nogenotype/data/processed_data_v2/sensitivity_analysis/cliquesnv/TF005_T10/PRJNA1130896/SRR29679844/SRR29679844.json,/root/autodl-tmp/RSV-A-v_nogenotype/data/processed_data_v2/sensitivity_analysis/cliquesnv/TF005_T10/PRJNA1130896/SRR29679844/cliquesnv.log,PRJNA1130896,United States,TF005_T10,0.05,10
SRR29679843,cached,0.0,/root/autodl-tmp/RSV-A-v_nogenotype/data/processed_data_v2/sensitivity_analysis/cliquesnv/TF005_T10/PRJNA1130896/SRR29679843/SRR29679843.fasta,/root/autodl-tmp/RSV-A-v_nogenotype/data/processed_data_v2/sensitivity_analysis/cliquesnv/TF005_T10/PRJNA1130896/SRR29679843/SRR29679843.json,/root/autodl-tmp/RSV-A-v_nogenotype/data/processed_data_v2/sensitivity_analysis/cliquesnv/TF005_T10/PRJNA1130896/SRR29679843/cliquesnv.log,PRJNA1130896,United States,TF005_T10,0.05,10
SRR29679842,cached,0.0,/root/autodl-tmp/RSV-A-v_nogenotype/data/processed_data_v2/sensitivity_analysis/cliquesnv/TF005_T10/PRJNA1130896/SRR29679842/SRR29679842.fasta,/root/autodl-tmp/RSV-A-v_nogenotype/data/processed_data_v2/sensitivity_analysis/cliquesnv/TF005_T10/PRJNA1130896/SRR29679842/SRR29679842.json,/root/autodl-tmp/RSV-A-v_nogenotype/data/processed_data_v2/sensitivity_analysis/cliquesnv/TF005_T10/PRJNA1130896/SRR29679842/cliquesnv.log,PRJNA1130896,United States,TF005_T10,0.05,10
SRR29679854,cached,0.0,/root/autodl-tmp/RSV-A-v_nogenotype/data/processed_data_v2/sensitivity_analysis/cliquesnv/TF005_T10/PRJNA1130896/SRR29679854/SRR29679854.fasta,/root/autodl-tmp/RSV-A-v_nogenotype/data/processed_data_v2/sensitivity_analysis/cliquesnv/TF005_T10/PRJNA1130896/SRR29679854/SRR29679854.json,/root/autodl-tmp/RSV-A-v_nogenotype/data/processed_data_v2/sensitivity_analysis/cliquesnv/TF005_T10/PRJNA1130896/SRR29679854/cliquesnv.log,PRJNA1130896,United States,TF005_T10,0.05,10
SRR29679851,cached,0.0,/root/autodl-tmp/RSV-A-v_nogenotype/data/processed_data_v2/sensitivity_analysis/cliquesnv/TF005_T10/PRJNA1130896/SRR29679851/SRR29679851.fasta,/root/autodl-tmp/RSV-A-v_nogenotype/data/processed_data_v2/sensitivity_analysis/cliquesnv/TF005_T10/PRJNA1130896/SRR29679851/SRR29679851.json,/root/autodl-tmp/RSV-A-v_nogenotype/data/processed_data_v2/sensitivity_analysis/cliquesnv/TF005_T10/PRJNA1130896/SRR29679851/cliquesnv.log,PRJNA1130896,United States,TF005_T10,0.05,10
SRR29679874,cached,0.0,/root/autodl-tmp/RSV-A-v_nogenotype/data/processed_data_v2/sensitivity_analysis/cliquesnv/TF005_T10/PRJNA1130896/SRR29679874/SRR29679874.fasta,/root/autodl-tmp/RSV-A-v_nogenotype/data/processed_data_v2/sensitivity_analysis/cliquesnv/TF005_T10/PRJNA1130896/SRR29679874/SRR29679874.json,/root/autodl-tmp/RSV-A-v_nogenotype/data/processed_data_v2/sensitivity_analysis/cliquesnv/TF005_T10/PRJNA1130896/SRR29679874/cliquesnv.log,PRJNA1130896,United States,TF005_T10,0.05,10
SRR29679852,cached,0.0,/root/autodl-tmp/RSV-A-v_nogenotype/data/processed_data_v2/sensitivity_analysis/cliquesnv/TF005_T10/PRJNA1130896/SRR29679852/SRR29679852.fasta,/root/autodl-tmp/RSV-A-v_nogenotype/data/processed_data_v2/sensitivity_analysis/cliquesnv/TF005_T10/PRJNA1130896/SRR29679852/SRR29679852.json,/root/autodl-tmp/RSV-A-v_nogenotype/data/processed_data_v2/sensitivity_analysis/cliquesnv/TF005_T10/PRJNA1130896/SRR29679852/cliquesnv.log,PRJNA1130896,United States,TF005_T10,0.05,10
SRR29679864,cached,0.0,/root/autodl-tmp/RSV-A-v_nogenotype/data/processed_data_v2/sensitivity_analysis/cliquesnv/TF005_T10/PRJNA1130896/SRR29679864/SRR29679864.fasta,/root/autodl-tmp/RSV-A-v_nogenotype/data/processed_data_v2/sensitivity_analysis/cliquesnv/TF005_T10/PRJNA1130896/SRR29679864/SRR29679864.json,/root/autodl-tmp/RSV-A-v_nogenotype/data/processed_data_v2/sensitivity_analysis/cliquesnv/TF005_T10/PRJNA1130896/SRR29679864/cliquesnv.log,PRJNA1130896,United States,TF005_T10,0.05,10
SRR29692824,cached,0.0,/root/autodl-tmp/RSV-A-v_nogenotype/data/processed_data_v2/sensitivity_analysis/cliquesnv/TF005_T10/PRJNA1130896/SRR29692824/SRR29692824.fasta,/root/autodl-tmp/RSV-A-v_nogenotype/data/processed_data_v2/sensitivity_analysis/cliquesnv/TF005_T10/PRJNA1130896/SRR29692824/SRR29692824.json,/root/autodl-tmp/RSV-A-v_nogenotype/data/processed_data_v2/sensitivity_analysis/cliquesnv/TF005_T10/PRJNA1130896/SRR29692824/cliquesnv.log,PRJNA1130896,United States,TF005_T10,0.05,10
SRR29692854,cached,0.0,/root/autodl-tmp/RSV-A-v_nogenotype/data/processed_data_v2/sensitivity_analysis/cliquesnv/TF005_T10/PRJNA1130896/SRR29692854/SRR29692854.fasta,/root/autodl-tmp/RSV-A-v_nogenotype/data/processed_data_v2/sensitivity_analysis/cliquesnv/TF005_T10/PRJNA1130896/SRR29692854/SRR29692854.json,/root/autodl-tmp/RSV-A-v_nogenotype/data/processed_data_v2/sensitivity_analysis/cliquesnv/TF005_T10/PRJNA1130896/SRR29692854/cliquesnv.log,PRJNA1130896,United States,TF005_T10,0.05,10
SRR29692857,cached,0.0,/root/autodl-tmp/RSV-A-v_nogenotype/data/processed_data_v2/sensitivity_analysis/cliquesnv/TF005_T10/PRJNA1130896/SRR29692857/SRR29692857.fasta,/root/autodl-tmp/RSV-A-v_nogenotype/data/processed_data_v2/sensitivity_analysis/cliquesnv/TF005_T10/PRJNA1130896/SRR29692857/SRR29692857.json,/root/autodl-tmp/RSV-A-v_nogenotype/data/processed_data_v2/sensitivity_analysis/cliquesnv/TF005_T10/PRJNA1130896/SRR29692857/cliquesnv.log,PRJNA1130896,United States,TF005_T10,0.05,10
SRR29679814,cached,0.0,/root/autodl-tmp/RSV-A-v_nogenotype/data/processed_data_v2/sensitivity_analysis/cliquesnv/TF005_T10/PRJNA1130896/SRR29679814/SRR29679814.fasta,/root/autodl-tmp/RSV-A-v_nogenotype/data/processed_data_v2/sensitivity_analysis/cliquesnv/TF005_T10/PRJNA1130896/SRR29679814/SRR29679814.json,/root/autodl-tmp/RSV-A-v_nogenotype/data/processed_data_v2/sensitivity_analysis/cliquesnv/TF005_T10/PRJNA1130896/SRR29679814/cliquesnv.log,PRJNA1130896,United States,TF005_T10,0.05,10
SRR29692818,cached,0.0,/root/autodl-tmp/RSV-A-v_nogenotype/data/processed_data_v2/sensitivity_analysis/cliquesnv/TF005_T10/PRJNA1130896/SRR29692818/SRR29692818.fasta,/root/autodl-tmp/RSV-A-v_nogenotype/data/processed_data_v2/sensitivity_analysis/cliquesnv/TF005_T10/PRJNA1130896/SRR29692818/SRR29692818.json,/root/autodl-tmp/RSV-A-v_nogenotype/data/processed_data_v2/sensitivity_analysis/cliquesnv/TF005_T10/PRJNA1130896/SRR29692818/cliquesnv.log,PRJNA1130896,United States,TF005_T10,0.05,10
SRR29692828,cached,0.0,/root/autodl-tmp/RSV-A-v_nogenotype/data/processed_data_v2/sensitivity_analysis/cliquesnv/TF005_T10/PRJNA1130896/SRR29692828/SRR29692828.fasta,/root/autodl-tmp/RSV-A-v_nogenotype/data/processed_data_v2/sensitivity_analysis/cliquesnv/TF005_T10/PRJNA1130896/SRR29692828/SRR29692828.json,/root/autodl-tmp/RSV-A-v_nogenotype/data/processed_data_v2/sensitivity_analysis/cliquesnv/TF005_T10/PRJNA1130896/SRR29692828/cliquesnv.log,PRJNA1130896,United States,TF005_T10,0.05,10
SRR29692831,cached,0.0,/root/autodl-tmp/RSV-A-v_nogenotype/data/processed_data_v2/sensitivity_analysis/cliquesnv/TF005_T10/PRJNA1130896/SRR29692831/SRR29692831.fasta,/root/autodl-tmp/RSV-A-v_nogenotype/data/processed_data_v2/sensitivity_analysis/cliquesnv/TF005_T10/PRJNA1130896/SRR29692831/SRR29692831.json,/root/autodl-tmp/RSV-A-v_nogenotype/data/processed_data_v2/sensitivity_analysis/cliquesnv/TF005_T10/PRJNA1130896/SRR29692831/cliquesnv.log,PRJNA1130896,United States,TF005_T10,0.05,10
SRR29679833,cached,0.0,/root/autodl-tmp/RSV-A-v_nogenotype/data/processed_data_v2/sensitivity_analysis/cliquesnv/TF005_T10/PRJNA1130896/SRR29679833/SRR29679833.fasta,/root/autodl-tmp/RSV-A-v_nogenotype/data/processed_data_v2/sensitivity_analysis/cliquesnv/TF005_T10/PRJNA1130896/SRR29679833/SRR29679833.json,/root/autodl-tmp/RSV-A-v_nogenotype/data/processed_data_v2/sensitivity_analysis/cliquesnv/TF005_T10/PRJNA1130896/SRR29679833/cliquesnv.log,PRJNA1130896,United States,TF005_T10,0.05,10
SRR29692889,cached,0.0,/root/autodl-tmp/RSV-A-v_nogenotype/data/processed_data_v2/sensitivity_analysis/cliquesnv/TF005_T10/PRJNA1130896/SRR29692889/SRR29692889.fasta,/root/autodl-tmp/RSV-A-v_nogenotype/data/processed_data_v2/sensitivity_analysis/cliquesnv/TF005_T10/PRJNA1130896/SRR29692889/SRR29692889.json,/root/autodl-tmp/RSV-A-v_nogenotype/data/processed_data_v2/sensitivity_analysis/cliquesnv/TF005_T10/PRJNA1130896/SRR29692889/cliquesnv.log,PRJNA1130896,United States,TF005_T10,0.05,10
SRR29692875,cached,0.0,/root/autodl-tmp/RSV-A-v_nogenotype/data/processed_data_v2/sensitivity_analysis/cliquesnv/TF005_T10/PRJNA1130896/SRR29692875/SRR29692875.fasta,/root/autodl-tmp/RSV-A-v_nogenotype/data/processed_data_v2/sensitivity_analysis/cliquesnv/TF005_T10/PRJNA1130896/SRR29692875/SRR29692875.json,/root/autodl-tmp/RSV-A-v_nogenotype/data/processed_data_v2/sensitivity_analysis/cliquesnv/TF005_T10/PRJNA1130896/SRR29692875/cliquesnv.log,PRJNA1130896,United States,TF005_T10,0.05,10
SRR29692873,cached,0.0,/root/autodl-tmp/RSV-A-v_nogenotype/data/processed_data_v2/sensitivity_analysis/cliquesnv/TF005_T10/PRJNA1130896/SRR29692873/SRR29692873.fasta,/root/autodl-tmp/RSV-A-v_nogenotype/data/processed_data_v2/sensitivity_analysis/cliquesnv/TF005_T10/PRJNA1130896/SRR29692873/SRR29692873.json,/root/autodl-tmp/RSV-A-v_nogenotype/data/processed_data_v2/sensitivity_analysis/cliquesnv/TF005_T10/PRJNA1130896/SRR29692873/cliquesnv.log,PRJNA1130896,United States,TF005_T10,0.05,10
SRR29692926,cached,0.0,/root/autodl-tmp/RSV-A-v_nogenotype/data/processed_data_v2/sensitivity_analysis/cliquesnv/TF005_T10/PRJNA1130896/SRR29692926/SRR29692926.fasta,/root/autodl-tmp/RSV-A-v_nogenotype/data/processed_data_v2/sensitivity_analysis/cliquesnv/TF005_T10/PRJNA1130896/SRR29692926/SRR29692926.json,/root/autodl-tmp/RSV-A-v_nogenotype/data/processed_data_v2/sensitivity_analysis/cliquesnv/TF005_T10/PRJNA1130896/SRR29692926/cliquesnv.log,PRJNA1130896,United States,TF005_T10,0.05,10
SRR29692928,cached,0.0,/root/autodl-tmp/RSV-A-v_nogenotype/data/processed_data_v2/sensitivity_analysis/cliquesnv/TF005_T10/PRJNA1130896/SRR29692928/SRR29692928.fasta,/root/autodl-tmp/RSV-A-v_nogenotype/data/processed_data_v2/sensitivity_analysis/cliquesnv/TF005_T10/PRJNA1130896/SRR29692928/SRR29692928.json,/root/autodl-tmp/RSV-A-v_nogenotype/data/processed_data_v2/sensitivity_analysis/cliquesnv/TF005_T10/PRJNA1130896/SRR29692928/cliquesnv.log,PRJNA1130896,United States,TF005_T10,0.05,10
SRR29692881,cached,0.0,/root/autodl-tmp/RSV-A-v_nogenotype/data/processed_data_v2/sensitivity_analysis/cliquesnv/TF005_T10/PRJNA1130896/SRR29692881/SRR29692881.fasta,/root/autodl-tmp/RSV-A-v_nogenotype/data/processed_data_v2/sensitivity_analysis/cliquesnv/TF005_T10/PRJNA1130896/SRR29692881/SRR29692881.json,/root/autodl-tmp/RSV-A-v_nogenotype/data/processed_data_v2/sensitivity_analysis/cliquesnv/TF005_T10/PRJNA1130896/SRR29692881/cliquesnv.log,PRJNA1130896,United States,TF005_T10,0.05,10
SRR29692936,cached,0.0,/root/autodl-tmp/RSV-A-v_nogenotype/data/processed_data_v2/sensitivity_analysis/cliquesnv/TF005_T10/PRJNA1130896/SRR29692936/SRR29692936.fasta,/root/autodl-tmp/RSV-A-v_nogenotype/data/processed_data_v2/sensitivity_analysis/cliquesnv/TF005_T10/PRJNA1130896/SRR29692936/SRR29692936.json,/root/autodl-tmp/RSV-A-v_nogenotype/data/processed_data_v2/sensitivity_analysis/cliquesnv/TF005_T10/PRJNA1130896/SRR29692936/cliquesnv.log,PRJNA1130896,United States,TF005_T10,0.05,10
SRR29692887,cached,0.0,/root/autodl-tmp/RSV-A-v_nogenotype/data/processed_data_v2/sensitivity_analysis/cliquesnv/TF005_T10/PRJNA1130896/SRR29692887/SRR29692887.fasta,/root/autodl-tmp/RSV-A-v_nogenotype/data/processed_data_v2/sensitivity_analysis/cliquesnv/TF005_T10/PRJNA1130896/SRR29692887/SRR29692887.json,/root/autodl-tmp/RSV-A-v_nogenotype/data/processed_data_v2/sensitivity_analysis/cliquesnv/TF005_T10/PRJNA1130896/SRR29692887/cliquesnv.log,PRJNA1130896,United States,TF005_T10,0.05,10
SRR29692933,cached,0.0,/root/autodl-tmp/RSV-A-v_nogenotype/data/processed_data_v2/sensitivity_analysis/cliquesnv/TF005_T10/PRJNA1130896/SRR29692933/SRR29692933.fasta,/root/autodl-tmp/RSV-A-v_nogenotype/data/processed_data_v2/sensitivity_analysis/cliquesnv/TF005_T10/PRJNA1130896/SRR29692933/SRR29692933.json,/root/autodl-tmp/RSV-A-v_nogenotype/data/processed_data_v2/sensitivity_analysis/cliquesnv/TF005_T10/PRJNA1130896/SRR29692933/cliquesnv.log,PRJNA1130896,United States,TF005_T10,0.05,10
SRR29692884,cached,0.0,/root/autodl-tmp/RSV-A-v_nogenotype/data/processed_data_v2/sensitivity_analysis/cliquesnv/TF005_T10/PRJNA1130896/SRR29692884/SRR29692884.fasta,/root/autodl-tmp/RSV-A-v_nogenotype/data/processed_data_v2/sensitivity_analysis/cliquesnv/TF005_T10/PRJNA1130896/SRR29692884/SRR29692884.json,/root/autodl-tmp/RSV-A-v_nogenotype/data/processed_data_v2/sensitivity_analysis/cliquesnv/TF005_T10/PRJNA1130896/SRR29692884/cliquesnv.log,PRJNA1130896,United States,TF005_T10,0.05,10
SRR29692935,cached,0.0,/root/autodl-tmp/RSV-A-v_nogenotype/data/processed_data_v2/sensitivity_analysis/cliquesnv/TF005_T10/PRJNA1130896/SRR29692935/SRR29692935.fasta,/root/autodl-tmp/RSV-A-v_nogenotype/data/processed_data_v2/sensitivity_analysis/cliquesnv/TF005_T10/PRJNA1130896/SRR29692935/SRR29692935.json,/root/autodl-tmp/RSV-A-v_nogenotype/data/processed_data_v2/sensitivity_analysis/cliquesnv/TF005_T10/PRJNA1130896/SRR29692935/cliquesnv.log,PRJNA1130896,United States,TF005_T10,0.05,10
SRR29692929,cached,0.0,/root/autodl-tmp/RSV-A-v_nogenotype/data/processed_data_v2/sensitivity_analysis/cliquesnv/TF005_T10/PRJNA1130896/SRR29692929/SRR29692929.fasta,/root/autodl-tmp/RSV-A-v_nogenotype/data/processed_data_v2/sensitivity_analysis/cliquesnv/TF005_T10/PRJNA1130896/SRR29692929/SRR29692929.json,/root/autodl-tmp/RSV-A-v_nogenotype/data/processed_data_v2/sensitivity_analysis/cliquesnv/TF005_T10/PRJNA1130896/SRR29692929/cliquesnv.log,PRJNA1130896,United States,TF005_T10,0.05,10
SRR29692939,cached,0.0,/root/autodl-tmp/RSV-A-v_nogenotype/data/processed_data_v2/sensitivity_analysis/cliquesnv/TF005_T10/PRJNA1130896/SRR29692939/SRR29692939.fasta,/root/autodl-tmp/RSV-A-v_nogenotype/data/processed_data_v2/sensitivity_analysis/cliquesnv/TF005_T10/PRJNA1130896/SRR29692939/SRR29692939.json,/root/autodl-tmp/RSV-A-v_nogenotype/data/processed_data_v2/sensitivity_analysis/cliquesnv/TF005_T10/PRJNA1130896/SRR29692939/cliquesnv.log,PRJNA1130896,United States,TF005_T10,0.05,10
SRR29692967,cached,0.0,/root/autodl-tmp/RSV-A-v_nogenotype/data/processed_data_v2/sensitivity_analysis/cliquesnv/TF005_T10/PRJNA1130896/SRR29692967/SRR29692967.fasta,/root/autodl-tmp/RSV-A-v_nogenotype/data/processed_data_v2/sensitivity_analysis/cliquesnv/TF005_T10/PRJNA1130896/SRR29692967/SRR29692967.json,/root/autodl-tmp/RSV-A-v_nogenotype/data/processed_data_v2/sensitivity_analysis/cliquesnv/TF005_T10/PRJNA1130896/SRR29692967/cliquesnv.log,PRJNA1130896,United States,TF005_T10,0.05,10
SRR29692865,cached,0.0,/root/autodl-tmp/RSV-A-v_nogenotype/data/processed_data_v2/sensitivity_analysis/cliquesnv/TF005_T10/PRJNA1130896/SRR29692865/SRR29692865.fasta,/root/autodl-tmp/RSV-A-v_nogenotype/data/processed_data_v2/sensitivity_analysis/cliquesnv/TF005_T10/PRJNA1130896/SRR29692865/SRR29692865.json,/root/autodl-tmp/RSV-A-v_nogenotype/data/processed_data_v2/sensitivity_analysis/cliquesnv/TF005_T10/PRJNA1130896/SRR29692865/cliquesnv.log,PRJNA1130896,United States,TF005_T10,0.05,10
SRR29692975,cached,0.0,/root/autodl-tmp/RSV-A-v_nogenotype/data/processed_data_v2/sensitivity_analysis/cliquesnv/TF005_T10/PRJNA1130896/SRR29692975/SRR29692975.fasta,/root/autodl-tmp/RSV-A-v_nogenotype/data/processed_data_v2/sensitivity_analysis/cliquesnv/TF005_T10/PRJNA1130896/SRR29692975/SRR29692975.json,/root/autodl-tmp/RSV-A-v_nogenotype/data/processed_data_v2/sensitivity_analysis/cliquesnv/TF005_T10/PRJNA1130896/SRR29692975/cliquesnv.log,PRJNA1130896,United States,TF005_T10,0.05,10
SRR29692941,cached,0.0,/root/autodl-tmp/RSV-A-v_nogenotype/data/processed_data_v2/sensitivity_analysis/cliquesnv/TF005_T10/PRJNA1130896/SRR29692941/SRR29692941.fasta,/root/autodl-tmp/RSV-A-v_nogenotype/data/processed_data_v2/sensitivity_analysis/cliquesnv/TF005_T10/PRJNA1130896/SRR29692941/SRR29692941.json,/root/autodl-tmp/RSV-A-v_nogenotype/data/processed_data_v2/sensitivity_analysis/cliquesnv/TF005_T10/PRJNA1130896/SRR29692941/cliquesnv.log,PRJNA1130896,United States,TF005_T10,0.05,10
SRR29692984,cached,0.0,/root/autodl-tmp/RSV-A-v_nogenotype/data/processed_data_v2/sensitivity_analysis/cliquesnv/TF005_T10/PRJNA1130896/SRR29692984/SRR29692984.fasta,/root/autodl-tmp/RSV-A-v_nogenotype/data/processed_data_v2/sensitivity_analysis/cliquesnv/TF005_T10/PRJNA1130896/SRR29692984/SRR29692984.json,/root/autodl-tmp/RSV-A-v_nogenotype/data/processed_data_v2/sensitivity_analysis/cliquesnv/TF005_T10/PRJNA1130896/SRR29692984/cliquesnv.log,PRJNA1130896,United States,TF005_T10,0.05,10
SRR29692981,cached,0.0,/root/autodl-tmp/RSV-A-v_nogenotype/data/processed_data_v2/sensitivity_analysis/cliquesnv/TF005_T10/PRJNA1130896/SRR29692981/SRR29692981.fasta,/root/autodl-tmp/RSV-A-v_nogenotype/data/processed_data_v2/sensitivity_analysis/cliquesnv/TF005_T10/PRJNA1130896/SRR29692981/SRR29692981.json,/root/autodl-tmp/RSV-A-v_nogenotype/data/processed_data_v2/sensitivity_analysis/cliquesnv/TF005_T10/PRJNA1130896/SRR29692981/cliquesnv.log,PRJNA1130896,United States,TF005_T10,0.05,10
SRR29692989,cached,0.0,/root/autodl-tmp/RSV-A-v_nogenotype/data/processed_data_v2/sensitivity_analysis/cliquesnv/TF005_T10/PRJNA1130896/SRR29692989/SRR29692989.fasta,/root/autodl-tmp/RSV-A-v_nogenotype/data/processed_data_v2/sensitivity_analysis/cliquesnv/TF005_T10/PRJNA1130896/SRR29692989/SRR29692989.json,/root/autodl-tmp/RSV-A-v_nogenotype/data/processed_data_v2/sensitivity_analysis/cliquesnv/TF005_T10/PRJNA1130896/SRR29692989/cliquesnv.log,PRJNA1130896,United States,TF005_T10,0.05,10
SRR29692974,cached,0.0,/root/autodl-tmp/RSV-A-v_nogenotype/data/processed_data_v2/sensitivity_analysis/cliquesnv/TF005_T10/PRJNA1130896/SRR29692974/SRR29692974.fasta,/root/autodl-tmp/RSV-A-v_nogenotype/data/processed_data_v2/sensitivity_analysis/cliquesnv/TF005_T10/PRJNA1130896/SRR29692974/SRR29692974.json,/root/autodl-tmp/RSV-A-v_nogenotype/data/processed_data_v2/sensitivity_analysis/cliquesnv/TF005_T10/PRJNA1130896/SRR29692974/cliquesnv.log,PRJNA1130896,United States,TF005_T10,0.05,10
SRR29692982,cached,0.0,/root/autodl-tmp/RSV-A-v_nogenotype/data/processed_data_v2/sensitivity_analysis/cliquesnv/TF005_T10/PRJNA1130896/SRR29692982/SRR29692982.fasta,/root/autodl-tmp/RSV-A-v_nogenotype/data/processed_data_v2/sensitivity_analysis/cliquesnv/TF005_T10/PRJNA1130896/SRR29692982/SRR29692982.json,/root/autodl-tmp/RSV-A-v_nogenotype/data/processed_data_v2/sensitivity_analysis/cliquesnv/TF005_T10/PRJNA1130896/SRR29692982/cliquesnv.log,PRJNA1130896,United States,TF005_T10,0.05,10
SRR29692991,cached,0.0,/root/autodl-tmp/RSV-A-v_nogenotype/data/processed_data_v2/sensitivity_analysis/cliquesnv/TF005_T10/PRJNA1130896/SRR29692991/SRR29692991.fasta,/root/autodl-tmp/RSV-A-v_nogenotype/data/processed_data_v2/sensitivity_analysis/cliquesnv/TF005_T10/PRJNA1130896/SRR29692991/SRR29692991.json,/root/autodl-tmp/RSV-A-v_nogenotype/data/processed_data_v2/sensitivity_analysis/cliquesnv/TF005_T10/PRJNA1130896/SRR29692991/cliquesnv.log,PRJNA1130896,United States,TF005_T10,0.05,10
SRR29692985,cached,0.0,/root/autodl-tmp/RSV-A-v_nogenotype/data/processed_data_v2/sensitivity_analysis/cliquesnv/TF005_T10/PRJNA1130896/SRR29692985/SRR29692985.fasta,/root/autodl-tmp/RSV-A-v_nogenotype/data/processed_data_v2/sensitivity_analysis/cliquesnv/TF005_T10/PRJNA1130896/SRR29692985/SRR29692985.json,/root/autodl-tmp/RSV-A-v_nogenotype/data/processed_data_v2/sensitivity_analysis/cliquesnv/TF005_T10/PRJNA1130896/SRR29692985/cliquesnv.log,PRJNA1130896,United States,TF005_T10,0.05,10
SRR29692880,cached,0.0,/root/autodl-tmp/RSV-A-v_nogenotype/data/processed_data_v2/sensitivity_analysis/cliquesnv/TF005_T10/PRJNA1130896/SRR29692880/SRR29692880.fasta,/root/autodl-tmp/RSV-A-v_nogenotype/data/processed_data_v2/sensitivity_analysis/cliquesnv/TF005_T10/PRJNA1130896/SRR29692880/SRR29692880.json,/root/autodl-tmp/RSV-A-v_nogenotype/data/processed_data_v2/sensitivity_analysis/cliquesnv/TF005_T10/PRJNA1130896/SRR29692880/cliquesnv.log,PRJNA1130896,United States,TF005_T10,0.05,10
SRR29692965,cached,0.0,/root/autodl-tmp/RSV-A-v_nogenotype/data/processed_data_v2/sensitivity_analysis/cliquesnv/TF005_T10/PRJNA1130896/SRR29692965/SRR29692965.fasta,/root/autodl-tmp/RSV-A-v_nogenotype/data/processed_data_v2/sensitivity_analysis/cliquesnv/TF005_T10/PRJNA1130896/SRR29692965/SRR29692965.json,/root/autodl-tmp/RSV-A-v_nogenotype/data/processed_data_v2/sensitivity_analysis/cliquesnv/TF005_T10/PRJNA1130896/SRR29692965/cliquesnv.log,PRJNA1130896,United States,TF005_T10,0.05,10
SRR29693057,cached,0.0,/root/autodl-tmp/RSV-A-v_nogenotype/data/processed_data_v2/sensitivity_analysis/cliquesnv/TF005_T10/PRJNA1130896/SRR29693057/SRR29693057.fasta,/root/autodl-tmp/RSV-A-v_nogenotype/data/processed_data_v2/sensitivity_analysis/cliquesnv/TF005_T10/PRJNA1130896/SRR29693057/SRR29693057.json,/root/autodl-tmp/RSV-A-v_nogenotype/data/processed_data_v2/sensitivity_analysis/cliquesnv/TF005_T10/PRJNA1130896/SRR29693057/cliquesnv.log,PRJNA1130896,United States,TF005_T10,0.05,10
SRR29693058,cached,0.0,/root/autodl-tmp/RSV-A-v_nogenotype/data/processed_data_v2/sensitivity_analysis/cliquesnv/TF005_T10/PRJNA1130896/SRR29693058/SRR29693058.fasta,/root/autodl-tmp/RSV-A-v_nogenotype/data/processed_data_v2/sensitivity_analysis/cliquesnv/TF005_T10/PRJNA1130896/SRR29693058/SRR29693058.json,/root/autodl-tmp/RSV-A-v_nogenotype/data/processed_data_v2/sensitivity_analysis/cliquesnv/TF005_T10/PRJNA1130896/SRR29693058/cliquesnv.log,PRJNA1130896,United States,TF005_T10,0.05,10
SRR29692943,cached,0.0,/root/autodl-tmp/RSV-A-v_nogenotype/data/processed_data_v2/sensitivity_analysis/cliquesnv/TF005_T10/PRJNA1130896/SRR29692943/SRR29692943.fasta,/root/autodl-tmp/RSV-A-v_nogenotype/data/processed_data_v2/sensitivity_analysis/cliquesnv/TF005_T10/PRJNA1130896/SRR29692943/SRR29692943.json,/root/autodl-tmp/RSV-A-v_nogenotype/data/processed_data_v2/sensitivity_analysis/cliquesnv/TF005_T10/PRJNA1130896/SRR29692943/cliquesnv.log,PRJNA1130896,United States,TF005_T10,0.05,10
SRR29692977,cached,0.0,/root/autodl-tmp/RSV-A-v_nogenotype/data/processed_data_v2/sensitivity_analysis/cliquesnv/TF005_T10/PRJNA1130896/SRR29692977/SRR29692977.fasta,/root/autodl-tmp/RSV-A-v_nogenotype/data/processed_data_v2/sensitivity_analysis/cliquesnv/TF005_T10/PRJNA1130896/SRR29692977/SRR29692977.json,/root/autodl-tmp/RSV-A-v_nogenotype/data/processed_data_v2/sensitivity_analysis/cliquesnv/TF005_T10/PRJNA1130896/SRR29692977/cliquesnv.log,PRJNA1130896,United States,TF005_T10,0.05,10
SRR29692998,cached,0.0,/root/autodl-tmp/RSV-A-v_nogenotype/data/processed_data_v2/sensitivity_analysis/cliquesnv/TF005_T10/PRJNA1130896/SRR29692998/SRR29692998.fasta,/root/autodl-tmp/RSV-A-v_nogenotype/data/processed_data_v2/sensitivity_analysis/cliquesnv/TF005_T10/PRJNA1130896/SRR29692998/SRR29692998.json,/root/autodl-tmp/RSV-A-v_nogenotype/data/processed_data_v2/sensitivity_analysis/cliquesnv/TF005_T10/PRJNA1130896/SRR29692998/cliquesnv.log,PRJNA1130896,United States,TF005_T10,0.05,10
SRR29693060,cached,0.0,/root/autodl-tmp/RSV-A-v_nogenotype/data/processed_data_v2/sensitivity_analysis/cliquesnv/TF005_T10/PRJNA1130896/SRR29693060/SRR29693060.fasta,/root/autodl-tmp/RSV-A-v_nogenotype/data/processed_data_v2/sensitivity_analysis/cliquesnv/TF005_T10/PRJNA1130896/SRR29693060/SRR29693060.json,/root/autodl-tmp/RSV-A-v_nogenotype/data/processed_data_v2/sensitivity_analysis/cliquesnv/TF005_T10/PRJNA1130896/SRR29693060/cliquesnv.log,PRJNA1130896,United States,TF005_T10,0.05,10
SRR29693059,cached,0.0,/root/autodl-tmp/RSV-A-v_nogenotype/data/processed_data_v2/sensitivity_analysis/cliquesnv/TF005_T10/PRJNA1130896/SRR29693059/SRR29693059.fasta,/root/autodl-tmp/RSV-A-v_nogenotype/data/processed_data_v2/sensitivity_analysis/cliquesnv/TF005_T10/PRJNA1130896/SRR29693059/SRR29693059.json,/root/autodl-tmp/RSV-A-v_nogenotype/data/processed_data_v2/sensitivity_analysis/cliquesnv/TF005_T10/PRJNA1130896/SRR29693059/cliquesnv.log,PRJNA1130896,United States,TF005_T10,0.05,10
